-- MySQL dump 10.13  Distrib 5.5.42, for Linux (x86_64)
--
-- Host: localhost    Database: devarapp_client_hbc
-- ------------------------------------------------------
-- Server version	5.5.42-cll

/*!40101 SET @OLD_CHARACTER_SET_CLIENT=@@CHARACTER_SET_CLIENT */;
/*!40101 SET @OLD_CHARACTER_SET_RESULTS=@@CHARACTER_SET_RESULTS */;
/*!40101 SET @OLD_COLLATION_CONNECTION=@@COLLATION_CONNECTION */;
/*!40101 SET NAMES utf8 */;
/*!40103 SET @OLD_TIME_ZONE=@@TIME_ZONE */;
/*!40103 SET TIME_ZONE='+00:00' */;
/*!40014 SET @OLD_UNIQUE_CHECKS=@@UNIQUE_CHECKS, UNIQUE_CHECKS=0 */;
/*!40014 SET @OLD_FOREIGN_KEY_CHECKS=@@FOREIGN_KEY_CHECKS, FOREIGN_KEY_CHECKS=0 */;
/*!40101 SET @OLD_SQL_MODE=@@SQL_MODE, SQL_MODE='NO_AUTO_VALUE_ON_ZERO' */;
/*!40111 SET @OLD_SQL_NOTES=@@SQL_NOTES, SQL_NOTES=0 */;

--
-- Table structure for table `attrib_ref`
--

DROP TABLE IF EXISTS `attrib_ref`;
/*!40101 SET @saved_cs_client     = @@character_set_client */;
/*!40101 SET character_set_client = utf8 */;
CREATE TABLE `attrib_ref` (
  `attrib_ref_id` int(10) NOT NULL AUTO_INCREMENT,
  `prod_id` int(10) NOT NULL,
  `attrib_id` int(10) NOT NULL,
  `attrib_value` varchar(100) DEFAULT NULL,
  PRIMARY KEY (`attrib_ref_id`),
  FULLTEXT KEY `attrib_value` (`attrib_value`)
) ENGINE=MyISAM DEFAULT CHARSET=latin1;
/*!40101 SET character_set_client = @saved_cs_client */;

--
-- Dumping data for table `attrib_ref`
--

LOCK TABLES `attrib_ref` WRITE;
/*!40000 ALTER TABLE `attrib_ref` DISABLE KEYS */;
/*!40000 ALTER TABLE `attrib_ref` ENABLE KEYS */;
UNLOCK TABLES;

--
-- Table structure for table `cat_ref`
--

DROP TABLE IF EXISTS `cat_ref`;
/*!40101 SET @saved_cs_client     = @@character_set_client */;
/*!40101 SET character_set_client = utf8 */;
CREATE TABLE `cat_ref` (
  `cat_ref_id` int(10) NOT NULL AUTO_INCREMENT,
  `cat_parent_id` int(10) NOT NULL,
  `cat_id` int(10) NOT NULL,
  PRIMARY KEY (`cat_ref_id`)
) ENGINE=InnoDB AUTO_INCREMENT=9 DEFAULT CHARSET=latin1;
/*!40101 SET character_set_client = @saved_cs_client */;

--
-- Dumping data for table `cat_ref`
--

LOCK TABLES `cat_ref` WRITE;
/*!40000 ALTER TABLE `cat_ref` DISABLE KEYS */;
INSERT INTO `cat_ref` VALUES (1,0,1),(2,0,2),(3,2,3),(4,2,4),(5,2,5),(6,1,6),(7,1,7),(8,1,8);
/*!40000 ALTER TABLE `cat_ref` ENABLE KEYS */;
UNLOCK TABLES;

--
-- Table structure for table `order_details`
--

DROP TABLE IF EXISTS `order_details`;
/*!40101 SET @saved_cs_client     = @@character_set_client */;
/*!40101 SET character_set_client = utf8 */;
CREATE TABLE `order_details` (
  `order_details_id` int(10) NOT NULL AUTO_INCREMENT,
  `order_id` int(10) NOT NULL,
  `prod_id` int(10) NOT NULL,
  `prod_name` varchar(256) NOT NULL,
  `prod_price` decimal(10,2) NOT NULL,
  `prod_quantity` decimal(10,2) NOT NULL,
  `prod_attribs` text NOT NULL,
  PRIMARY KEY (`order_details_id`)
) ENGINE=InnoDB AUTO_INCREMENT=288 DEFAULT CHARSET=latin1;
/*!40101 SET character_set_client = @saved_cs_client */;

--
-- Dumping data for table `order_details`
--

LOCK TABLES `order_details` WRITE;
/*!40000 ALTER TABLE `order_details` DISABLE KEYS */;
INSERT INTO `order_details` VALUES (1,1,6771,'SPORT Scoopneck Tank',29.00,1.00,''),(2,2,6783,'TOMMY HILFIGER Knit Sweater Jacket',199.00,1.00,''),(3,3,6770,'Sequined Tops',89.00,1.00,''),(4,3,6771,'SPORT Scoopneck Tank',29.00,1.00,''),(5,4,6778,'ADIDAS Sleeveless Tee',35.00,1.00,''),(6,5,6778,'ADIDAS Sleeveless Tee',35.00,1.00,''),(7,5,6786,'PEGABO Squadrito',120.00,1.00,''),(8,6,6780,'ADIDAS Camo Tee',30.00,1.00,''),(9,7,6778,'ADIDAS Sleeveless Tee',35.00,1.00,''),(10,8,6778,'ADIDAS Sleeveless Tee',35.00,1.00,''),(11,9,6779,'ADIDAS Climachill Tee',60.00,6.00,''),(12,10,6779,'ADIDAS Climachill Tee',60.00,6.00,''),(13,11,6779,'ADIDAS Climachill Tee',60.00,6.00,''),(14,12,6779,'ADIDAS Climachill Tee',60.00,6.00,''),(15,13,6770,'Sequined Tops',89.00,1.00,''),(16,14,6778,'ADIDAS Sleeveless Tee',35.00,1.00,''),(17,15,6778,'ADIDAS Sleeveless Tee',35.00,1.00,''),(18,16,6778,'ADIDAS Sleeveless Tee',35.00,1.00,''),(19,17,6778,'ADIDAS Sleeveless Tee',35.00,1.00,''),(20,18,6778,'ADIDAS Sleeveless Tee',35.00,1.00,''),(21,19,6778,'ADIDAS Sleeveless Tee',35.00,1.00,''),(22,20,6778,'ADIDAS Sleeveless Tee',35.00,1.00,''),(23,21,6778,'ADIDAS Sleeveless Tee',35.00,1.00,''),(24,22,6778,'ADIDAS Sleeveless Tee',35.00,1.00,''),(25,23,6778,'ADIDAS Sleeveless Tee',35.00,1.00,''),(26,24,6778,'ADIDAS Sleeveless Tee',35.00,1.00,''),(27,25,6778,'ADIDAS Sleeveless Tee',35.00,1.00,''),(28,26,6778,'ADIDAS Sleeveless Tee',35.00,1.00,''),(29,27,6778,'ADIDAS Sleeveless Tee',35.00,1.00,''),(30,28,6778,'ADIDAS Sleeveless Tee',35.00,1.00,''),(31,29,6778,'ADIDAS Sleeveless Tee',35.00,1.00,''),(32,30,6778,'ADIDAS Sleeveless Tee',35.00,1.00,''),(33,31,6778,'ADIDAS Sleeveless Tee',35.00,1.00,''),(34,32,6778,'ADIDAS Sleeveless Tee',35.00,1.00,''),(35,33,6778,'ADIDAS Sleeveless Tee',35.00,1.00,''),(36,34,6778,'ADIDAS Sleeveless Tee',35.00,1.00,''),(37,35,6778,'ADIDAS Sleeveless Tee',35.00,1.00,''),(38,36,6778,'ADIDAS Sleeveless Tee',35.00,1.00,''),(39,37,6778,'ADIDAS Sleeveless Tee',35.00,1.00,''),(40,38,6777,'ADIDAS Adria',70.00,1.00,''),(41,39,6777,'ADIDAS Adria',70.00,1.00,''),(42,40,6777,'ADIDAS Adria',70.00,1.00,''),(43,41,6777,'ADIDAS Adria',70.00,1.00,''),(44,42,6777,'ADIDAS Adria',70.00,1.00,''),(45,43,6778,'ADIDAS Sleeveless Tee',35.00,1.00,''),(46,44,6778,'ADIDAS Sleeveless Tee',35.00,1.00,''),(47,45,6778,'ADIDAS Sleeveless Tee',35.00,1.00,''),(48,46,6778,'ADIDAS Sleeveless Tee',35.00,1.00,''),(49,47,6778,'ADIDAS Sleeveless Tee',35.00,1.00,''),(50,48,6786,'PEGABO Squadrito',120.00,2.00,''),(51,49,6786,'PEGABO Squadrito',120.00,2.00,''),(52,50,6786,'PEGABO Squadrito',120.00,2.00,''),(53,51,6786,'PEGABO Squadrito',120.00,2.00,''),(54,52,6786,'PEGABO Squadrito',120.00,2.00,''),(55,53,6775,'Women mid boots leather',195.00,1.00,''),(56,54,6775,'Women mid boots leather',195.00,1.00,''),(57,55,6775,'Women mid boots leather',195.00,1.00,''),(58,56,6775,'Women mid boots leather',195.00,1.00,''),(59,57,6775,'Women mid boots leather',195.00,1.00,''),(60,58,6775,'Women mid boots leather',195.00,1.00,''),(61,59,6775,'Women mid boots leather',195.00,1.00,''),(62,60,6775,'Women mid boots leather',195.00,1.00,''),(63,61,6778,'ADIDAS Sleeveless Tee',35.00,1.00,''),(64,62,6778,'ADIDAS Sleeveless Tee',35.00,1.00,''),(65,63,6778,'ADIDAS Sleeveless Tee',35.00,1.00,''),(66,64,6778,'ADIDAS Sleeveless Tee',35.00,1.00,''),(67,65,6778,'ADIDAS Sleeveless Tee',35.00,1.00,''),(68,66,6778,'ADIDAS Sleeveless Tee',35.00,1.00,''),(69,67,6778,'ADIDAS Sleeveless Tee',35.00,1.00,''),(70,68,6778,'ADIDAS Sleeveless Tee',35.00,1.00,''),(71,69,6778,'ADIDAS Sleeveless Tee',35.00,1.00,''),(72,70,6778,'ADIDAS Sleeveless Tee',35.00,1.00,''),(73,71,6778,'ADIDAS Sleeveless Tee',35.00,1.00,''),(74,72,6778,'ADIDAS Sleeveless Tee',35.00,1.00,''),(75,73,6778,'ADIDAS Sleeveless Tee',35.00,1.00,''),(76,74,6778,'ADIDAS Sleeveless Tee',35.00,1.00,''),(77,75,6778,'ADIDAS Sleeveless Tee',35.00,1.00,''),(78,76,6778,'ADIDAS Sleeveless Tee',35.00,1.00,''),(79,77,6778,'ADIDAS Sleeveless Tee',35.00,1.00,''),(80,78,6778,'ADIDAS Sleeveless Tee',35.00,1.00,''),(81,79,6778,'ADIDAS Sleeveless Tee',35.00,1.00,''),(82,80,6778,'ADIDAS Sleeveless Tee',35.00,1.00,''),(83,81,6781,'BENCH Activate Jacket',129.00,1.00,''),(84,82,6781,'BENCH Activate Jacket',129.00,1.00,''),(85,83,6781,'BENCH Activate Jacket',129.00,1.00,''),(86,84,6781,'BENCH Activate Jacket',129.00,1.00,''),(87,85,6781,'BENCH Activate Jacket',129.00,1.00,''),(88,86,6781,'BENCH Activate Jacket',129.00,1.00,''),(89,87,6781,'BENCH Activate Jacket',129.00,1.00,''),(90,88,6781,'BENCH Activate Jacket',129.00,1.00,''),(91,89,6781,'BENCH Activate Jacket',129.00,1.00,''),(92,90,6781,'BENCH Activate Jacket',129.00,1.00,''),(93,91,6781,'BENCH Activate Jacket',129.00,1.00,''),(94,92,6781,'BENCH Activate Jacket',129.00,1.00,''),(95,93,6778,'ADIDAS Sleeveless Tee',35.00,1.00,''),(96,94,6778,'ADIDAS Sleeveless Tee',35.00,1.00,''),(97,95,6778,'ADIDAS Sleeveless Tee',35.00,1.00,''),(98,96,6778,'ADIDAS Sleeveless Tee',35.00,1.00,''),(99,97,6778,'ADIDAS Sleeveless Tee',35.00,1.00,''),(100,98,6778,'ADIDAS Sleeveless Tee',35.00,1.00,''),(101,99,6778,'ADIDAS Sleeveless Tee',35.00,1.00,''),(102,100,6778,'ADIDAS Sleeveless Tee',35.00,1.00,''),(103,101,6778,'ADIDAS Sleeveless Tee',35.00,1.00,''),(104,102,6778,'ADIDAS Sleeveless Tee',35.00,1.00,''),(105,103,6778,'ADIDAS Sleeveless Tee',35.00,1.00,''),(106,104,6778,'ADIDAS Sleeveless Tee',35.00,1.00,''),(107,105,6778,'ADIDAS Sleeveless Tee',35.00,1.00,''),(108,106,6778,'ADIDAS Sleeveless Tee',35.00,1.00,''),(109,107,6778,'ADIDAS Sleeveless Tee',35.00,1.00,''),(110,108,6778,'ADIDAS Sleeveless Tee',35.00,1.00,''),(111,109,6778,'ADIDAS Sleeveless Tee',35.00,1.00,''),(112,110,6778,'ADIDAS Sleeveless Tee',35.00,1.00,''),(113,111,6778,'ADIDAS Sleeveless Tee',35.00,1.00,''),(114,112,6778,'ADIDAS Sleeveless Tee',35.00,1.00,''),(115,113,6778,'ADIDAS Sleeveless Tee',35.00,1.00,''),(116,114,6778,'ADIDAS Sleeveless Tee',35.00,1.00,''),(117,115,6778,'ADIDAS Sleeveless Tee',35.00,1.00,''),(118,116,6778,'ADIDAS Sleeveless Tee',35.00,1.00,''),(119,117,6778,'ADIDAS Sleeveless Tee',35.00,1.00,''),(120,118,6778,'ADIDAS Sleeveless Tee',35.00,1.00,''),(121,119,6778,'ADIDAS Sleeveless Tee',35.00,1.00,''),(122,120,6778,'ADIDAS Sleeveless Tee',35.00,1.00,''),(123,121,6778,'ADIDAS Sleeveless Tee',35.00,1.00,''),(124,122,6778,'ADIDAS Sleeveless Tee',35.00,1.00,''),(125,123,6778,'ADIDAS Sleeveless Tee',35.00,1.00,''),(126,124,6778,'ADIDAS Sleeveless Tee',35.00,1.00,''),(127,125,6778,'ADIDAS Sleeveless Tee',35.00,1.00,''),(128,126,6778,'ADIDAS Sleeveless Tee',35.00,1.00,''),(129,127,6778,'ADIDAS Sleeveless Tee',35.00,1.00,''),(130,128,6778,'ADIDAS Sleeveless Tee',35.00,1.00,''),(131,129,6778,'ADIDAS Sleeveless Tee',35.00,1.00,''),(132,130,6778,'ADIDAS Sleeveless Tee',35.00,1.00,''),(133,131,6778,'ADIDAS Sleeveless Tee',35.00,1.00,''),(134,132,6778,'ADIDAS Sleeveless Tee',35.00,1.00,''),(135,133,6778,'ADIDAS Sleeveless Tee',35.00,1.00,''),(136,134,6778,'ADIDAS Sleeveless Tee',35.00,1.00,''),(137,135,6778,'ADIDAS Sleeveless Tee',35.00,1.00,''),(138,136,6778,'ADIDAS Sleeveless Tee',35.00,1.00,''),(139,137,6778,'ADIDAS Sleeveless Tee',35.00,1.00,''),(140,138,6778,'ADIDAS Sleeveless Tee',35.00,1.00,''),(141,139,6778,'ADIDAS Sleeveless Tee',35.00,1.00,''),(142,140,6778,'ADIDAS Sleeveless Tee',35.00,1.00,''),(143,141,6778,'ADIDAS Sleeveless Tee',35.00,1.00,''),(144,142,6778,'ADIDAS Sleeveless Tee',35.00,1.00,''),(145,143,6778,'ADIDAS Sleeveless Tee',35.00,1.00,''),(146,144,6778,'ADIDAS Sleeveless Tee',35.00,1.00,''),(147,145,6778,'ADIDAS Sleeveless Tee',35.00,1.00,''),(148,146,6772,'Slim Peplum Jacket',90.00,1.00,''),(149,147,6772,'Slim Peplum Jacket',90.00,1.00,''),(150,148,6772,'Slim Peplum Jacket',90.00,1.00,''),(151,149,6772,'Slim Peplum Jacket',90.00,1.00,''),(152,150,6772,'Slim Peplum Jacket',90.00,1.00,''),(153,151,6772,'Slim Peplum Jacket',90.00,1.00,''),(154,152,6772,'Slim Peplum Jacket',90.00,1.00,''),(155,153,6772,'Slim Peplum Jacket',90.00,1.00,''),(156,154,6772,'Slim Peplum Jacket',90.00,1.00,''),(157,155,6772,'Slim Peplum Jacket',90.00,1.00,''),(158,156,6772,'Slim Peplum Jacket',90.00,1.00,''),(159,157,6772,'Slim Peplum Jacket',90.00,1.00,''),(160,158,6772,'Slim Peplum Jacket',90.00,1.00,''),(161,159,6772,'Slim Peplum Jacket',90.00,1.00,''),(162,160,6786,'PEGABO Squadrito',120.00,1.00,''),(163,161,6786,'PEGABO Squadrito',120.00,1.00,''),(164,162,6786,'PEGABO Squadrito',120.00,1.00,''),(165,163,6786,'PEGABO Squadrito',120.00,1.00,''),(166,164,6786,'PEGABO Squadrito',120.00,1.00,''),(167,165,6786,'PEGABO Squadrito',120.00,1.00,''),(168,166,6786,'PEGABO Squadrito',120.00,1.00,''),(169,167,6786,'PEGABO Squadrito',120.00,1.00,''),(170,168,6786,'PEGABO Squadrito',120.00,1.00,''),(171,169,6786,'PEGABO Squadrito',120.00,1.00,''),(172,170,6786,'PEGABO Squadrito',120.00,1.00,''),(173,171,6786,'PEGABO Squadrito',120.00,1.00,''),(174,172,6786,'PEGABO Squadrito',120.00,1.00,''),(175,173,6786,'PEGABO Squadrito',120.00,1.00,''),(176,174,6786,'PEGABO Squadrito',120.00,1.00,''),(177,175,6786,'PEGABO Squadrito',120.00,1.00,''),(178,176,6786,'PEGABO Squadrito',120.00,1.00,''),(179,177,6786,'PEGABO Squadrito',120.00,1.00,''),(180,178,6786,'PEGABO Squadrito',120.00,1.00,''),(181,179,6786,'PEGABO Squadrito',120.00,1.00,''),(182,180,6786,'PEGABO Squadrito',120.00,1.00,''),(183,181,6786,'PEGABO Squadrito',120.00,1.00,''),(184,182,6786,'PEGABO Squadrito',120.00,1.00,''),(185,183,6786,'PEGABO Squadrito',120.00,1.00,''),(186,184,6786,'PEGABO Squadrito',120.00,1.00,''),(187,185,6786,'PEGABO Squadrito',120.00,1.00,''),(188,186,6786,'PEGABO Squadrito',120.00,1.00,''),(189,187,6786,'PEGABO Squadrito',120.00,1.00,''),(190,188,6786,'PEGABO Squadrito',120.00,1.00,''),(191,189,6786,'PEGABO Squadrito',120.00,1.00,''),(192,190,6786,'PEGABO Squadrito',120.00,1.00,''),(193,191,6786,'PEGABO Squadrito',120.00,1.00,''),(194,192,6786,'PEGABO Squadrito',120.00,1.00,''),(195,193,6786,'PEGABO Squadrito',120.00,1.00,''),(196,194,6786,'PEGABO Squadrito',120.00,1.00,''),(197,195,6786,'PEGABO Squadrito',120.00,1.00,''),(198,196,6786,'PEGABO Squadrito',120.00,1.00,''),(199,197,6786,'PEGABO Squadrito',120.00,1.00,''),(200,198,6786,'PEGABO Squadrito',120.00,1.00,''),(201,199,6786,'PEGABO Squadrito',120.00,1.00,''),(202,200,6786,'PEGABO Squadrito',120.00,1.00,''),(203,201,6786,'PEGABO Squadrito',120.00,1.00,''),(204,202,6786,'PEGABO Squadrito',120.00,1.00,''),(205,203,6786,'PEGABO Squadrito',120.00,1.00,''),(206,204,6786,'PEGABO Squadrito',120.00,1.00,''),(207,205,6786,'PEGABO Squadrito',120.00,1.00,''),(208,206,6786,'PEGABO Squadrito',120.00,1.00,''),(209,207,6786,'PEGABO Squadrito',120.00,1.00,''),(210,208,6779,'ADIDAS Climachill Tee',60.00,1.00,''),(211,209,6779,'ADIDAS Climachill Tee',60.00,1.00,''),(212,210,6779,'ADIDAS Climachill Tee',60.00,1.00,''),(213,211,6779,'ADIDAS Climachill Tee',60.00,1.00,''),(214,212,6779,'ADIDAS Climachill Tee',60.00,1.00,''),(215,213,6779,'ADIDAS Climachill Tee',60.00,1.00,''),(216,213,6775,'Women mid boots leather',195.00,1.00,''),(217,213,6777,'ADIDAS Adria',70.00,1.00,''),(218,213,6778,'ADIDAS Sleeveless Tee',35.00,1.00,''),(219,214,6775,'Women mid boots leather',195.00,1.00,''),(220,214,6778,'ADIDAS Sleeveless Tee',35.00,1.00,''),(221,215,6775,'Women mid boots leather',195.00,1.00,''),(222,215,6778,'ADIDAS Sleeveless Tee',35.00,1.00,''),(223,216,6775,'Women mid boots leather',195.00,1.00,''),(224,216,6778,'ADIDAS Sleeveless Tee',35.00,1.00,''),(225,217,6778,'ADIDAS Sleeveless Tee',35.00,1.00,''),(226,218,6778,'ADIDAS Sleeveless Tee',35.00,1.00,''),(227,219,6778,'ADIDAS Sleeveless Tee',35.00,1.00,''),(228,220,6778,'ADIDAS Sleeveless Tee',35.00,1.00,''),(229,221,6785,'DOCKERS Gordon',100.00,1.00,''),(230,222,6785,'DOCKERS Gordon',100.00,1.00,''),(231,223,6785,'DOCKERS Gordon',100.00,1.00,''),(232,224,6785,'DOCKERS Gordon',100.00,1.00,''),(233,225,6785,'DOCKERS Gordon',100.00,1.00,''),(234,226,6777,'ADIDAS Adria',70.00,5.00,''),(235,227,6777,'ADIDAS Adria',70.00,5.00,''),(236,228,6777,'ADIDAS Adria',70.00,5.00,''),(237,229,6777,'ADIDAS Adria',70.00,1.00,''),(238,230,6773,'Slim Peplum Zip Jacket',95.00,1.00,''),(239,230,6774,'Light Stone Borg Western Jacket',110.00,1.00,''),(240,231,6773,'Slim Peplum Zip Jacket',95.00,1.00,''),(241,231,6774,'Light Stone Borg Western Jacket',110.00,1.00,''),(242,232,6773,'Slim Peplum Zip Jacket',95.00,1.00,''),(243,232,6774,'Light Stone Borg Western Jacket',110.00,1.00,''),(244,233,6779,'ADIDAS Climachill Tee',60.00,1.00,''),(245,234,6779,'ADIDAS Climachill Tee',60.00,1.00,''),(246,235,6779,'ADIDAS Climachill Tee',60.00,1.00,''),(247,236,6779,'ADIDAS Climachill Tee',60.00,1.00,''),(248,237,6779,'ADIDAS Climachill Tee',60.00,1.00,''),(249,238,6779,'ADIDAS Climachill Tee',60.00,1.00,''),(250,239,6779,'ADIDAS Climachill Tee',60.00,1.00,''),(251,240,6779,'ADIDAS Climachill Tee',60.00,1.00,''),(252,241,6779,'ADIDAS Climachill Tee',60.00,1.00,''),(253,242,6779,'ADIDAS Climachill Tee',60.00,1.00,''),(254,243,6778,'ADIDAS Sleeveless Tee',35.00,1.00,''),(255,244,6779,'ADIDAS Climachill Tee',60.00,1.00,''),(256,245,6779,'ADIDAS Climachill Tee',60.00,1.00,''),(257,246,6779,'ADIDAS Climachill Tee',60.00,1.00,''),(258,247,6779,'ADIDAS Climachill Tee',60.00,1.00,''),(259,248,6779,'ADIDAS Climachill Tee',60.00,1.00,''),(260,249,6779,'ADIDAS Climachill Tee',60.00,1.00,''),(261,250,6779,'ADIDAS Climachill Tee',60.00,1.00,''),(262,251,6779,'ADIDAS Climachill Tee',60.00,1.00,''),(263,252,6779,'ADIDAS Climachill Tee',60.00,1.00,''),(264,253,6779,'ADIDAS Climachill Tee',60.00,1.00,''),(265,254,6779,'ADIDAS Climachill Tee',60.00,1.00,''),(266,255,6779,'ADIDAS Climachill Tee',60.00,1.00,''),(267,256,6779,'ADIDAS Climachill Tee',60.00,1.00,''),(268,257,6779,'ADIDAS Climachill Tee',60.00,1.00,''),(269,258,6779,'ADIDAS Climachill Tee',60.00,1.00,''),(270,259,6779,'ADIDAS Climachill Tee',60.00,1.00,''),(271,260,6778,'ADIDAS Sleeveless Tee',35.00,1.00,''),(272,261,6779,'ADIDAS Climachill Tee',60.00,1.00,''),(273,262,6778,'ADIDAS Sleeveless Tee',35.00,1.00,''),(274,263,6780,'ADIDAS Camo Tee',30.00,1.00,''),(275,264,6780,'ADIDAS Camo Tee',30.00,1.00,''),(276,265,6778,'ADIDAS Sleeveless Tee',35.00,1.00,''),(277,265,6780,'ADIDAS Camo Tee',30.00,1.00,''),(278,265,6745,'Short Sleeve V-Neck Tee',10.00,1.00,''),(279,266,6780,'ADIDAS Camo Tee',30.00,1.00,''),(280,267,6778,'ADIDAS Sleeveless Tee',35.00,1.00,''),(281,268,6779,'ADIDAS Climachill Tee',60.00,1.00,''),(282,269,6778,'ADIDAS Sleeveless Tee',35.00,1.00,''),(283,270,6772,'Slim Peplum Jacket',90.00,1.00,''),(284,271,6778,'ADIDAS Sleeveless Tee',35.00,1.00,''),(285,272,6780,'ADIDAS Camo Tee',30.00,1.00,''),(286,273,6771,'SPORT Scoopneck Tank',29.00,1.00,''),(287,280,6778,'ADIDAS Sleeveless Tee',35.00,1.00,'');
/*!40000 ALTER TABLE `order_details` ENABLE KEYS */;
UNLOCK TABLES;

--
-- Table structure for table `order_offer`
--

DROP TABLE IF EXISTS `order_offer`;
/*!40101 SET @saved_cs_client     = @@character_set_client */;
/*!40101 SET character_set_client = utf8 */;
CREATE TABLE `order_offer` (
  `orders_offers_id` int(11) NOT NULL AUTO_INCREMENT,
  `order_id` int(11) NOT NULL,
  `offer_id` int(11) NOT NULL,
  `user_id` int(11) NOT NULL,
  `offer_discount` int(11) NOT NULL,
  `created_date` datetime NOT NULL,
  `updated_date` datetime NOT NULL,
  `status` int(11) NOT NULL,
  PRIMARY KEY (`orders_offers_id`)
) ENGINE=MyISAM AUTO_INCREMENT=2 DEFAULT CHARSET=latin1;
/*!40101 SET character_set_client = @saved_cs_client */;

--
-- Dumping data for table `order_offer`
--

LOCK TABLES `order_offer` WRITE;
/*!40000 ALTER TABLE `order_offer` DISABLE KEYS */;
INSERT INTO `order_offer` VALUES (1,280,197,9,3,'2015-06-06 03:15:34','0000-00-00 00:00:00',1);
/*!40000 ALTER TABLE `order_offer` ENABLE KEYS */;
UNLOCK TABLES;

--
-- Table structure for table `orders`
--

DROP TABLE IF EXISTS `orders`;
/*!40101 SET @saved_cs_client     = @@character_set_client */;
/*!40101 SET character_set_client = utf8 */;
CREATE TABLE `orders` (
  `order_id` int(10) NOT NULL AUTO_INCREMENT,
  `user_id` int(10) NOT NULL,
  `order_total` decimal(10,2) NOT NULL,
  `order_created_date` datetime NOT NULL,
  `order_updated_date` datetime NOT NULL,
  `order_status` tinyint(1) NOT NULL,
  `order_sales_tax` decimal(10,2) NOT NULL,
  `order_cart_total` decimal(10,2) NOT NULL,
  `order_shipping_cost` decimal(10,2) NOT NULL,
  `order_shipping_addr1` varchar(256) NOT NULL,
  `order_shipping_addr2` varchar(256) NOT NULL,
  `order_shipping_city` varchar(100) NOT NULL,
  `order_shipping_state` varchar(100) NOT NULL,
  `order_shipping_zip` varchar(100) NOT NULL,
  `order_shipping_country` varchar(100) NOT NULL,
  `order_shipping_method` varchar(256) NOT NULL,
  `order_session_id` varchar(256) NOT NULL,
  `user_pay_method_id` int(10) NOT NULL,
  PRIMARY KEY (`order_id`)
) ENGINE=InnoDB AUTO_INCREMENT=281 DEFAULT CHARSET=latin1;
/*!40101 SET character_set_client = @saved_cs_client */;

--
-- Dumping data for table `orders`
--

LOCK TABLES `orders` WRITE;
/*!40000 ALTER TABLE `orders` DISABLE KEYS */;
INSERT INTO `orders` VALUES (1,9,31.06,'2015-01-29 04:21:03','2015-01-29 04:21:03',0,2.06,29.00,0.00,'','','','','','','5-6 Business Days','20UWoI6h4XOdoOZS9HeXGVemeYoqWmP6PR65zGIo',0),(2,6,215.93,'2015-01-30 01:29:08','2015-01-30 01:29:08',0,16.93,199.00,0.00,'Arizona','block c','Arozon','AL','75768','USA','5-6 Business Days','8Br4UWU6uaCNDTZ2Z4vtn5UpE8ZqWGCuI1CUhd0G',0),(3,9,128.04,'2015-01-30 03:36:45','2015-01-30 03:36:45',0,10.04,118.00,0.00,'address','wghwg','hwhwtw','AL','52525622','US','5-6 Business Days','wXh8Vn9Yh6Xx1r9WcyXiV3nk1LbnMHJll2JAHkmO',0),(4,6,37.86,'2015-01-30 04:10:12','2015-01-30 04:10:12',0,2.86,35.00,0.00,'new','','chicago','IL','60194','USA','5-6 Business Days','BrHVSjwdDmLCzINw7r4LrdsCaBVxCO2l0iqQwSIr',0),(5,10,168.19,'2015-01-31 04:53:32','2015-01-31 04:53:32',0,13.19,155.00,0.00,'Addr','','col','AL','1234','US','5-6 Business Days','23atQLypdFbSRNkOooGfxA8PzBDyomMHx3eeVvnb',0),(6,9,32.55,'2015-02-02 06:13:09','2015-02-02 06:13:09',0,2.55,30.00,0.00,'schumburg','bishop ct','Chicago','AL','1234','US','5-6 Business Days','TuDoFl9eaVGILyV3CWZf5rQWJC06KCdv4J8tBq1b',0),(7,9,38.05,'2015-02-06 00:43:26','2015-02-06 00:43:26',0,3.05,35.00,0.00,'schumburg','bishop ct','Chicago','Ok','1234','US','5-6 Business Days','fssNdm0c3N7PrZ29EMHUwULJPG9W38flCXor51cn',0),(8,6,37.98,'2015-02-23 01:09:34','2015-02-23 01:09:34',0,2.98,35.00,0.00,'Arizona','block c','Arozon','AL','75768','US','5-6 Business Days','JDzmLv0lGj5vRNWIh69m0gfhalfDCOPfcRFGnpN8',0),(9,9,385.60,'2015-02-23 07:17:27','2015-02-23 07:17:27',0,25.60,360.00,0.00,'test','address','city','Oh','88390','US','5-6 Business Days','UKHKfKkgpnUOM1ZTrOgw6ISXIHdwp5SgFpJyHShG',0),(10,9,385.60,'2015-02-23 07:17:27','2015-02-23 07:17:27',0,25.60,360.00,0.00,'test','address','city','Oh','88390','US','5-6 Business Days','UKHKfKkgpnUOM1ZTrOgw6ISXIHdwp5SgFpJyHShG',0),(11,9,385.60,'2015-02-23 07:17:27','2015-02-23 07:17:27',0,25.60,360.00,0.00,'test','address','city','Oh','88390','US','5-6 Business Days','UKHKfKkgpnUOM1ZTrOgw6ISXIHdwp5SgFpJyHShG',0),(12,9,385.60,'2015-02-23 07:17:27','2015-02-23 07:18:18',0,25.60,360.00,0.00,'test','address','city','Oh','88390','US','5-6 Business Days','SMC1CAtUMSMabKSncJoEYBFBmUPn3KsuX2AboKyw',0),(13,9,96.76,'2015-02-24 04:39:18','2015-02-24 04:39:18',0,7.76,89.00,0.00,'schumburg','bishop ct','Chicago','Ok','1234','US','5-6 Business Days','pK6fYCSQj2b3f1SGUVSVgWOJVFPExxQn1NdlWl5P',0),(14,9,37.49,'2015-02-25 01:07:50','2015-02-25 01:07:50',0,2.49,35.00,0.00,'test','address','city','Oh','88390','US','5-6 Business Days','iyPZccSIPLm9QfuYEDLlowIaEpz6RSV1eoya79Nj',0),(15,9,37.49,'2015-02-25 01:07:50','2015-02-25 01:07:50',0,2.49,35.00,0.00,'test','address','city','Oh','88390','US','5-6 Business Days','iyPZccSIPLm9QfuYEDLlowIaEpz6RSV1eoya79Nj',0),(16,9,37.49,'2015-02-25 01:07:50','2015-02-25 01:07:50',0,2.49,35.00,0.00,'test','address','city','Oh','88390','US','5-6 Business Days','iyPZccSIPLm9QfuYEDLlowIaEpz6RSV1eoya79Nj',0),(17,9,37.49,'2015-02-25 01:07:50','2015-02-25 01:07:50',0,2.49,35.00,0.00,'test','address','city','Oh','88390','US','5-6 Business Days','iyPZccSIPLm9QfuYEDLlowIaEpz6RSV1eoya79Nj',0),(18,9,37.49,'2015-02-25 01:07:50','2015-02-25 01:07:50',0,2.49,35.00,0.00,'test','address','city','Oh','88390','US','5-6 Business Days','iyPZccSIPLm9QfuYEDLlowIaEpz6RSV1eoya79Nj',0),(19,9,37.49,'2015-02-25 01:07:50','2015-02-25 01:07:50',0,2.49,35.00,0.00,'test','address','city','Oh','88390','US','5-6 Business Days','iyPZccSIPLm9QfuYEDLlowIaEpz6RSV1eoya79Nj',0),(20,9,37.49,'2015-02-25 01:07:50','2015-02-25 01:07:50',0,2.49,35.00,0.00,'test','address','city','Oh','88390','US','5-6 Business Days','iyPZccSIPLm9QfuYEDLlowIaEpz6RSV1eoya79Nj',0),(21,9,37.49,'2015-02-25 01:07:50','2015-02-25 01:07:50',0,2.49,35.00,0.00,'test','address','city','Oh','88390','US','5-6 Business Days','iyPZccSIPLm9QfuYEDLlowIaEpz6RSV1eoya79Nj',0),(22,9,38.05,'2015-02-25 01:08:21','2015-02-25 01:08:21',0,3.05,35.00,0.00,'schumburg','bishop ct','Chicago','Ok','1234','US','5-6 Business Days','uEQlJVwHkGEYtjcy1oolVrHwIJhhXDgfbqOx6tlo',0),(23,9,38.05,'2015-02-25 01:08:21','2015-02-25 01:08:21',0,3.05,35.00,0.00,'schumburg','bishop ct','Chicago','Ok','1234','US','5-6 Business Days','uEQlJVwHkGEYtjcy1oolVrHwIJhhXDgfbqOx6tlo',0),(24,9,38.05,'2015-02-25 01:08:21','2015-02-25 01:08:21',0,3.05,35.00,0.00,'schumburg','bishop ct','Chicago','Ok','1234','US','5-6 Business Days','uEQlJVwHkGEYtjcy1oolVrHwIJhhXDgfbqOx6tlo',0),(25,9,38.05,'2015-02-25 01:08:21','2015-02-25 01:08:21',0,3.05,35.00,0.00,'schumburg','bishop ct','Chicago','Ok','1234','US','5-6 Business Days','uEQlJVwHkGEYtjcy1oolVrHwIJhhXDgfbqOx6tlo',0),(26,9,38.05,'2015-02-25 01:08:21','2015-02-25 01:08:21',0,3.05,35.00,0.00,'schumburg','bishop ct','Chicago','Ok','1234','US','5-6 Business Days','uEQlJVwHkGEYtjcy1oolVrHwIJhhXDgfbqOx6tlo',0),(27,9,38.05,'2015-02-25 01:08:21','2015-02-25 01:08:21',0,3.05,35.00,0.00,'schumburg','bishop ct','Chicago','Ok','1234','US','5-6 Business Days','uEQlJVwHkGEYtjcy1oolVrHwIJhhXDgfbqOx6tlo',0),(28,9,38.05,'2015-02-25 01:08:21','2015-02-25 01:08:21',0,3.05,35.00,0.00,'schumburg','bishop ct','Chicago','Ok','1234','US','5-6 Business Days','uEQlJVwHkGEYtjcy1oolVrHwIJhhXDgfbqOx6tlo',0),(29,9,38.05,'2015-02-25 01:08:21','2015-02-25 01:08:21',0,3.05,35.00,0.00,'schumburg','bishop ct','Chicago','Ok','1234','US','5-6 Business Days','uEQlJVwHkGEYtjcy1oolVrHwIJhhXDgfbqOx6tlo',0),(30,9,38.05,'2015-02-25 01:08:21','2015-02-25 01:08:21',0,3.05,35.00,0.00,'schumburg','bishop ct','Chicago','Ok','1234','US','5-6 Business Days','uEQlJVwHkGEYtjcy1oolVrHwIJhhXDgfbqOx6tlo',0),(31,9,38.05,'2015-02-25 01:08:21','2015-02-25 01:08:21',0,3.05,35.00,0.00,'schumburg','bishop ct','Chicago','Ok','1234','US','5-6 Business Days','uEQlJVwHkGEYtjcy1oolVrHwIJhhXDgfbqOx6tlo',0),(32,9,37.49,'2015-02-25 01:14:57','2015-02-25 01:14:57',0,2.49,35.00,0.00,'test','address','city','Oh','88390','US','5-6 Business Days','1tvMvmvV95oEkiAhTFd3ZO3palh0YWW8CRkmSUAD',0),(33,9,37.49,'2015-02-25 01:14:57','2015-02-25 01:14:57',0,2.49,35.00,0.00,'test','address','city','Oh','88390','US','5-6 Business Days','1tvMvmvV95oEkiAhTFd3ZO3palh0YWW8CRkmSUAD',0),(34,9,37.49,'2015-02-25 01:14:57','2015-02-25 01:14:57',0,2.49,35.00,0.00,'test','address','city','Oh','88390','US','5-6 Business Days','1tvMvmvV95oEkiAhTFd3ZO3palh0YWW8CRkmSUAD',0),(35,9,37.49,'2015-02-25 01:14:57','2015-02-25 01:14:57',0,2.49,35.00,0.00,'test','address','city','Oh','88390','US','5-6 Business Days','1tvMvmvV95oEkiAhTFd3ZO3palh0YWW8CRkmSUAD',0),(36,9,37.49,'2015-02-25 01:14:57','2015-02-25 01:14:57',0,2.49,35.00,0.00,'test','address','city','Oh','88390','US','5-6 Business Days','1tvMvmvV95oEkiAhTFd3ZO3palh0YWW8CRkmSUAD',0),(37,9,37.49,'2015-02-25 01:14:57','2015-02-25 01:14:57',0,2.49,35.00,0.00,'test','address','city','Oh','88390','US','5-6 Business Days','1tvMvmvV95oEkiAhTFd3ZO3palh0YWW8CRkmSUAD',0),(38,9,74.98,'2015-02-25 06:36:34','2015-02-25 06:36:34',0,4.98,70.00,0.00,'add1','add2','col','OH','11111','US','5-6 Business Days','t0nYKGr9VHpV8JyGkbtwUwMiiKuDpdHmFLey5OVX',0),(39,9,74.98,'2015-02-25 06:36:34','2015-02-25 06:36:34',0,4.98,70.00,0.00,'add1','add2','col','OH','11111','US','5-6 Business Days','t0nYKGr9VHpV8JyGkbtwUwMiiKuDpdHmFLey5OVX',0),(40,9,74.98,'2015-02-25 06:36:34','2015-02-25 06:36:34',0,4.98,70.00,0.00,'add1','add2','col','OH','11111','US','5-6 Business Days','t0nYKGr9VHpV8JyGkbtwUwMiiKuDpdHmFLey5OVX',0),(41,9,74.98,'2015-02-25 06:36:34','2015-02-25 06:36:34',0,4.98,70.00,0.00,'add1','add2','col','OH','11111','US','5-6 Business Days','t0nYKGr9VHpV8JyGkbtwUwMiiKuDpdHmFLey5OVX',0),(42,9,74.98,'2015-02-25 06:36:34','2015-02-25 06:36:34',0,4.98,70.00,0.00,'add1','add2','col','OH','11111','US','5-6 Business Days','t0nYKGr9VHpV8JyGkbtwUwMiiKuDpdHmFLey5OVX',0),(43,9,37.49,'2015-02-25 06:39:49','2015-02-25 06:39:49',0,2.49,35.00,0.00,'add1','add2','col','OH','11111','US','5-6 Business Days','lBbu13YEA3f9TrsXjD5utUCF8v9SiykUDWz7vhEm',0),(44,9,37.49,'2015-02-25 06:39:49','2015-02-25 06:39:49',0,2.49,35.00,0.00,'add1','add2','col','OH','11111','US','5-6 Business Days','lBbu13YEA3f9TrsXjD5utUCF8v9SiykUDWz7vhEm',0),(45,9,37.49,'2015-02-25 06:39:49','2015-02-25 06:39:49',0,2.49,35.00,0.00,'add1','add2','col','OH','11111','US','5-6 Business Days','lBbu13YEA3f9TrsXjD5utUCF8v9SiykUDWz7vhEm',0),(46,9,37.49,'2015-02-25 06:39:49','2015-02-25 06:39:49',0,2.49,35.00,0.00,'add1','add2','col','OH','11111','US','5-6 Business Days','lBbu13YEA3f9TrsXjD5utUCF8v9SiykUDWz7vhEm',0),(47,9,37.49,'2015-02-25 06:39:49','2015-02-25 06:39:49',0,2.49,35.00,0.00,'add1','add2','col','OH','11111','US','5-6 Business Days','lBbu13YEA3f9TrsXjD5utUCF8v9SiykUDWz7vhEm',0),(48,9,257.06,'2015-02-25 06:44:29','2015-02-25 06:44:29',0,17.06,240.00,0.00,'addr1','addr2','colum','OH','12345','US','5-6 Business Days','sGLlrT1khdLgtFDdapedS8Aa0PrhOi1BIgVQtzGY',0),(49,9,257.06,'2015-02-25 06:44:29','2015-02-25 06:44:29',0,17.06,240.00,0.00,'addr1','addr2','colum','OH','12345','US','5-6 Business Days','sGLlrT1khdLgtFDdapedS8Aa0PrhOi1BIgVQtzGY',0),(50,9,257.06,'2015-02-25 06:44:29','2015-02-25 06:44:29',0,17.06,240.00,0.00,'addr1','addr2','colum','OH','12345','US','5-6 Business Days','sGLlrT1khdLgtFDdapedS8Aa0PrhOi1BIgVQtzGY',0),(51,9,257.06,'2015-02-25 06:44:29','2015-02-25 06:44:29',0,17.06,240.00,0.00,'addr1','addr2','colum','OH','12345','US','5-6 Business Days','sGLlrT1khdLgtFDdapedS8Aa0PrhOi1BIgVQtzGY',0),(52,9,257.06,'2015-02-25 06:44:29','2015-02-25 06:44:29',0,17.06,240.00,0.00,'addr1','addr2','colum','OH','12345','US','5-6 Business Days','sGLlrT1khdLgtFDdapedS8Aa0PrhOi1BIgVQtzGY',0),(53,9,208.86,'2015-02-26 05:26:39','2015-02-26 05:26:39',0,13.86,195.00,0.00,'add2','','colum','OH','1122','US','5-6 Business Days','elDukjeNKh0ifrpk2JemZ9PKHZfn0q4DCNVr2R1F',0),(54,9,208.86,'2015-02-26 05:26:39','2015-02-26 05:26:39',0,13.86,195.00,0.00,'add2','','colum','OH','1122','US','5-6 Business Days','elDukjeNKh0ifrpk2JemZ9PKHZfn0q4DCNVr2R1F',0),(55,9,208.86,'2015-02-26 05:26:39','2015-02-26 05:26:39',0,13.86,195.00,0.00,'add2','','colum','OH','1122','US','5-6 Business Days','elDukjeNKh0ifrpk2JemZ9PKHZfn0q4DCNVr2R1F',0),(56,9,208.86,'2015-02-26 05:26:39','2015-02-26 05:26:39',0,13.86,195.00,0.00,'add2','','colum','OH','1122','US','5-6 Business Days','elDukjeNKh0ifrpk2JemZ9PKHZfn0q4DCNVr2R1F',0),(57,9,208.86,'2015-02-26 05:26:39','2015-02-26 05:26:39',0,13.86,195.00,0.00,'add2','','colum','OH','1122','US','5-6 Business Days','elDukjeNKh0ifrpk2JemZ9PKHZfn0q4DCNVr2R1F',0),(58,9,208.86,'2015-02-26 05:26:39','2015-02-26 05:26:39',0,13.86,195.00,0.00,'add2','','colum','OH','1122','US','5-6 Business Days','elDukjeNKh0ifrpk2JemZ9PKHZfn0q4DCNVr2R1F',0),(59,9,208.86,'2015-02-26 05:26:39','2015-02-26 05:26:39',0,13.86,195.00,0.00,'add2','','colum','OH','1122','US','5-6 Business Days','elDukjeNKh0ifrpk2JemZ9PKHZfn0q4DCNVr2R1F',0),(60,9,208.86,'2015-02-26 05:26:39','2015-02-26 05:26:39',0,13.86,195.00,0.00,'add2','','colum','OH','1122','US','5-6 Business Days','elDukjeNKh0ifrpk2JemZ9PKHZfn0q4DCNVr2R1F',0),(61,9,38.05,'2015-02-26 05:33:29','2015-02-26 05:33:29',0,3.05,35.00,0.00,'address1','addr2','col','OK','112233','US','5-6 Business Days','Q3VWuaXamgRlZmz7maeZHv4olt8SytSL8UwmtYcX',0),(62,9,38.05,'2015-02-26 05:33:29','2015-02-26 05:33:29',0,3.05,35.00,0.00,'address1','addr2','col','OK','112233','US','5-6 Business Days','Q3VWuaXamgRlZmz7maeZHv4olt8SytSL8UwmtYcX',0),(63,9,38.05,'2015-02-26 05:33:29','2015-02-26 05:33:29',0,3.05,35.00,0.00,'address1','addr2','col','OK','112233','US','5-6 Business Days','Q3VWuaXamgRlZmz7maeZHv4olt8SytSL8UwmtYcX',0),(64,9,38.05,'2015-02-26 05:33:29','2015-02-26 05:33:29',0,3.05,35.00,0.00,'address1','addr2','col','OK','112233','US','5-6 Business Days','Q3VWuaXamgRlZmz7maeZHv4olt8SytSL8UwmtYcX',0),(65,9,38.05,'2015-02-26 05:33:29','2015-02-26 05:33:29',0,3.05,35.00,0.00,'address1','addr2','col','OK','112233','US','5-6 Business Days','Q3VWuaXamgRlZmz7maeZHv4olt8SytSL8UwmtYcX',0),(66,9,38.05,'2015-02-26 05:33:29','2015-02-26 05:33:29',0,3.05,35.00,0.00,'address1','addr2','col','OK','112233','US','5-6 Business Days','Q3VWuaXamgRlZmz7maeZHv4olt8SytSL8UwmtYcX',0),(67,9,38.05,'2015-02-26 05:33:54','2015-02-26 05:33:54',0,3.05,35.00,0.00,'address1','addr2','col','OK','112233','US','5-6 Business Days','jDpeHwMNcKYsYzS7GgQvqUlZxXfLn536d7IFFhVE',0),(68,9,38.05,'2015-02-26 05:33:54','2015-02-26 05:33:54',0,3.05,35.00,0.00,'address1','addr2','col','OK','112233','US','5-6 Business Days','jDpeHwMNcKYsYzS7GgQvqUlZxXfLn536d7IFFhVE',0),(69,9,38.05,'2015-02-26 05:33:54','2015-02-26 05:33:54',0,3.05,35.00,0.00,'address1','addr2','col','OK','112233','US','5-6 Business Days','jDpeHwMNcKYsYzS7GgQvqUlZxXfLn536d7IFFhVE',0),(70,9,38.05,'2015-02-26 05:33:54','2015-02-26 05:33:54',0,3.05,35.00,0.00,'address1','addr2','col','OK','112233','US','5-6 Business Days','jDpeHwMNcKYsYzS7GgQvqUlZxXfLn536d7IFFhVE',0),(71,9,38.05,'2015-02-26 05:33:54','2015-02-26 05:33:54',0,3.05,35.00,0.00,'address1','addr2','col','OK','112233','US','5-6 Business Days','jDpeHwMNcKYsYzS7GgQvqUlZxXfLn536d7IFFhVE',0),(72,9,38.05,'2015-02-26 05:33:54','2015-02-26 05:33:54',0,3.05,35.00,0.00,'address1','addr2','col','OK','112233','US','5-6 Business Days','jDpeHwMNcKYsYzS7GgQvqUlZxXfLn536d7IFFhVE',0),(73,9,38.05,'2015-02-26 05:33:54','2015-02-26 05:33:54',0,3.05,35.00,0.00,'address1','addr2','col','OK','112233','US','5-6 Business Days','jDpeHwMNcKYsYzS7GgQvqUlZxXfLn536d7IFFhVE',0),(74,9,38.05,'2015-02-26 05:34:46','2015-02-26 05:34:46',0,3.05,35.00,0.00,'address1','addr2','col','OK','112233','US','5-6 Business Days','CWrG7cb1ABfoMep9OzMKxW7P0tVHql69A3Z2M8iQ',0),(75,9,38.05,'2015-02-26 05:34:46','2015-02-26 05:34:46',0,3.05,35.00,0.00,'address1','addr2','col','OK','112233','US','5-6 Business Days','CWrG7cb1ABfoMep9OzMKxW7P0tVHql69A3Z2M8iQ',0),(76,9,38.05,'2015-02-26 05:34:46','2015-02-26 05:34:46',0,3.05,35.00,0.00,'address1','addr2','col','OK','112233','US','5-6 Business Days','CWrG7cb1ABfoMep9OzMKxW7P0tVHql69A3Z2M8iQ',0),(77,9,38.05,'2015-02-26 05:34:46','2015-02-26 05:34:46',0,3.05,35.00,0.00,'address1','addr2','col','OK','112233','US','5-6 Business Days','CWrG7cb1ABfoMep9OzMKxW7P0tVHql69A3Z2M8iQ',0),(78,9,38.05,'2015-02-26 05:34:46','2015-02-26 05:34:46',0,3.05,35.00,0.00,'address1','addr2','col','OK','112233','US','5-6 Business Days','CWrG7cb1ABfoMep9OzMKxW7P0tVHql69A3Z2M8iQ',0),(79,9,38.05,'2015-02-26 05:34:46','2015-02-26 05:34:46',0,3.05,35.00,0.00,'address1','addr2','col','OK','112233','US','5-6 Business Days','CWrG7cb1ABfoMep9OzMKxW7P0tVHql69A3Z2M8iQ',0),(80,9,38.05,'2015-02-26 05:34:46','2015-02-26 05:34:46',0,3.05,35.00,0.00,'address1','addr2','col','OK','112233','US','5-6 Business Days','CWrG7cb1ABfoMep9OzMKxW7P0tVHql69A3Z2M8iQ',0),(81,9,140.25,'2015-02-26 05:37:49','2015-02-26 05:37:52',1,11.25,129.00,0.00,'address1','addr2','col','OK','112233','US','5-6 Business Days','qGgsPcIn3t0QMXPiMy25ZaIo694iOw99iQOs1NrR',0),(82,9,140.25,'2015-02-26 05:37:49','2015-02-26 05:37:52',1,11.25,129.00,0.00,'address1','addr2','col','OK','112233','US','5-6 Business Days','qGgsPcIn3t0QMXPiMy25ZaIo694iOw99iQOs1NrR',0),(83,9,140.25,'2015-02-26 05:37:49','2015-02-26 05:37:52',1,11.25,129.00,0.00,'address1','addr2','col','OK','112233','US','5-6 Business Days','qGgsPcIn3t0QMXPiMy25ZaIo694iOw99iQOs1NrR',0),(84,9,140.25,'2015-02-26 05:37:49','2015-02-26 05:37:52',1,11.25,129.00,0.00,'address1','addr2','col','OK','112233','US','5-6 Business Days','qGgsPcIn3t0QMXPiMy25ZaIo694iOw99iQOs1NrR',0),(85,9,140.25,'2015-02-26 05:37:49','2015-02-26 05:37:52',1,11.25,129.00,0.00,'address1','addr2','col','OK','112233','US','5-6 Business Days','qGgsPcIn3t0QMXPiMy25ZaIo694iOw99iQOs1NrR',0),(86,9,140.25,'2015-02-26 05:38:00','2015-02-26 05:38:00',0,11.25,129.00,0.00,'address1','addr2','col','OK','112233','US','5-6 Business Days','3Kkx5PDQqsoZJDJFrlSVrtDgZM1ZXCr89g7qRjYS',0),(87,9,140.25,'2015-02-26 05:38:00','2015-02-26 05:38:00',0,11.25,129.00,0.00,'address1','addr2','col','OK','112233','US','5-6 Business Days','3Kkx5PDQqsoZJDJFrlSVrtDgZM1ZXCr89g7qRjYS',0),(88,9,140.25,'2015-02-26 05:38:00','2015-02-26 05:38:00',0,11.25,129.00,0.00,'address1','addr2','col','OK','112233','US','5-6 Business Days','3Kkx5PDQqsoZJDJFrlSVrtDgZM1ZXCr89g7qRjYS',0),(89,9,140.25,'2015-02-26 05:38:00','2015-02-26 05:38:00',0,11.25,129.00,0.00,'address1','addr2','col','OK','112233','US','5-6 Business Days','3Kkx5PDQqsoZJDJFrlSVrtDgZM1ZXCr89g7qRjYS',0),(90,9,140.25,'2015-02-26 05:38:00','2015-02-26 05:38:00',0,11.25,129.00,0.00,'address1','addr2','col','OK','112233','US','5-6 Business Days','3Kkx5PDQqsoZJDJFrlSVrtDgZM1ZXCr89g7qRjYS',0),(91,9,140.25,'2015-02-26 05:38:00','2015-02-26 05:38:00',0,11.25,129.00,0.00,'address1','addr2','col','OK','112233','US','5-6 Business Days','3Kkx5PDQqsoZJDJFrlSVrtDgZM1ZXCr89g7qRjYS',0),(92,9,140.25,'2015-02-26 05:38:00','2015-02-26 05:38:00',0,11.25,129.00,0.00,'address1','addr2','col','OK','112233','US','5-6 Business Days','3Kkx5PDQqsoZJDJFrlSVrtDgZM1ZXCr89g7qRjYS',0),(93,9,38.05,'2015-02-26 05:39:34','2015-02-26 05:39:36',1,3.05,35.00,0.00,'address1','addr2','col','OK','112233','US','5-6 Business Days','vfeky7woQOOl28pWX2bgNoiToYNhwu7og9i37EFK',0),(94,9,38.05,'2015-02-26 05:39:34','2015-02-26 05:39:36',1,3.05,35.00,0.00,'address1','addr2','col','OK','112233','US','5-6 Business Days','vfeky7woQOOl28pWX2bgNoiToYNhwu7og9i37EFK',0),(95,9,38.05,'2015-02-26 05:39:34','2015-02-26 05:39:36',1,3.05,35.00,0.00,'address1','addr2','col','OK','112233','US','5-6 Business Days','vfeky7woQOOl28pWX2bgNoiToYNhwu7og9i37EFK',0),(96,9,38.05,'2015-02-26 05:39:34','2015-02-26 05:39:36',1,3.05,35.00,0.00,'address1','addr2','col','OK','112233','US','5-6 Business Days','vfeky7woQOOl28pWX2bgNoiToYNhwu7og9i37EFK',0),(97,9,38.05,'2015-02-26 05:39:34','2015-02-26 05:39:36',1,3.05,35.00,0.00,'address1','addr2','col','OK','112233','US','5-6 Business Days','vfeky7woQOOl28pWX2bgNoiToYNhwu7og9i37EFK',0),(98,9,38.05,'2015-02-26 05:39:46','2015-02-26 05:39:46',0,3.05,35.00,0.00,'address1','addr2','col','OK','112233','US','5-6 Business Days','n4rzVpFvGWL6QF7PHKiXL5AexQppXLTqMFadATw7',0),(99,9,38.05,'2015-02-26 05:39:46','2015-02-26 05:39:46',0,3.05,35.00,0.00,'address1','addr2','col','OK','112233','US','5-6 Business Days','n4rzVpFvGWL6QF7PHKiXL5AexQppXLTqMFadATw7',0),(100,9,38.05,'2015-02-26 05:39:46','2015-02-26 05:39:46',0,3.05,35.00,0.00,'address1','addr2','col','OK','112233','US','5-6 Business Days','n4rzVpFvGWL6QF7PHKiXL5AexQppXLTqMFadATw7',0),(101,9,38.05,'2015-02-26 05:39:46','2015-02-26 05:39:46',0,3.05,35.00,0.00,'address1','addr2','col','OK','112233','US','5-6 Business Days','n4rzVpFvGWL6QF7PHKiXL5AexQppXLTqMFadATw7',0),(102,9,38.05,'2015-02-26 05:39:46','2015-02-26 05:39:46',0,3.05,35.00,0.00,'address1','addr2','col','OK','112233','US','5-6 Business Days','n4rzVpFvGWL6QF7PHKiXL5AexQppXLTqMFadATw7',0),(103,9,38.05,'2015-02-26 05:40:01','2015-02-26 05:40:01',0,3.05,35.00,0.00,'address1','addr2','col','OK','112233','US','5-6 Business Days','h87RF20JgHDDdREAEFkEQbN0oGMGtyIdYkBbPfPE',0),(104,9,38.05,'2015-02-26 05:40:01','2015-02-26 05:40:01',0,3.05,35.00,0.00,'address1','addr2','col','OK','112233','US','5-6 Business Days','h87RF20JgHDDdREAEFkEQbN0oGMGtyIdYkBbPfPE',0),(105,9,38.05,'2015-02-26 05:40:01','2015-02-26 05:40:01',0,3.05,35.00,0.00,'address1','addr2','col','OK','112233','US','5-6 Business Days','h87RF20JgHDDdREAEFkEQbN0oGMGtyIdYkBbPfPE',0),(106,9,38.05,'2015-02-26 05:40:01','2015-02-26 05:40:01',0,3.05,35.00,0.00,'address1','addr2','col','OK','112233','US','5-6 Business Days','h87RF20JgHDDdREAEFkEQbN0oGMGtyIdYkBbPfPE',0),(107,9,38.05,'2015-02-26 05:40:01','2015-02-26 05:40:01',0,3.05,35.00,0.00,'address1','addr2','col','OK','112233','US','5-6 Business Days','h87RF20JgHDDdREAEFkEQbN0oGMGtyIdYkBbPfPE',0),(108,9,38.05,'2015-02-26 05:40:20','2015-02-26 05:40:20',0,3.05,35.00,0.00,'address1','addr2','col','OK','112233','US','5-6 Business Days','bTQ53BlCfZxQZPEVvRAhOdJHR8AbfPPTiTxALazv',0),(109,9,38.05,'2015-02-26 05:40:20','2015-02-26 05:40:20',0,3.05,35.00,0.00,'address1','addr2','col','OK','112233','US','5-6 Business Days','bTQ53BlCfZxQZPEVvRAhOdJHR8AbfPPTiTxALazv',0),(110,9,38.05,'2015-02-26 05:40:20','2015-02-26 05:40:20',0,3.05,35.00,0.00,'address1','addr2','col','OK','112233','US','5-6 Business Days','bTQ53BlCfZxQZPEVvRAhOdJHR8AbfPPTiTxALazv',0),(111,9,38.05,'2015-02-26 05:40:20','2015-02-26 05:40:20',0,3.05,35.00,0.00,'address1','addr2','col','OK','112233','US','5-6 Business Days','bTQ53BlCfZxQZPEVvRAhOdJHR8AbfPPTiTxALazv',0),(112,9,38.05,'2015-02-26 05:40:20','2015-02-26 05:40:20',0,3.05,35.00,0.00,'address1','addr2','col','OK','112233','US','5-6 Business Days','bTQ53BlCfZxQZPEVvRAhOdJHR8AbfPPTiTxALazv',0),(113,9,38.05,'2015-02-26 05:40:20','2015-02-26 05:40:20',0,3.05,35.00,0.00,'address1','addr2','col','OK','112233','US','5-6 Business Days','bTQ53BlCfZxQZPEVvRAhOdJHR8AbfPPTiTxALazv',0),(114,9,38.05,'2015-02-26 05:40:38','2015-02-26 05:41:05',2,3.05,35.00,0.00,'address1','addr2','col','OK','112233','US','5-6 Business Days','i4ZOtuOljry8TTxhj5HR3O2EvtP0mt1DuR1rA7yy',2),(115,9,38.05,'2015-02-26 05:40:38','2015-02-26 05:41:05',2,3.05,35.00,0.00,'address1','addr2','col','OK','112233','US','5-6 Business Days','i4ZOtuOljry8TTxhj5HR3O2EvtP0mt1DuR1rA7yy',2),(116,9,38.05,'2015-02-26 05:40:38','2015-02-26 05:41:05',2,3.05,35.00,0.00,'address1','addr2','col','OK','112233','US','5-6 Business Days','i4ZOtuOljry8TTxhj5HR3O2EvtP0mt1DuR1rA7yy',2),(117,9,38.05,'2015-02-26 05:40:38','2015-02-26 05:41:05',2,3.05,35.00,0.00,'address1','addr2','col','OK','112233','US','5-6 Business Days','i4ZOtuOljry8TTxhj5HR3O2EvtP0mt1DuR1rA7yy',2),(118,9,38.05,'2015-02-26 05:42:06','2015-02-26 05:42:14',1,3.05,35.00,0.00,'address1','addr2','col','OK','112233','US','5-6 Business Days','BpnTWodZq9OMy1BgV5mgjJpyBAoxlbqlRfURfnRF',0),(119,9,38.05,'2015-02-26 05:42:06','2015-02-26 05:42:14',1,3.05,35.00,0.00,'address1','addr2','col','OK','112233','US','5-6 Business Days','BpnTWodZq9OMy1BgV5mgjJpyBAoxlbqlRfURfnRF',0),(120,9,38.05,'2015-02-26 05:42:06','2015-02-26 05:42:14',1,3.05,35.00,0.00,'address1','addr2','col','OK','112233','US','5-6 Business Days','BpnTWodZq9OMy1BgV5mgjJpyBAoxlbqlRfURfnRF',0),(121,9,38.05,'2015-02-26 05:42:06','2015-02-26 05:42:14',1,3.05,35.00,0.00,'address1','addr2','col','OK','112233','US','5-6 Business Days','BpnTWodZq9OMy1BgV5mgjJpyBAoxlbqlRfURfnRF',0),(122,9,38.05,'2015-02-26 05:42:25','2015-02-26 05:42:25',0,3.05,35.00,0.00,'address1','addr2','col','OK','112233','US','5-6 Business Days','OBjzRmRtpFvLmpW9ik57zfmKcb3zgO2LukCsqI5d',0),(123,9,38.05,'2015-02-26 05:42:25','2015-02-26 05:42:25',0,3.05,35.00,0.00,'address1','addr2','col','OK','112233','US','5-6 Business Days','OBjzRmRtpFvLmpW9ik57zfmKcb3zgO2LukCsqI5d',0),(124,9,38.05,'2015-02-26 05:42:25','2015-02-26 05:42:25',0,3.05,35.00,0.00,'address1','addr2','col','OK','112233','US','5-6 Business Days','OBjzRmRtpFvLmpW9ik57zfmKcb3zgO2LukCsqI5d',0),(125,9,38.05,'2015-02-26 05:42:25','2015-02-26 05:42:25',0,3.05,35.00,0.00,'address1','addr2','col','OK','112233','US','5-6 Business Days','OBjzRmRtpFvLmpW9ik57zfmKcb3zgO2LukCsqI5d',0),(126,9,38.05,'2015-02-26 05:45:28','2015-02-26 05:45:30',1,3.05,35.00,0.00,'address1','addr2','col','OK','112233','US','5-6 Business Days','lbwYBnPkJmhpjqfLYRtaiU8eMLkd5iTWSq6VptBv',0),(127,9,38.05,'2015-02-26 05:45:28','2015-02-26 05:45:30',1,3.05,35.00,0.00,'address1','addr2','col','OK','112233','US','5-6 Business Days','lbwYBnPkJmhpjqfLYRtaiU8eMLkd5iTWSq6VptBv',0),(128,9,38.05,'2015-02-26 05:45:28','2015-02-26 05:45:30',1,3.05,35.00,0.00,'address1','addr2','col','OK','112233','US','5-6 Business Days','lbwYBnPkJmhpjqfLYRtaiU8eMLkd5iTWSq6VptBv',0),(129,9,38.05,'2015-02-26 05:45:28','2015-02-26 05:45:30',1,3.05,35.00,0.00,'address1','addr2','col','OK','112233','US','5-6 Business Days','lbwYBnPkJmhpjqfLYRtaiU8eMLkd5iTWSq6VptBv',0),(130,9,38.05,'2015-02-26 05:45:28','2015-02-26 05:45:30',1,3.05,35.00,0.00,'address1','addr2','col','OK','112233','US','5-6 Business Days','lbwYBnPkJmhpjqfLYRtaiU8eMLkd5iTWSq6VptBv',0),(131,9,38.05,'2015-02-26 05:45:43','2015-02-26 05:45:43',0,3.05,35.00,0.00,'address1','addr2','col','OK','112233','US','5-6 Business Days','zdBbubyI5wuGFo1F0NoLYPcHOL7i2lnzDQFVESBA',0),(132,9,38.05,'2015-02-26 05:45:43','2015-02-26 05:45:43',0,3.05,35.00,0.00,'address1','addr2','col','OK','112233','US','5-6 Business Days','zdBbubyI5wuGFo1F0NoLYPcHOL7i2lnzDQFVESBA',0),(133,9,38.05,'2015-02-26 05:45:43','2015-02-26 05:45:43',0,3.05,35.00,0.00,'address1','addr2','col','OK','112233','US','5-6 Business Days','zdBbubyI5wuGFo1F0NoLYPcHOL7i2lnzDQFVESBA',0),(134,9,38.05,'2015-02-26 05:45:43','2015-02-26 05:45:43',0,3.05,35.00,0.00,'address1','addr2','col','OK','112233','US','5-6 Business Days','zdBbubyI5wuGFo1F0NoLYPcHOL7i2lnzDQFVESBA',0),(135,9,38.05,'2015-02-26 05:45:43','2015-02-26 05:45:43',0,3.05,35.00,0.00,'address1','addr2','col','OK','112233','US','5-6 Business Days','zdBbubyI5wuGFo1F0NoLYPcHOL7i2lnzDQFVESBA',0),(136,9,38.05,'2015-02-26 05:46:21','2015-02-26 05:46:21',0,3.05,35.00,0.00,'address1','addr2','col','OK','112233','US','5-6 Business Days','2Ug4krQYfuQy6gCpF3rKrefT5HQFmsKF9YxbDzbk',0),(137,9,38.05,'2015-02-26 05:46:21','2015-02-26 05:46:21',0,3.05,35.00,0.00,'address1','addr2','col','OK','112233','US','5-6 Business Days','2Ug4krQYfuQy6gCpF3rKrefT5HQFmsKF9YxbDzbk',0),(138,9,38.05,'2015-02-26 05:46:21','2015-02-26 05:46:21',0,3.05,35.00,0.00,'address1','addr2','col','OK','112233','US','5-6 Business Days','2Ug4krQYfuQy6gCpF3rKrefT5HQFmsKF9YxbDzbk',0),(139,9,38.05,'2015-02-26 05:46:21','2015-02-26 05:46:21',0,3.05,35.00,0.00,'address1','addr2','col','OK','112233','US','5-6 Business Days','2Ug4krQYfuQy6gCpF3rKrefT5HQFmsKF9YxbDzbk',0),(140,9,38.05,'2015-02-26 05:46:21','2015-02-26 05:46:21',0,3.05,35.00,0.00,'address1','addr2','col','OK','112233','US','5-6 Business Days','2Ug4krQYfuQy6gCpF3rKrefT5HQFmsKF9YxbDzbk',0),(141,9,38.05,'2015-02-26 05:46:30','2015-02-26 05:46:32',1,3.05,35.00,0.00,'address1','addr2','col','OK','112233','US','5-6 Business Days','XphxvV9r1hDm9QItILRj27ASyPq7mbwMiSuSYhX9',0),(142,9,38.05,'2015-02-26 05:46:30','2015-02-26 05:46:32',1,3.05,35.00,0.00,'address1','addr2','col','OK','112233','US','5-6 Business Days','XphxvV9r1hDm9QItILRj27ASyPq7mbwMiSuSYhX9',0),(143,9,38.05,'2015-02-26 05:46:30','2015-02-26 05:46:32',1,3.05,35.00,0.00,'address1','addr2','col','OK','112233','US','5-6 Business Days','XphxvV9r1hDm9QItILRj27ASyPq7mbwMiSuSYhX9',0),(144,9,38.05,'2015-02-26 05:46:30','2015-02-26 05:46:32',1,3.05,35.00,0.00,'address1','addr2','col','OK','112233','US','5-6 Business Days','XphxvV9r1hDm9QItILRj27ASyPq7mbwMiSuSYhX9',0),(145,9,38.05,'2015-02-26 05:46:30','2015-02-26 05:46:40',0,3.05,35.00,0.00,'address1','addr2','col','OK','112233','US','5-6 Business Days','ZocPRpn08jVpfU6ZvpIPsjMAXyLjZykFAzCyULYW',0),(146,9,97.85,'2015-02-26 05:54:38','2015-02-26 05:54:43',1,7.85,90.00,0.00,'address1','addr2','col','OK','112233','US','5-6 Business Days','4MSnZ1mWs1xmwbZOKcu4SaLnIpxjPkfZ0xCdHU40',0),(147,9,97.85,'2015-02-26 05:54:38','2015-02-26 05:54:43',1,7.85,90.00,0.00,'address1','addr2','col','OK','112233','US','5-6 Business Days','4MSnZ1mWs1xmwbZOKcu4SaLnIpxjPkfZ0xCdHU40',0),(148,9,97.85,'2015-02-26 05:54:38','2015-02-26 05:54:43',1,7.85,90.00,0.00,'address1','addr2','col','OK','112233','US','5-6 Business Days','4MSnZ1mWs1xmwbZOKcu4SaLnIpxjPkfZ0xCdHU40',0),(149,9,97.85,'2015-02-26 05:54:38','2015-02-26 05:54:43',1,7.85,90.00,0.00,'address1','addr2','col','OK','112233','US','5-6 Business Days','4MSnZ1mWs1xmwbZOKcu4SaLnIpxjPkfZ0xCdHU40',0),(150,9,97.85,'2015-02-26 05:54:38','2015-02-26 05:54:43',1,7.85,90.00,0.00,'address1','addr2','col','OK','112233','US','5-6 Business Days','4MSnZ1mWs1xmwbZOKcu4SaLnIpxjPkfZ0xCdHU40',0),(151,9,97.85,'2015-02-26 05:54:50','2015-02-26 05:54:50',0,7.85,90.00,0.00,'address1','addr2','col','OK','112233','US','5-6 Business Days','ca8hBApoWvJO0fl14wqSDVlID8mzBflzvuio1aWi',0),(152,9,97.85,'2015-02-26 05:54:50','2015-02-26 05:54:50',0,7.85,90.00,0.00,'address1','addr2','col','OK','112233','US','5-6 Business Days','ca8hBApoWvJO0fl14wqSDVlID8mzBflzvuio1aWi',0),(153,9,97.85,'2015-02-26 05:54:50','2015-02-26 05:54:50',0,7.85,90.00,0.00,'address1','addr2','col','OK','112233','US','5-6 Business Days','ca8hBApoWvJO0fl14wqSDVlID8mzBflzvuio1aWi',0),(154,9,97.85,'2015-02-26 05:54:50','2015-02-26 05:54:50',0,7.85,90.00,0.00,'address1','addr2','col','OK','112233','US','5-6 Business Days','ca8hBApoWvJO0fl14wqSDVlID8mzBflzvuio1aWi',0),(155,9,97.85,'2015-02-26 05:54:50','2015-02-26 05:54:50',0,7.85,90.00,0.00,'address1','addr2','col','OK','112233','US','5-6 Business Days','ca8hBApoWvJO0fl14wqSDVlID8mzBflzvuio1aWi',0),(156,9,97.85,'2015-02-26 05:54:50','2015-02-26 05:54:50',0,7.85,90.00,0.00,'address1','addr2','col','OK','112233','US','5-6 Business Days','ca8hBApoWvJO0fl14wqSDVlID8mzBflzvuio1aWi',0),(157,9,97.85,'2015-02-26 05:54:50','2015-02-26 05:54:50',0,7.85,90.00,0.00,'address1','addr2','col','OK','112233','US','5-6 Business Days','ca8hBApoWvJO0fl14wqSDVlID8mzBflzvuio1aWi',0),(158,9,97.85,'2015-02-26 05:54:50','2015-02-26 05:54:50',0,7.85,90.00,0.00,'address1','addr2','col','OK','112233','US','5-6 Business Days','ca8hBApoWvJO0fl14wqSDVlID8mzBflzvuio1aWi',0),(159,9,97.85,'2015-02-26 05:54:50','2015-02-26 05:54:50',0,7.85,90.00,0.00,'address1','addr2','col','OK','112233','US','5-6 Business Days','ca8hBApoWvJO0fl14wqSDVlID8mzBflzvuio1aWi',0),(160,9,130.46,'2015-02-26 06:03:18','2015-02-26 06:03:18',0,10.46,120.00,0.00,'address1','addr2','col','OK','112233','US','5-6 Business Days','j79xgX661O1dxFC9hkyDtOpEpk8mo5kwjPJqhGy3',0),(161,9,130.46,'2015-02-26 06:03:18','2015-02-26 06:03:18',0,10.46,120.00,0.00,'address1','addr2','col','OK','112233','US','5-6 Business Days','j79xgX661O1dxFC9hkyDtOpEpk8mo5kwjPJqhGy3',0),(162,9,130.46,'2015-02-26 06:03:18','2015-02-26 06:03:18',0,10.46,120.00,0.00,'address1','addr2','col','OK','112233','US','5-6 Business Days','j79xgX661O1dxFC9hkyDtOpEpk8mo5kwjPJqhGy3',0),(163,9,130.46,'2015-02-26 06:03:18','2015-02-26 06:03:18',0,10.46,120.00,0.00,'address1','addr2','col','OK','112233','US','5-6 Business Days','j79xgX661O1dxFC9hkyDtOpEpk8mo5kwjPJqhGy3',0),(164,9,130.46,'2015-02-26 06:03:18','2015-02-26 06:03:18',0,10.46,120.00,0.00,'address1','addr2','col','OK','112233','US','5-6 Business Days','j79xgX661O1dxFC9hkyDtOpEpk8mo5kwjPJqhGy3',0),(165,9,130.46,'2015-02-26 06:03:18','2015-02-26 06:03:18',0,10.46,120.00,0.00,'address1','addr2','col','OK','112233','US','5-6 Business Days','j79xgX661O1dxFC9hkyDtOpEpk8mo5kwjPJqhGy3',0),(166,9,130.46,'2015-02-26 06:03:27','2015-02-26 06:03:27',0,10.46,120.00,0.00,'address1','addr2','col','OK','112233','US','5-6 Business Days','hXeNYA6MwIqjeZTdAIC2Ky0HZRmtPRnSUWsmaKvZ',0),(167,9,130.46,'2015-02-26 06:03:27','2015-02-26 06:03:27',0,10.46,120.00,0.00,'address1','addr2','col','OK','112233','US','5-6 Business Days','hXeNYA6MwIqjeZTdAIC2Ky0HZRmtPRnSUWsmaKvZ',0),(168,9,130.46,'2015-02-26 06:03:27','2015-02-26 06:03:27',0,10.46,120.00,0.00,'address1','addr2','col','OK','112233','US','5-6 Business Days','hXeNYA6MwIqjeZTdAIC2Ky0HZRmtPRnSUWsmaKvZ',0),(169,9,130.46,'2015-02-26 06:03:27','2015-02-26 06:03:27',0,10.46,120.00,0.00,'address1','addr2','col','OK','112233','US','5-6 Business Days','hXeNYA6MwIqjeZTdAIC2Ky0HZRmtPRnSUWsmaKvZ',0),(170,9,130.46,'2015-02-26 06:03:27','2015-02-26 06:03:27',0,10.46,120.00,0.00,'address1','addr2','col','OK','112233','US','5-6 Business Days','hXeNYA6MwIqjeZTdAIC2Ky0HZRmtPRnSUWsmaKvZ',0),(171,9,130.46,'2015-02-26 06:03:27','2015-02-26 06:03:27',0,10.46,120.00,0.00,'address1','addr2','col','OK','112233','US','5-6 Business Days','hXeNYA6MwIqjeZTdAIC2Ky0HZRmtPRnSUWsmaKvZ',0),(172,9,130.46,'2015-02-26 06:06:46','2015-02-26 06:06:46',0,10.46,120.00,0.00,'address1','addr2','col','OK','112233','US','5-6 Business Days','hxgYkULIwiQhtIvdrjDhBOHdlsJEdPn5jVEf23B0',0),(173,9,130.46,'2015-02-26 06:06:46','2015-02-26 06:06:46',0,10.46,120.00,0.00,'address1','addr2','col','OK','112233','US','5-6 Business Days','hxgYkULIwiQhtIvdrjDhBOHdlsJEdPn5jVEf23B0',0),(174,9,130.46,'2015-02-26 06:06:46','2015-02-26 06:06:46',0,10.46,120.00,0.00,'address1','addr2','col','OK','112233','US','5-6 Business Days','hxgYkULIwiQhtIvdrjDhBOHdlsJEdPn5jVEf23B0',0),(175,9,130.46,'2015-02-26 06:06:46','2015-02-26 06:06:46',0,10.46,120.00,0.00,'address1','addr2','col','OK','112233','US','5-6 Business Days','hxgYkULIwiQhtIvdrjDhBOHdlsJEdPn5jVEf23B0',0),(176,9,130.46,'2015-02-26 06:06:46','2015-02-26 06:06:46',0,10.46,120.00,0.00,'address1','addr2','col','OK','112233','US','5-6 Business Days','hxgYkULIwiQhtIvdrjDhBOHdlsJEdPn5jVEf23B0',0),(177,9,130.46,'2015-02-26 06:06:46','2015-02-26 06:06:46',0,10.46,120.00,0.00,'address1','addr2','col','OK','112233','US','5-6 Business Days','hxgYkULIwiQhtIvdrjDhBOHdlsJEdPn5jVEf23B0',0),(178,9,130.46,'2015-02-26 06:06:46','2015-02-26 06:06:46',0,10.46,120.00,0.00,'address1','addr2','col','OK','112233','US','5-6 Business Days','hxgYkULIwiQhtIvdrjDhBOHdlsJEdPn5jVEf23B0',0),(179,9,130.46,'2015-02-26 06:07:12','2015-02-26 06:07:12',0,10.46,120.00,0.00,'address1','addr2','col','OK','112233','US','5-6 Business Days','y0XvY7Vk38DwoAoZsm9EQoPpgyRwOsjQwdx3XS2h',0),(180,9,130.46,'2015-02-26 06:07:12','2015-02-26 06:07:12',0,10.46,120.00,0.00,'address1','addr2','col','OK','112233','US','5-6 Business Days','y0XvY7Vk38DwoAoZsm9EQoPpgyRwOsjQwdx3XS2h',0),(181,9,130.46,'2015-02-26 06:07:12','2015-02-26 06:07:12',0,10.46,120.00,0.00,'address1','addr2','col','OK','112233','US','5-6 Business Days','y0XvY7Vk38DwoAoZsm9EQoPpgyRwOsjQwdx3XS2h',0),(182,9,130.46,'2015-02-26 06:07:12','2015-02-26 06:07:12',0,10.46,120.00,0.00,'address1','addr2','col','OK','112233','US','5-6 Business Days','y0XvY7Vk38DwoAoZsm9EQoPpgyRwOsjQwdx3XS2h',0),(183,9,130.46,'2015-02-26 06:07:12','2015-02-26 06:07:12',0,10.46,120.00,0.00,'address1','addr2','col','OK','112233','US','5-6 Business Days','y0XvY7Vk38DwoAoZsm9EQoPpgyRwOsjQwdx3XS2h',0),(184,9,130.46,'2015-02-26 06:07:12','2015-02-26 06:07:12',0,10.46,120.00,0.00,'address1','addr2','col','OK','112233','US','5-6 Business Days','y0XvY7Vk38DwoAoZsm9EQoPpgyRwOsjQwdx3XS2h',0),(185,9,130.46,'2015-02-26 06:07:12','2015-02-26 06:07:12',0,10.46,120.00,0.00,'address1','addr2','col','OK','112233','US','5-6 Business Days','y0XvY7Vk38DwoAoZsm9EQoPpgyRwOsjQwdx3XS2h',0),(186,9,130.46,'2015-02-26 06:07:12','2015-02-26 06:07:12',0,10.46,120.00,0.00,'address1','addr2','col','OK','112233','US','5-6 Business Days','y0XvY7Vk38DwoAoZsm9EQoPpgyRwOsjQwdx3XS2h',0),(187,9,130.46,'2015-02-26 06:09:11','2015-02-26 06:09:21',1,10.46,120.00,0.00,'address1','addr2','col','OK','112233','US','5-6 Business Days','TSiTlklImWwXsIjoUmPYH413853Xma4lJ5IAOXdo',0),(188,9,130.46,'2015-02-26 06:09:11','2015-02-26 06:09:21',1,10.46,120.00,0.00,'address1','addr2','col','OK','112233','US','5-6 Business Days','TSiTlklImWwXsIjoUmPYH413853Xma4lJ5IAOXdo',0),(189,9,130.46,'2015-02-26 06:09:11','2015-02-26 06:09:21',1,10.46,120.00,0.00,'address1','addr2','col','OK','112233','US','5-6 Business Days','TSiTlklImWwXsIjoUmPYH413853Xma4lJ5IAOXdo',0),(190,9,130.46,'2015-02-26 06:09:11','2015-02-26 06:09:21',1,10.46,120.00,0.00,'address1','addr2','col','OK','112233','US','5-6 Business Days','TSiTlklImWwXsIjoUmPYH413853Xma4lJ5IAOXdo',0),(191,9,130.46,'2015-02-26 06:09:11','2015-02-26 06:09:21',1,10.46,120.00,0.00,'address1','addr2','col','OK','112233','US','5-6 Business Days','TSiTlklImWwXsIjoUmPYH413853Xma4lJ5IAOXdo',0),(192,9,130.46,'2015-02-26 06:11:12','2015-02-26 06:11:16',1,10.46,120.00,0.00,'address1','addr2','col','OK','112233','US','5-6 Business Days','YkKNkHZQgzib4S9kKoJPu15VDiZGKTp6zAAzlfCM',0),(193,9,130.46,'2015-02-26 06:11:12','2015-02-26 06:11:16',1,10.46,120.00,0.00,'address1','addr2','col','OK','112233','US','5-6 Business Days','YkKNkHZQgzib4S9kKoJPu15VDiZGKTp6zAAzlfCM',0),(194,9,130.46,'2015-02-26 06:11:12','2015-02-26 06:11:16',1,10.46,120.00,0.00,'address1','addr2','col','OK','112233','US','5-6 Business Days','YkKNkHZQgzib4S9kKoJPu15VDiZGKTp6zAAzlfCM',0),(195,9,130.46,'2015-02-26 06:11:12','2015-02-26 06:11:16',1,10.46,120.00,0.00,'address1','addr2','col','OK','112233','US','5-6 Business Days','YkKNkHZQgzib4S9kKoJPu15VDiZGKTp6zAAzlfCM',0),(196,9,130.46,'2015-02-26 06:11:12','2015-02-26 06:11:16',1,10.46,120.00,0.00,'address1','addr2','col','OK','112233','US','5-6 Business Days','YkKNkHZQgzib4S9kKoJPu15VDiZGKTp6zAAzlfCM',0),(197,9,130.46,'2015-02-26 06:11:12','2015-02-26 06:11:16',1,10.46,120.00,0.00,'address1','addr2','col','OK','112233','US','5-6 Business Days','YkKNkHZQgzib4S9kKoJPu15VDiZGKTp6zAAzlfCM',0),(198,9,130.46,'2015-02-26 06:11:12','2015-02-26 06:11:16',1,10.46,120.00,0.00,'address1','addr2','col','OK','112233','US','5-6 Business Days','YkKNkHZQgzib4S9kKoJPu15VDiZGKTp6zAAzlfCM',0),(199,9,130.46,'2015-02-26 06:11:23','2015-02-26 06:11:23',0,10.46,120.00,0.00,'address1','addr2','col','OK','112233','US','5-6 Business Days','vZZFLzvOWrYEhopYkkcfqmaEeyIAsLrcx1o4lPPc',0),(200,9,130.46,'2015-02-26 06:11:23','2015-02-26 06:11:23',0,10.46,120.00,0.00,'address1','addr2','col','OK','112233','US','5-6 Business Days','vZZFLzvOWrYEhopYkkcfqmaEeyIAsLrcx1o4lPPc',0),(201,9,130.46,'2015-02-26 06:11:23','2015-02-26 06:11:23',0,10.46,120.00,0.00,'address1','addr2','col','OK','112233','US','5-6 Business Days','vZZFLzvOWrYEhopYkkcfqmaEeyIAsLrcx1o4lPPc',0),(202,9,130.46,'2015-02-26 06:11:23','2015-02-26 06:11:23',0,10.46,120.00,0.00,'address1','addr2','col','OK','112233','US','5-6 Business Days','vZZFLzvOWrYEhopYkkcfqmaEeyIAsLrcx1o4lPPc',0),(203,9,130.46,'2015-02-26 06:11:23','2015-02-26 06:11:23',0,10.46,120.00,0.00,'address1','addr2','col','OK','112233','US','5-6 Business Days','vZZFLzvOWrYEhopYkkcfqmaEeyIAsLrcx1o4lPPc',0),(204,9,130.46,'2015-02-26 06:11:23','2015-02-26 06:11:23',0,10.46,120.00,0.00,'address1','addr2','col','OK','112233','US','5-6 Business Days','vZZFLzvOWrYEhopYkkcfqmaEeyIAsLrcx1o4lPPc',0),(205,9,130.46,'2015-02-26 06:11:23','2015-02-26 06:11:23',0,10.46,120.00,0.00,'address1','addr2','col','OK','112233','US','5-6 Business Days','vZZFLzvOWrYEhopYkkcfqmaEeyIAsLrcx1o4lPPc',0),(206,9,130.46,'2015-02-26 06:11:23','2015-02-26 06:11:23',0,10.46,120.00,0.00,'address1','addr2','col','OK','112233','US','5-6 Business Days','vZZFLzvOWrYEhopYkkcfqmaEeyIAsLrcx1o4lPPc',0),(207,9,130.46,'2015-02-26 06:11:23','2015-02-26 06:11:23',0,10.46,120.00,0.00,'address1','addr2','col','OK','112233','US','5-6 Business Days','vZZFLzvOWrYEhopYkkcfqmaEeyIAsLrcx1o4lPPc',0),(208,9,64.27,'2015-02-27 06:21:52','2015-02-27 06:21:55',1,4.27,60.00,0.00,'add2','cjcjv','colum','OH','1122','US','5-6 Business Days','bUcb4iPWvAROf1b8R559oxOMCZkKR3BmNmCMkydA',0),(209,9,64.27,'2015-02-27 06:21:52','2015-02-27 06:21:55',1,4.27,60.00,0.00,'add2','cjcjv','colum','OH','1122','US','5-6 Business Days','bUcb4iPWvAROf1b8R559oxOMCZkKR3BmNmCMkydA',0),(210,9,64.27,'2015-02-27 06:21:52','2015-02-27 06:21:55',1,4.27,60.00,0.00,'add2','cjcjv','colum','OH','1122','US','5-6 Business Days','bUcb4iPWvAROf1b8R559oxOMCZkKR3BmNmCMkydA',0),(211,9,64.27,'2015-02-27 06:21:52','2015-02-27 06:21:55',1,4.27,60.00,0.00,'add2','cjcjv','colum','OH','1122','US','5-6 Business Days','bUcb4iPWvAROf1b8R559oxOMCZkKR3BmNmCMkydA',0),(212,9,64.27,'2015-02-27 06:21:52','2015-02-27 06:21:55',1,4.27,60.00,0.00,'add2','cjcjv','colum','OH','1122','US','5-6 Business Days','bUcb4iPWvAROf1b8R559oxOMCZkKR3BmNmCMkydA',0),(213,9,246.35,'2015-02-27 06:21:52','2015-02-27 06:31:15',0,16.35,230.00,0.00,'add2','cjcjv','colum','OH','1122','US','5-6 Business Days','smmecor58Cgjt9zUMtkbedIppG1RsmPnG5KtZQFu',0),(214,9,246.35,'2015-02-27 06:31:27','2015-02-27 06:31:29',1,16.35,230.00,0.00,'add2','cjcjv','colum','OH','1122','US','5-6 Business Days','opyeYhcO03C7QYtGURp1CdxV0JdJhx6d7vjQBF1g',0),(215,9,246.35,'2015-02-27 06:31:27','2015-02-27 06:31:29',1,16.35,230.00,0.00,'add2','cjcjv','colum','OH','1122','US','5-6 Business Days','opyeYhcO03C7QYtGURp1CdxV0JdJhx6d7vjQBF1g',0),(216,9,246.35,'2015-02-27 06:31:27','2015-02-27 06:34:57',0,16.35,230.00,0.00,'add2','cjcjv','colum','OH','1122','US','5-6 Business Days','qrrTUelNlAsYb6DGc0hjjjK6gWs7I9t3cKSlaKZd',0),(217,9,38.05,'2015-03-10 00:45:47','2015-03-10 00:45:47',0,3.05,35.00,0.00,'address1','addr2','col','OK','112233','US','5-6 Business Days','VItFTFYGsZOah0dEuRceJTqOqzy3TvLGTl1Hio3Z',0),(218,9,38.05,'2015-03-10 00:45:47','2015-03-10 00:45:47',0,3.05,35.00,0.00,'address1','addr2','col','OK','112233','US','5-6 Business Days','VItFTFYGsZOah0dEuRceJTqOqzy3TvLGTl1Hio3Z',0),(219,9,38.05,'2015-03-10 00:45:47','2015-03-10 00:45:47',0,3.05,35.00,0.00,'address1','addr2','col','OK','112233','US','5-6 Business Days','VItFTFYGsZOah0dEuRceJTqOqzy3TvLGTl1Hio3Z',0),(220,9,38.05,'2015-03-10 00:45:47','2015-03-10 00:45:47',0,3.05,35.00,0.00,'address1','addr2','col','OK','112233','US','5-6 Business Days','VItFTFYGsZOah0dEuRceJTqOqzy3TvLGTl1Hio3Z',0),(221,9,108.72,'2015-03-13 03:47:17','2015-03-13 03:47:17',0,8.72,100.00,0.00,'address1','addr2','col','OK','112233','US','5-6 Business Days','FbNkGx1NdBORUGDc6c7TarBM9geTpdunMsrgaAYE',0),(222,9,108.72,'2015-03-13 03:47:17','2015-03-13 03:47:17',0,8.72,100.00,0.00,'address1','addr2','col','OK','112233','US','5-6 Business Days','FbNkGx1NdBORUGDc6c7TarBM9geTpdunMsrgaAYE',0),(223,9,108.72,'2015-03-13 03:47:17','2015-03-13 03:47:17',0,8.72,100.00,0.00,'address1','addr2','col','OK','112233','US','5-6 Business Days','FbNkGx1NdBORUGDc6c7TarBM9geTpdunMsrgaAYE',0),(224,9,108.72,'2015-03-13 03:47:17','2015-03-13 03:47:17',0,8.72,100.00,0.00,'address1','addr2','col','OK','112233','US','5-6 Business Days','FbNkGx1NdBORUGDc6c7TarBM9geTpdunMsrgaAYE',0),(225,9,108.72,'2015-03-13 03:47:17','2015-03-13 03:47:17',0,8.72,100.00,0.00,'address1','addr2','col','OK','112233','US','5-6 Business Days','FbNkGx1NdBORUGDc6c7TarBM9geTpdunMsrgaAYE',0),(226,9,380.52,'2015-03-18 07:49:54','2015-03-18 07:49:54',0,30.52,350.00,0.00,'address1','addr2','col','OK','112233','US','5-6 Business Days','w0aoJ5XqIVDZx43DFUbNFsyNAyacAVzqTgXjRdAU',0),(227,9,380.52,'2015-03-18 07:49:54','2015-03-18 07:49:54',0,30.52,350.00,0.00,'address1','addr2','col','OK','112233','US','5-6 Business Days','w0aoJ5XqIVDZx43DFUbNFsyNAyacAVzqTgXjRdAU',0),(228,9,380.52,'2015-03-18 07:49:54','2015-03-18 07:49:54',0,30.52,350.00,0.00,'address1','addr2','col','OK','112233','US','5-6 Business Days','w0aoJ5XqIVDZx43DFUbNFsyNAyacAVzqTgXjRdAU',0),(229,9,76.10,'2015-03-18 07:49:54','2015-03-18 07:50:34',1,6.10,70.00,0.00,'address1','addr2','col','OK','112233','US','5-6 Business Days','opM2CtnaPMbJCNhKpJ1DA69HGBwfz2R8peX1ej2g',0),(230,10,222.45,'2015-03-18 08:21:28','2015-03-18 08:21:28',0,17.45,205.00,0.00,'Addr','','col','AL','1234','US','5-6 Business Days','fxSfB2HnmRR8ggsWX2vu9SmY6xkVCLi95zdsda6Z',0),(231,10,222.45,'2015-03-18 08:21:28','2015-03-18 08:21:28',0,17.45,205.00,0.00,'Addr','','col','AL','1234','US','5-6 Business Days','fxSfB2HnmRR8ggsWX2vu9SmY6xkVCLi95zdsda6Z',0),(232,10,222.45,'2015-03-18 08:21:28','2015-03-18 08:21:48',1,17.45,205.00,0.00,'Addr','','col','AL','1234','US','5-6 Business Days','wCwNPKXD2sxLQI3nGWfx85vlOPSawFsx30Uyb885',0),(233,9,64.27,'2015-03-27 07:05:27','2015-03-27 07:05:27',0,4.27,60.00,0.00,'add2','cjcjv','colum','OH','1122','US','5-6 Business Days','XnfaiAtaYMIqvOhwvgglyDbBHg59q4LqSGXNz5yX',0),(234,9,64.27,'2015-03-27 07:05:27','2015-03-27 07:05:27',0,4.27,60.00,0.00,'add2','cjcjv','colum','OH','1122','US','5-6 Business Days','XnfaiAtaYMIqvOhwvgglyDbBHg59q4LqSGXNz5yX',0),(235,9,64.27,'2015-03-27 07:05:27','2015-03-27 07:05:27',0,4.27,60.00,0.00,'add2','cjcjv','colum','OH','1122','US','5-6 Business Days','XnfaiAtaYMIqvOhwvgglyDbBHg59q4LqSGXNz5yX',0),(236,9,64.27,'2015-03-27 07:05:27','2015-03-27 07:05:27',0,4.27,60.00,0.00,'add2','cjcjv','colum','OH','1122','US','5-6 Business Days','XnfaiAtaYMIqvOhwvgglyDbBHg59q4LqSGXNz5yX',0),(237,9,64.27,'2015-03-27 07:05:27','2015-03-27 07:05:27',0,4.27,60.00,0.00,'add2','cjcjv','colum','OH','1122','US','5-6 Business Days','XnfaiAtaYMIqvOhwvgglyDbBHg59q4LqSGXNz5yX',0),(238,9,64.27,'2015-03-27 07:05:27','2015-03-27 07:05:27',0,4.27,60.00,0.00,'add2','cjcjv','colum','OH','1122','US','5-6 Business Days','XnfaiAtaYMIqvOhwvgglyDbBHg59q4LqSGXNz5yX',0),(239,9,64.27,'2015-03-27 07:05:27','2015-03-27 07:05:27',0,4.27,60.00,0.00,'add2','cjcjv','colum','OH','1122','US','5-6 Business Days','XnfaiAtaYMIqvOhwvgglyDbBHg59q4LqSGXNz5yX',0),(240,9,64.27,'2015-03-27 07:05:27','2015-03-27 07:05:27',0,4.27,60.00,0.00,'add2','cjcjv','colum','OH','1122','US','5-6 Business Days','XnfaiAtaYMIqvOhwvgglyDbBHg59q4LqSGXNz5yX',0),(241,9,64.27,'2015-03-27 07:05:27','2015-03-27 07:05:27',0,4.27,60.00,0.00,'add2','cjcjv','colum','OH','1122','US','5-6 Business Days','XnfaiAtaYMIqvOhwvgglyDbBHg59q4LqSGXNz5yX',0),(242,9,64.27,'2015-03-27 07:05:27','2015-03-27 07:05:27',0,4.27,60.00,0.00,'add2','cjcjv','colum','OH','1122','US','5-6 Business Days','XnfaiAtaYMIqvOhwvgglyDbBHg59q4LqSGXNz5yX',0),(243,9,38.05,'2015-03-30 06:23:52','2015-03-30 06:23:52',0,3.05,35.00,0.00,'address1','addr2','col','OK','112233','US','5-6 Business Days','1uFhFdxaKOdB85fVtqMKyhzM15omdwLN3YLYz5bs',0),(244,10,65.11,'2015-03-30 06:24:16','2015-03-30 06:24:16',0,5.11,60.00,0.00,'Addr','','col','AL','1234','US','5-6 Business Days','UQj8vHEby7dAYRQMkzMS7UmqpBsWKFC5ZIrwpedc',0),(245,10,65.11,'2015-03-30 06:24:16','2015-03-30 06:24:16',0,5.11,60.00,0.00,'Addr','','col','AL','1234','US','5-6 Business Days','UQj8vHEby7dAYRQMkzMS7UmqpBsWKFC5ZIrwpedc',0),(246,10,65.11,'2015-03-30 06:24:16','2015-03-30 06:24:16',0,5.11,60.00,0.00,'Addr','','col','AL','1234','US','5-6 Business Days','UQj8vHEby7dAYRQMkzMS7UmqpBsWKFC5ZIrwpedc',0),(247,10,65.11,'2015-03-30 06:24:16','2015-03-30 06:24:16',0,5.11,60.00,0.00,'Addr','','col','AL','1234','US','5-6 Business Days','UQj8vHEby7dAYRQMkzMS7UmqpBsWKFC5ZIrwpedc',0),(248,10,65.11,'2015-03-30 06:24:16','2015-03-30 06:24:16',0,5.11,60.00,0.00,'Addr','','col','AL','1234','US','5-6 Business Days','UQj8vHEby7dAYRQMkzMS7UmqpBsWKFC5ZIrwpedc',0),(249,10,65.11,'2015-03-30 06:24:16','2015-03-30 06:24:16',0,5.11,60.00,0.00,'Addr','','col','AL','1234','US','5-6 Business Days','UQj8vHEby7dAYRQMkzMS7UmqpBsWKFC5ZIrwpedc',0),(250,10,65.11,'2015-03-30 06:24:16','2015-03-30 06:24:16',0,5.11,60.00,0.00,'Addr','','col','AL','1234','US','5-6 Business Days','UQj8vHEby7dAYRQMkzMS7UmqpBsWKFC5ZIrwpedc',0),(251,10,65.11,'2015-03-30 06:24:16','2015-03-30 06:24:16',0,5.11,60.00,0.00,'Addr','','col','AL','1234','US','5-6 Business Days','UQj8vHEby7dAYRQMkzMS7UmqpBsWKFC5ZIrwpedc',0),(252,10,65.11,'2015-03-30 06:24:43','2015-03-30 06:24:43',0,5.11,60.00,0.00,'Addr','','col','AL','1234','US','5-6 Business Days','9DDCHdiNjX1OyMnkXOQtcdRVYp2iepykIcTGswso',0),(253,10,65.11,'2015-03-30 06:24:43','2015-03-30 06:24:43',0,5.11,60.00,0.00,'Addr','','col','AL','1234','US','5-6 Business Days','9DDCHdiNjX1OyMnkXOQtcdRVYp2iepykIcTGswso',0),(254,10,65.11,'2015-03-30 06:24:43','2015-03-30 06:24:43',0,5.11,60.00,0.00,'Addr','','col','AL','1234','US','5-6 Business Days','9DDCHdiNjX1OyMnkXOQtcdRVYp2iepykIcTGswso',0),(255,10,65.11,'2015-03-30 06:24:43','2015-03-30 06:24:43',0,5.11,60.00,0.00,'Addr','','col','AL','1234','US','5-6 Business Days','9DDCHdiNjX1OyMnkXOQtcdRVYp2iepykIcTGswso',0),(256,10,65.11,'2015-03-30 06:24:43','2015-03-30 06:24:43',0,5.11,60.00,0.00,'Addr','','col','AL','1234','US','5-6 Business Days','9DDCHdiNjX1OyMnkXOQtcdRVYp2iepykIcTGswso',0),(257,10,65.11,'2015-03-30 06:24:43','2015-03-30 06:24:43',0,5.11,60.00,0.00,'Addr','','col','AL','1234','US','5-6 Business Days','9DDCHdiNjX1OyMnkXOQtcdRVYp2iepykIcTGswso',0),(258,10,65.11,'2015-03-30 06:24:43','2015-03-30 06:24:43',0,5.11,60.00,0.00,'Addr','','col','AL','1234','US','5-6 Business Days','9DDCHdiNjX1OyMnkXOQtcdRVYp2iepykIcTGswso',0),(259,10,65.11,'2015-03-30 06:24:43','2015-03-30 06:24:43',0,5.11,60.00,0.00,'Addr','','col','AL','1234','US','5-6 Business Days','9DDCHdiNjX1OyMnkXOQtcdRVYp2iepykIcTGswso',0),(260,9,38.05,'2015-03-30 07:36:29','2015-03-30 07:39:34',0,3.05,35.00,0.00,'address1','addr2','col','OK','112233','US','5-6 Business Days','SaZtDnMpCwGVJWu6k0Hq0hkR0zcPHQVyeCCj4fUr',0),(261,9,65.23,'2015-03-31 03:09:18','2015-03-31 03:20:08',0,5.23,60.00,0.00,'address1','addr2','col','OK','112233','US','5-6 Business Days','ccrdck1nz7DpAuqhg1J5WnMez8SxXXoHofh6NvcQ',0),(262,9,38.05,'2015-03-31 04:56:16','2015-03-31 04:56:16',0,3.05,35.00,0.00,'address1','addr2','col','OK','112233','US','5-6 Business Days','CkSOG7elAhIX1ZQfC1uXqniXdHmz4pLS4KhheUNV',0),(263,9,30.00,'2015-03-31 04:59:36','2015-03-31 04:59:36',0,0.00,30.00,0.00,'address1','addr2','col','OK','112233','US','5-6 Business Days','CkSOG7elAhIX1ZQfC1uXqniXdHmz4pLS4KhheUNV',0),(264,9,30.00,'2015-03-31 05:07:33','2015-03-31 05:20:06',0,0.00,30.00,0.00,'address1','addr2','col','OK','112233','US','5-6 Business Days','uGcuTciRYseuPPVrAPw77biKj2lx9NSErcELcd5q',0),(265,9,38.05,'2015-03-31 05:10:24','2015-03-31 05:22:47',1,3.05,35.00,0.00,'address1','addr2','col','OK','112233','US','5-6 Business Days','SPt4eeT6NrH2oMALQLyRQZHbNRktIi9EKWDwue8F',0),(266,9,32.62,'2015-03-31 05:43:17','2015-03-31 05:43:17',0,2.62,30.00,0.00,'address1','addr2','col','OK','112233','US','5-6 Business Days','5qOVZMdDfoZMO3FsWIFaVeUIfPflrslX4t05L5R4',0),(267,9,38.05,'2015-03-31 05:45:10','2015-03-31 05:45:10',0,3.05,35.00,0.00,'address1','addr2','col','OK','112233','US','5-6 Business Days','5qOVZMdDfoZMO3FsWIFaVeUIfPflrslX4t05L5R4',0),(268,9,65.23,'2015-03-31 05:55:18','2015-03-31 06:09:33',0,5.23,60.00,0.00,'address1','addr2','col','OK','112233','US','5-6 Business Days','zjpSZl0r86YF78Hl733FpXNjH3Rypg4JHAEqmvjp',0),(269,9,38.05,'2015-06-03 00:55:46','2015-06-03 00:56:52',0,3.05,35.00,0.00,'address1','addr2','col','OK','112233','US','5-6 Business Days','EuSJQPWK0Ot0oWmprMLbpIyRnyOpeCo4Z4pt4AgA',0),(270,9,97.85,'2015-06-04 01:12:33','2015-06-04 01:12:33',0,7.85,90.00,0.00,'address1','addr2','col','OK','112233','US','5-6 Business Days','LncgjTj8QTZ1v9Mk6nfleyRrsV1DtWYqKwoYBTpZ',0),(271,9,38.05,'2015-06-04 01:35:19','2015-06-04 01:35:19',0,3.05,35.00,0.00,'address1','addr2','col','OK','112233','US','5-6 Business Days','oN5WQf0qzRJKbaeHdP2s3idN5Fpqc3MHynfcCepz',0),(272,9,32.62,'2015-06-05 07:46:12','2015-06-05 07:46:39',1,2.62,30.00,0.00,'address1','addr2','col','OK','112233','US','5-6 Business Days','gz7iAoyUoa8VwEilTVkfV9h5jC5IbXkO3gGAfs2i',2),(273,9,31.53,'2015-06-05 07:54:44','2015-06-05 07:57:55',1,2.53,29.00,0.00,'address1','addr2','col','OK','112233','US','5-6 Business Days','XY1HC7zVX9gSQRX5l9G9ZyPmJFYf2IxMTIX02eqD',2),(274,9,38.05,'2015-06-06 02:38:34','2015-06-06 02:38:34',0,3.05,35.00,0.00,'address1','addr2','col','OK','112233','US','5-6 Business Days','KuRcsfIxIUwm2j2eWWT8ctXMkrL2OsDX9XArYXdm',0),(275,9,38.05,'2015-06-06 02:38:55','2015-06-06 02:38:55',0,3.05,35.00,0.00,'address1','addr2','col','OK','112233','US','5-6 Business Days','KuRcsfIxIUwm2j2eWWT8ctXMkrL2OsDX9XArYXdm',0),(276,9,38.05,'2015-06-06 03:06:01','2015-06-06 03:06:01',0,3.05,35.00,0.00,'address1','addr2','col','OK','112233','US','5-6 Business Days','GRJxqduNyZ87CZEe2hljM7sEQYaxuCDV8hMZNm9K',0),(277,9,38.05,'2015-06-06 03:09:59','2015-06-06 03:09:59',0,3.05,35.00,0.00,'address1','addr2','col','OK','112233','US','5-6 Business Days','GRJxqduNyZ87CZEe2hljM7sEQYaxuCDV8hMZNm9K',0),(278,9,38.05,'2015-06-06 03:11:17','2015-06-06 03:11:17',0,3.05,35.00,0.00,'address1','addr2','col','OK','112233','US','5-6 Business Days','GRJxqduNyZ87CZEe2hljM7sEQYaxuCDV8hMZNm9K',0),(279,9,38.05,'2015-06-06 03:12:03','2015-06-06 03:12:03',0,3.05,35.00,0.00,'address1','addr2','col','OK','112233','US','5-6 Business Days','GRJxqduNyZ87CZEe2hljM7sEQYaxuCDV8hMZNm9K',0),(280,9,38.05,'2015-06-06 03:15:34','2015-06-06 03:15:53',1,3.05,35.00,0.00,'address1','addr2','col','OK','112233','US','5-6 Business Days','GRJxqduNyZ87CZEe2hljM7sEQYaxuCDV8hMZNm9K',2);
/*!40000 ALTER TABLE `orders` ENABLE KEYS */;
UNLOCK TABLES;

--
-- Table structure for table `payment_invoice`
--

DROP TABLE IF EXISTS `payment_invoice`;
/*!40101 SET @saved_cs_client     = @@character_set_client */;
/*!40101 SET character_set_client = utf8 */;
CREATE TABLE `payment_invoice` (
  `pay_invoice_id` int(10) NOT NULL AUTO_INCREMENT,
  `pay_inv_number` varchar(100) NOT NULL,
  `pay_inv_date` datetime NOT NULL,
  `order_id` int(10) NOT NULL,
  `pay_inv_status` tinyint(1) NOT NULL,
  `user_id` int(10) NOT NULL,
  PRIMARY KEY (`pay_invoice_id`)
) ENGINE=InnoDB DEFAULT CHARSET=latin1;
/*!40101 SET character_set_client = @saved_cs_client */;

--
-- Dumping data for table `payment_invoice`
--

LOCK TABLES `payment_invoice` WRITE;
/*!40000 ALTER TABLE `payment_invoice` DISABLE KEYS */;
/*!40000 ALTER TABLE `payment_invoice` ENABLE KEYS */;
UNLOCK TABLES;

--
-- Table structure for table `payment_methods`
--

DROP TABLE IF EXISTS `payment_methods`;
/*!40101 SET @saved_cs_client     = @@character_set_client */;
/*!40101 SET character_set_client = utf8 */;
CREATE TABLE `payment_methods` (
  `pay_method_id` int(10) NOT NULL AUTO_INCREMENT,
  `pay_method_name` varchar(256) NOT NULL,
  PRIMARY KEY (`pay_method_id`)
) ENGINE=InnoDB AUTO_INCREMENT=3 DEFAULT CHARSET=latin1;
/*!40101 SET character_set_client = @saved_cs_client */;

--
-- Dumping data for table `payment_methods`
--

LOCK TABLES `payment_methods` WRITE;
/*!40000 ALTER TABLE `payment_methods` DISABLE KEYS */;
INSERT INTO `payment_methods` VALUES (1,'Save Order'),(2,'Paypal');
/*!40000 ALTER TABLE `payment_methods` ENABLE KEYS */;
UNLOCK TABLES;

--
-- Table structure for table `prod_attrib`
--

DROP TABLE IF EXISTS `prod_attrib`;
/*!40101 SET @saved_cs_client     = @@character_set_client */;
/*!40101 SET character_set_client = utf8 */;
CREATE TABLE `prod_attrib` (
  `attrib_id` int(10) NOT NULL AUTO_INCREMENT,
  `attrib_name` varchar(200) NOT NULL,
  PRIMARY KEY (`attrib_id`)
) ENGINE=InnoDB DEFAULT CHARSET=latin1;
/*!40101 SET character_set_client = @saved_cs_client */;

--
-- Dumping data for table `prod_attrib`
--

LOCK TABLES `prod_attrib` WRITE;
/*!40000 ALTER TABLE `prod_attrib` DISABLE KEYS */;
/*!40000 ALTER TABLE `prod_attrib` ENABLE KEYS */;
UNLOCK TABLES;

--
-- Table structure for table `prod_attrib_ref`
--

DROP TABLE IF EXISTS `prod_attrib_ref`;
/*!40101 SET @saved_cs_client     = @@character_set_client */;
/*!40101 SET character_set_client = utf8 */;
CREATE TABLE `prod_attrib_ref` (
  `prod_attrib_ref_id` int(10) NOT NULL AUTO_INCREMENT,
  `prod_id` int(10) NOT NULL,
  `attrib_ref_set` varchar(100) NOT NULL,
  PRIMARY KEY (`prod_attrib_ref_id`)
) ENGINE=InnoDB DEFAULT CHARSET=latin1;
/*!40101 SET character_set_client = @saved_cs_client */;

--
-- Dumping data for table `prod_attrib_ref`
--

LOCK TABLES `prod_attrib_ref` WRITE;
/*!40000 ALTER TABLE `prod_attrib_ref` DISABLE KEYS */;
/*!40000 ALTER TABLE `prod_attrib_ref` ENABLE KEYS */;
UNLOCK TABLES;

--
-- Table structure for table `prod_cat`
--

DROP TABLE IF EXISTS `prod_cat`;
/*!40101 SET @saved_cs_client     = @@character_set_client */;
/*!40101 SET character_set_client = utf8 */;
CREATE TABLE `prod_cat` (
  `cat_id` int(10) NOT NULL AUTO_INCREMENT,
  `cat_name` varchar(200) NOT NULL,
  `cat_status` tinyint(1) NOT NULL DEFAULT '1',
  PRIMARY KEY (`cat_id`)
) ENGINE=InnoDB AUTO_INCREMENT=9 DEFAULT CHARSET=latin1;
/*!40101 SET character_set_client = @saved_cs_client */;

--
-- Dumping data for table `prod_cat`
--

LOCK TABLES `prod_cat` WRITE;
/*!40000 ALTER TABLE `prod_cat` DISABLE KEYS */;
INSERT INTO `prod_cat` VALUES (1,'Men',1),(2,'Women',1),(3,'Activewear',1),(4,'Jackets',1),(5,'Shoes',1),(6,'Activewear',1),(7,'Jackets',1),(8,'Shoes',1);
/*!40000 ALTER TABLE `prod_cat` ENABLE KEYS */;
UNLOCK TABLES;

--
-- Table structure for table `prod_cat_ref`
--

DROP TABLE IF EXISTS `prod_cat_ref`;
/*!40101 SET @saved_cs_client     = @@character_set_client */;
/*!40101 SET character_set_client = utf8 */;
CREATE TABLE `prod_cat_ref` (
  `prod_cat_ref_id` int(10) NOT NULL AUTO_INCREMENT,
  `prod_id` int(10) NOT NULL,
  `cat_id` int(10) NOT NULL,
  `prod_status` tinyint(1) NOT NULL DEFAULT '1',
  PRIMARY KEY (`prod_cat_ref_id`)
) ENGINE=InnoDB AUTO_INCREMENT=19 DEFAULT CHARSET=latin1;
/*!40101 SET character_set_client = @saved_cs_client */;

--
-- Dumping data for table `prod_cat_ref`
--

LOCK TABLES `prod_cat_ref` WRITE;
/*!40000 ALTER TABLE `prod_cat_ref` DISABLE KEYS */;
INSERT INTO `prod_cat_ref` VALUES (1,6769,3,1),(2,6770,3,1),(3,6771,3,1),(4,6772,4,1),(5,6773,4,1),(6,6774,4,1),(7,6775,5,1),(8,6776,5,1),(9,6777,5,1),(10,6778,6,1),(11,6779,6,1),(12,6780,6,1),(13,6781,7,1),(14,6782,7,1),(15,6783,7,1),(16,6784,8,1),(17,6785,8,1),(18,6786,8,1);
/*!40000 ALTER TABLE `prod_cat_ref` ENABLE KEYS */;
UNLOCK TABLES;

--
-- Table structure for table `prod_tags`
--

DROP TABLE IF EXISTS `prod_tags`;
/*!40101 SET @saved_cs_client     = @@character_set_client */;
/*!40101 SET character_set_client = utf8 */;
CREATE TABLE `prod_tags` (
  `prod_tag_id` int(10) NOT NULL AUTO_INCREMENT,
  `prod_id` int(10) NOT NULL,
  `prod_tag_name` varchar(256) DEFAULT NULL,
  PRIMARY KEY (`prod_tag_id`),
  FULLTEXT KEY `prod_tag_name` (`prod_tag_name`)
) ENGINE=MyISAM DEFAULT CHARSET=latin1;
/*!40101 SET character_set_client = @saved_cs_client */;

--
-- Dumping data for table `prod_tags`
--

LOCK TABLES `prod_tags` WRITE;
/*!40000 ALTER TABLE `prod_tags` DISABLE KEYS */;
/*!40000 ALTER TABLE `prod_tags` ENABLE KEYS */;
UNLOCK TABLES;

--
-- Table structure for table `shipping_methods`
--

DROP TABLE IF EXISTS `shipping_methods`;
/*!40101 SET @saved_cs_client     = @@character_set_client */;
/*!40101 SET character_set_client = utf8 */;
CREATE TABLE `shipping_methods` (
  `ship_method_id` int(10) NOT NULL AUTO_INCREMENT,
  `ship_method_name` varchar(256) NOT NULL,
  `ship_method_details` varchar(256) NOT NULL,
  `ship_method_rate` varchar(100) NOT NULL,
  PRIMARY KEY (`ship_method_id`)
) ENGINE=InnoDB AUTO_INCREMENT=2 DEFAULT CHARSET=latin1;
/*!40101 SET character_set_client = @saved_cs_client */;

--
-- Dumping data for table `shipping_methods`
--

LOCK TABLES `shipping_methods` WRITE;
/*!40000 ALTER TABLE `shipping_methods` DISABLE KEYS */;
INSERT INTO `shipping_methods` VALUES (1,'General Shipping','5-6 Business Days','{\"A\":0.00}');
/*!40000 ALTER TABLE `shipping_methods` ENABLE KEYS */;
UNLOCK TABLES;
/*!40103 SET TIME_ZONE=@OLD_TIME_ZONE */;

/*!40101 SET SQL_MODE=@OLD_SQL_MODE */;
/*!40014 SET FOREIGN_KEY_CHECKS=@OLD_FOREIGN_KEY_CHECKS */;
/*!40014 SET UNIQUE_CHECKS=@OLD_UNIQUE_CHECKS */;
/*!40101 SET CHARACTER_SET_CLIENT=@OLD_CHARACTER_SET_CLIENT */;
/*!40101 SET CHARACTER_SET_RESULTS=@OLD_CHARACTER_SET_RESULTS */;
/*!40101 SET COLLATION_CONNECTION=@OLD_COLLATION_CONNECTION */;
/*!40111 SET SQL_NOTES=@OLD_SQL_NOTES */;

-- Dump completed on 2015-09-11  2:58:27
