-- MySQL dump 10.13  Distrib 5.5.42, for Linux (x86_64)
--
-- Host: localhost    Database: devarapp_client_target
-- ------------------------------------------------------
-- Server version	5.5.42-cll

/*!40101 SET @OLD_CHARACTER_SET_CLIENT=@@CHARACTER_SET_CLIENT */;
/*!40101 SET @OLD_CHARACTER_SET_RESULTS=@@CHARACTER_SET_RESULTS */;
/*!40101 SET @OLD_COLLATION_CONNECTION=@@COLLATION_CONNECTION */;
/*!40101 SET NAMES utf8 */;
/*!40103 SET @OLD_TIME_ZONE=@@TIME_ZONE */;
/*!40103 SET TIME_ZONE='+00:00' */;
/*!40014 SET @OLD_UNIQUE_CHECKS=@@UNIQUE_CHECKS, UNIQUE_CHECKS=0 */;
/*!40014 SET @OLD_FOREIGN_KEY_CHECKS=@@FOREIGN_KEY_CHECKS, FOREIGN_KEY_CHECKS=0 */;
/*!40101 SET @OLD_SQL_MODE=@@SQL_MODE, SQL_MODE='NO_AUTO_VALUE_ON_ZERO' */;
/*!40111 SET @OLD_SQL_NOTES=@@SQL_NOTES, SQL_NOTES=0 */;

--
-- Table structure for table `attrib_ref`
--

DROP TABLE IF EXISTS `attrib_ref`;
/*!40101 SET @saved_cs_client     = @@character_set_client */;
/*!40101 SET character_set_client = utf8 */;
CREATE TABLE `attrib_ref` (
  `attrib_ref_id` int(10) NOT NULL AUTO_INCREMENT,
  `prod_id` int(10) NOT NULL,
  `attrib_id` int(10) NOT NULL,
  `attrib_value` varchar(100) DEFAULT NULL,
  PRIMARY KEY (`attrib_ref_id`),
  FULLTEXT KEY `attrib_value` (`attrib_value`)
) ENGINE=MyISAM DEFAULT CHARSET=latin1;
/*!40101 SET character_set_client = @saved_cs_client */;

--
-- Dumping data for table `attrib_ref`
--

LOCK TABLES `attrib_ref` WRITE;
/*!40000 ALTER TABLE `attrib_ref` DISABLE KEYS */;
/*!40000 ALTER TABLE `attrib_ref` ENABLE KEYS */;
UNLOCK TABLES;

--
-- Table structure for table `cat_ref`
--

DROP TABLE IF EXISTS `cat_ref`;
/*!40101 SET @saved_cs_client     = @@character_set_client */;
/*!40101 SET character_set_client = utf8 */;
CREATE TABLE `cat_ref` (
  `cat_ref_id` int(10) NOT NULL AUTO_INCREMENT,
  `cat_parent_id` int(10) NOT NULL,
  `cat_id` int(10) NOT NULL,
  PRIMARY KEY (`cat_ref_id`)
) ENGINE=InnoDB AUTO_INCREMENT=7 DEFAULT CHARSET=latin1;
/*!40101 SET character_set_client = @saved_cs_client */;

--
-- Dumping data for table `cat_ref`
--

LOCK TABLES `cat_ref` WRITE;
/*!40000 ALTER TABLE `cat_ref` DISABLE KEYS */;
INSERT INTO `cat_ref` VALUES (1,0,1),(2,0,2),(3,0,3),(4,0,4),(5,4,5),(6,4,6);
/*!40000 ALTER TABLE `cat_ref` ENABLE KEYS */;
UNLOCK TABLES;

--
-- Table structure for table `order_details`
--

DROP TABLE IF EXISTS `order_details`;
/*!40101 SET @saved_cs_client     = @@character_set_client */;
/*!40101 SET character_set_client = utf8 */;
CREATE TABLE `order_details` (
  `order_details_id` int(10) NOT NULL AUTO_INCREMENT,
  `order_id` int(10) NOT NULL,
  `prod_id` int(10) NOT NULL,
  `prod_name` varchar(256) NOT NULL,
  `prod_price` decimal(10,2) NOT NULL,
  `prod_quantity` decimal(10,2) NOT NULL,
  `prod_attribs` text NOT NULL,
  PRIMARY KEY (`order_details_id`)
) ENGINE=InnoDB AUTO_INCREMENT=1129 DEFAULT CHARSET=latin1;
/*!40101 SET character_set_client = @saved_cs_client */;

--
-- Dumping data for table `order_details`
--

LOCK TABLES `order_details` WRITE;
/*!40000 ALTER TABLE `order_details` DISABLE KEYS */;
INSERT INTO `order_details` VALUES (1,1,6759,'Mallory Upholstered Chair - Solids',169.99,1.00,''),(2,2,6759,'Mallory Upholstered Chair - Solids',169.99,1.00,''),(3,2,6752,'Men\'s Tech Long Sleeve T-Shirt',14.99,1.00,''),(4,3,6760,'Dorel Glider Rocker Combo',99.99,1.00,''),(5,3,6744,'Full Zip Hoodie Mint',15.00,1.00,''),(6,4,6746,'ME LS V-Neck Tee',12.00,1.00,''),(7,4,6755,'Boys\' Microfleece Quarter Zip',12.99,1.00,''),(8,5,6744,'Full Zip Hoodie Mint',15.00,1.00,''),(9,6,6744,'Full Zip Hoodie Mint',15.00,1.00,''),(10,7,6744,'Full Zip Hoodie Mint',15.00,1.00,''),(11,8,6744,'Full Zip Hoodie Mint',15.00,1.00,''),(12,8,6750,'Mickey Mouse Men\'s T-Shirt',12.99,1.00,''),(13,8,6755,'Boys\' Microfleece Quarter Zip',12.99,1.00,''),(14,9,6757,'Boys\' School Uniform Long-Sleeve Pique Polo',10.99,1.00,''),(15,10,6744,'Full Zip Hoodie Mint',15.00,2.00,''),(16,11,6744,'Full Zip Hoodie Mint',15.00,1.00,''),(17,12,6744,'Full Zip Hoodie Mint',15.00,1.00,''),(18,11,6745,'Short Sleeve V-Neck Tee',10.00,1.00,''),(19,13,6745,'Short Sleeve V-Neck Tee',10.00,1.00,''),(20,14,6745,'Short Sleeve V-Neck Tee',10.00,1.00,''),(21,15,6745,'Short Sleeve V-Neck Tee',10.00,1.00,''),(22,16,6745,'Short Sleeve V-Neck Tee',10.00,1.00,''),(23,17,6745,'Short Sleeve V-Neck Tee',10.00,2.00,''),(24,17,6746,'ME LS V-Neck Tee',12.00,1.00,''),(25,18,6744,'Full Zip Hoodie Mint',15.00,2.00,''),(26,19,6744,'Full Zip Hoodie Mint',15.00,1.00,''),(27,20,6744,'Full Zip Hoodie Mint',15.00,1.00,''),(28,21,6744,'Full Zip Hoodie Mint',15.00,1.00,''),(29,22,6744,'Full Zip Hoodie Mint',15.00,1.00,''),(30,23,6744,'Full Zip Hoodie Mint',15.00,1.00,''),(31,24,6744,'Full Zip Hoodie Mint',15.00,1.00,''),(32,25,6744,'Full Zip Hoodie Mint',15.00,1.00,''),(33,26,6744,'Full Zip Hoodie Mint',15.00,1.00,''),(34,27,6744,'Full Zip Hoodie Mint',15.00,1.00,''),(35,28,6744,'Full Zip Hoodie Mint',15.00,1.00,''),(36,29,6744,'Full Zip Hoodie Mint',15.00,1.00,''),(37,30,6744,'Full Zip Hoodie Mint',15.00,1.00,''),(38,31,6744,'Full Zip Hoodie Mint',15.00,1.00,''),(39,32,6744,'Full Zip Hoodie Mint',15.00,1.00,''),(40,33,6744,'Full Zip Hoodie Mint',15.00,1.00,''),(41,34,6746,'ME LS V-Neck Tee',12.00,1.00,''),(42,35,6746,'ME LS V-Neck Tee',12.00,1.00,''),(43,35,6760,'Dorel Glider Rocker Combo',99.99,1.00,''),(44,36,6746,'ME LS V-Neck Tee',12.00,1.00,''),(45,36,6760,'Dorel Glider Rocker Combo',99.99,1.00,''),(46,37,6744,'Full Zip Hoodie Mint',15.00,1.00,''),(47,38,6745,'Short Sleeve V-Neck Tee',10.00,1.00,''),(48,39,6744,'Full Zip Hoodie Mint',15.00,1.00,''),(49,40,6744,'Full Zip Hoodie Mint',15.00,5.00,''),(50,41,6744,'Full Zip Hoodie Mint',15.00,5.00,''),(51,42,6744,'Full Zip Hoodie Mint',15.00,5.00,''),(52,43,6744,'Full Zip Hoodie Mint',15.00,1.00,''),(53,44,6744,'Full Zip Hoodie Mint',15.00,1.00,''),(54,44,6748,'Cami Merona®',9.00,1.00,''),(55,45,6744,'Full Zip Hoodie Mint',15.00,1.00,''),(56,45,6748,'Cami Merona®',9.00,1.00,''),(57,46,6744,'Full Zip Hoodie Mint',15.00,1.00,''),(58,47,6745,'Short Sleeve V-Neck Tee',10.00,1.00,''),(59,47,6746,'ME LS V-Neck Tee',12.00,1.00,''),(60,48,6753,'Men\'s Denim Button Down',15.00,1.00,''),(61,49,6744,'Full Zip Hoodie Mint',15.00,1.00,''),(62,50,6745,'Short Sleeve V-Neck Tee',10.00,1.00,''),(63,51,6751,'Seven7 Men\'s Button Down Shirt - Navy',8.74,1.00,''),(64,52,6744,'Full Zip Hoodie Mint',15.00,1.00,''),(65,53,6745,'Short Sleeve V-Neck Tee',10.00,1.00,''),(66,54,6744,'Full Zip Hoodie Mint',15.00,1.00,''),(67,55,6744,'Full Zip Hoodie Mint',15.00,1.00,''),(68,56,6744,'Full Zip Hoodie Mint',15.00,1.00,''),(69,57,6744,'Full Zip Hoodie Mint',15.00,1.00,''),(70,58,6750,'Mickey Mouse Men\'s T-Shirt',12.99,1.00,''),(71,59,6746,'ME LS V-Neck Tee',12.00,1.00,''),(72,60,6744,'Full Zip Hoodie Mint',15.00,2.00,''),(73,61,6751,'Seven7 Men\'s Button Down Shirt - Navy',8.74,1.00,''),(74,62,6751,'Seven7 Men\'s Button Down Shirt - Navy',8.74,1.00,''),(75,63,6754,'Boys\' Solid Polo',8.00,1.00,''),(76,64,6744,'Full Zip Hoodie Mint',15.00,1.00,''),(77,65,6744,'Full Zip Hoodie Mint',15.00,1.00,''),(78,66,6745,'Short Sleeve V-Neck Tee',10.00,1.00,''),(79,67,6768,'Sketch Bands 16 Piece Dinnerware Set',29.99,1.00,''),(80,68,6751,'Seven7 Men\'s Button Down Shirt - Navy',8.74,1.00,''),(81,69,6753,'Men\'s Denim Button Down',15.00,1.00,''),(82,70,6744,'Full Zip Hoodie Mint',15.00,2.00,''),(83,71,6745,'Short Sleeve V-Neck Tee',10.00,1.00,''),(84,72,6760,'Dorel Glider Rocker Combo',99.99,1.00,''),(85,73,6745,'Short Sleeve V-Neck Tee',10.00,1.00,''),(86,74,6754,'Boys\' Solid Polo',8.00,1.00,''),(87,75,6758,'Boys\' Striped Henley Shirt',19.99,1.00,''),(88,76,6746,'ME LS V-Neck Tee',12.00,1.00,''),(89,77,6764,'Camden 16 Piece Dinnerware Set',59.99,1.00,''),(90,78,6744,'Full Zip Hoodie Mint',15.00,1.00,''),(91,79,6744,'Full Zip Hoodie Mint',15.00,1.00,''),(92,80,6745,'Short Sleeve V-Neck Tee',10.00,1.00,''),(93,81,6744,'Full Zip Hoodie Mint',15.00,1.00,''),(94,82,6744,'Full Zip Hoodie Mint',15.00,1.00,''),(95,83,6744,'Full Zip Hoodie Mint',15.00,1.00,''),(96,84,6745,'Short Sleeve V-Neck Tee',10.00,1.00,''),(97,85,6745,'Short Sleeve V-Neck Tee',10.00,8.00,''),(98,86,6745,'Short Sleeve V-Neck Tee',10.00,9.00,''),(99,87,6744,'Full Zip Hoodie Mint',15.00,1.00,''),(100,88,6750,'Mickey Mouse Men\'s T-Shirt',12.99,1.00,''),(101,89,6744,'Full Zip Hoodie Mint',15.00,1.00,''),(102,90,6744,'Full Zip Hoodie Mint',15.00,9.00,''),(103,91,6744,'Full Zip Hoodie Mint',15.00,2.00,''),(104,92,6745,'Short Sleeve V-Neck Tee',10.00,19.00,''),(105,93,6745,'Short Sleeve V-Neck Tee',10.00,1.00,''),(106,94,6752,'Men\'s Tech Long Sleeve T-Shirt',14.99,3.00,''),(107,95,6745,'Short Sleeve V-Neck Tee',10.00,9.00,''),(108,96,6751,'Seven7 Men\'s Button Down Shirt - Navy',8.74,1.00,''),(109,97,6751,'Seven7 Men\'s Button Down Shirt - Navy',8.74,1.00,''),(110,98,6751,'Seven7 Men\'s Button Down Shirt - Navy',8.74,1.00,''),(111,99,6748,'Cami Merona®',9.00,1.00,''),(112,100,6751,'Seven7 Men\'s Button Down Shirt - Navy',8.74,1.00,''),(113,101,6748,'Cami Merona®',9.00,1.00,''),(114,102,6748,'Cami Merona®',9.00,10.00,''),(115,103,6748,'Cami Merona®',9.00,2.00,''),(116,104,6748,'Cami Merona®',9.00,2.00,''),(117,105,6748,'Cami Merona®',9.00,3.00,''),(118,106,6744,'Full Zip Hoodie Mint',15.00,1.00,''),(119,107,6748,'Cami Merona®',9.00,7.00,''),(120,108,6752,'Men\'s Tech Long Sleeve T-Shirt',14.99,4.00,''),(121,109,6744,'Full Zip Hoodie Mint',15.00,2.00,''),(122,110,6745,'Short Sleeve V-Neck Tee',10.00,1.00,''),(123,111,6744,'Full Zip Hoodie Mint',15.00,1.00,''),(124,112,6746,'ME LS V-Neck Tee',12.00,1.00,''),(125,113,6744,'Full Zip Hoodie Mint',15.00,2.00,''),(126,114,6744,'Full Zip Hoodie Mint',15.00,9.00,''),(127,115,6744,'Full Zip Hoodie Mint',15.00,1.00,''),(128,116,6745,'Short Sleeve V-Neck Tee',10.00,9.00,''),(129,117,6759,'Mallory Upholstered Chair - Solids',169.99,2.00,''),(130,118,6746,'ME LS V-Neck Tee',12.00,2.00,''),(131,118,6747,'Chevron Printed Blouse - Self Esteem',11.98,1.00,''),(132,118,6749,'Long Sleeve T-Shirt',7.99,1.00,''),(133,119,6759,'Mallory Upholstered Chair - Solids',169.99,3.00,''),(134,120,6745,'Short Sleeve V-Neck Tee',10.00,6.00,''),(135,121,6745,'Short Sleeve V-Neck Tee',10.00,2.00,''),(136,121,6749,'Long Sleeve T-Shirt',7.99,1.00,''),(137,121,6758,'Boys\' Striped Henley Shirt',19.99,1.00,''),(138,122,6749,'Long Sleeve T-Shirt',7.99,1.00,''),(139,122,6758,'Boys\' Striped Henley Shirt',19.99,1.00,''),(140,123,6744,'Full Zip Hoodie Mint',15.00,1.00,''),(141,124,6744,'Full Zip Hoodie Mint',15.00,1.00,''),(142,124,6746,'ME LS V-Neck Tee',12.00,1.00,''),(143,124,6745,'Short Sleeve V-Neck Tee',10.00,1.00,''),(144,125,6745,'Short Sleeve V-Neck Tee',10.00,6.00,''),(145,126,6745,'Short Sleeve V-Neck Tee',10.00,6.00,''),(146,131,6745,'Short Sleeve V-Neck Tee',10.00,6.00,''),(147,132,6745,'Short Sleeve V-Neck Tee',10.00,6.00,''),(148,133,6745,'Short Sleeve V-Neck Tee',10.00,6.00,''),(149,134,6745,'Short Sleeve V-Neck Tee',10.00,6.00,''),(150,135,6745,'Short Sleeve V-Neck Tee',10.00,6.00,''),(151,136,6745,'Short Sleeve V-Neck Tee',10.00,6.00,''),(152,137,6748,'Cami Merona®',9.00,1.00,''),(153,138,6748,'Cami Merona®',9.00,1.00,''),(154,139,6748,'Cami Merona®',9.00,1.00,''),(155,140,6748,'Cami Merona®',9.00,1.00,''),(156,141,6749,'Long Sleeve T-Shirt',7.99,1.00,''),(157,142,6749,'Long Sleeve T-Shirt',7.99,1.00,''),(158,143,6749,'Long Sleeve T-Shirt',7.99,1.00,''),(159,144,6749,'Long Sleeve T-Shirt',7.99,1.00,''),(160,145,6749,'Long Sleeve T-Shirt',7.99,1.00,''),(161,146,6749,'Long Sleeve T-Shirt',7.99,1.00,''),(162,147,6749,'Long Sleeve T-Shirt',7.99,1.00,''),(163,148,6749,'Long Sleeve T-Shirt',7.99,1.00,''),(164,149,6745,'Short Sleeve V-Neck Tee',10.00,1.00,''),(165,149,6744,'Full Zip Hoodie Mint',15.00,1.00,''),(166,149,6749,'Long Sleeve T-Shirt',7.99,1.00,''),(167,150,6747,'Chevron Printed Blouse - Self Esteem',11.98,1.00,''),(168,150,6751,'Seven7 Men\'s Button Down Shirt - Navy',8.74,1.00,''),(169,150,6754,'Boys\' Solid Polo',8.00,1.00,''),(170,150,6757,'Boys\' School Uniform Long-Sleeve Pique Polo',10.99,1.00,''),(171,151,6750,'Mickey Mouse Men\'s T-Shirt',12.99,1.00,''),(172,151,6747,'Chevron Printed Blouse - Self Esteem',11.98,1.00,''),(173,151,6761,'Burke Armless Slipper Chair - Peacock Chevron',79.98,1.00,''),(174,151,6749,'Long Sleeve T-Shirt',7.99,1.00,''),(175,151,6744,'Full Zip Hoodie Mint',15.00,1.00,''),(176,152,6745,'Short Sleeve V-Neck Tee',10.00,1.00,''),(177,152,6744,'Full Zip Hoodie Mint',15.00,1.00,''),(178,153,6750,'Mickey Mouse Men\'s T-Shirt',12.99,1.00,''),(179,153,6749,'Long Sleeve T-Shirt',7.99,1.00,''),(180,154,6744,'Full Zip Hoodie Mint',15.00,1.00,''),(181,154,6762,'Slipper Chair - Gray Trellis',101.98,1.00,''),(182,155,6744,'Full Zip Hoodie Mint',15.00,1.00,''),(183,155,6762,'Slipper Chair - Gray Trellis',101.98,1.00,''),(184,156,6744,'Full Zip Hoodie Mint',15.00,1.00,''),(185,156,6762,'Slipper Chair - Gray Trellis',101.98,1.00,''),(186,157,6744,'Full Zip Hoodie Mint',15.00,1.00,''),(187,157,6762,'Slipper Chair - Gray Trellis',101.98,1.00,''),(188,158,6744,'Full Zip Hoodie Mint',15.00,1.00,''),(189,158,6762,'Slipper Chair - Gray Trellis',101.98,1.00,''),(190,159,6744,'Full Zip Hoodie Mint',15.00,1.00,''),(191,159,6762,'Slipper Chair - Gray Trellis',101.98,1.00,''),(192,160,6744,'Full Zip Hoodie Mint',15.00,1.00,''),(193,160,6762,'Slipper Chair - Gray Trellis',101.98,1.00,''),(194,161,6744,'Full Zip Hoodie Mint',15.00,1.00,''),(195,161,6762,'Slipper Chair - Gray Trellis',101.98,1.00,''),(196,162,6744,'Full Zip Hoodie Mint',15.00,1.00,''),(197,162,6762,'Slipper Chair - Gray Trellis',101.98,1.00,''),(198,163,6744,'Full Zip Hoodie Mint',15.00,1.00,''),(199,163,6762,'Slipper Chair - Gray Trellis',101.98,1.00,''),(200,164,6744,'Full Zip Hoodie Mint',15.00,1.00,''),(201,164,6762,'Slipper Chair - Gray Trellis',101.98,1.00,''),(202,165,6744,'Full Zip Hoodie Mint',15.00,1.00,''),(203,165,6762,'Slipper Chair - Gray Trellis',101.98,1.00,''),(204,166,6744,'Full Zip Hoodie Mint',15.00,1.00,''),(205,166,6762,'Slipper Chair - Gray Trellis',101.98,1.00,''),(206,166,6765,'Square Glazed 16-piece Dinnerware Set',69.99,1.00,''),(207,167,6744,'Full Zip Hoodie Mint',15.00,1.00,''),(208,167,6762,'Slipper Chair - Gray Trellis',101.98,1.00,''),(209,167,6765,'Square Glazed 16-piece Dinnerware Set',69.99,1.00,''),(210,168,6744,'Full Zip Hoodie Mint',15.00,1.00,''),(211,168,6762,'Slipper Chair - Gray Trellis',101.98,1.00,''),(212,168,6765,'Square Glazed 16-piece Dinnerware Set',69.99,1.00,''),(213,169,6756,'Boys\' School Uniform Long-Sleeve Oxford Shirt',14.99,1.00,''),(214,170,6756,'Boys\' School Uniform Long-Sleeve Oxford Shirt',14.99,1.00,''),(215,171,6756,'Boys\' School Uniform Long-Sleeve Oxford Shirt',14.99,1.00,''),(216,172,6756,'Boys\' School Uniform Long-Sleeve Oxford Shirt',14.99,1.00,''),(217,173,6756,'Boys\' School Uniform Long-Sleeve Oxford Shirt',14.99,1.00,''),(218,174,6756,'Boys\' School Uniform Long-Sleeve Oxford Shirt',14.99,1.00,''),(219,175,6752,'Men\'s Tech Long Sleeve T-Shirt',14.99,1.00,''),(220,176,6752,'Men\'s Tech Long Sleeve T-Shirt',14.99,1.00,''),(221,177,6752,'Men\'s Tech Long Sleeve T-Shirt',14.99,1.00,''),(222,178,6744,'Full Zip Hoodie Mint',15.00,1.00,''),(223,179,6744,'Full Zip Hoodie Mint',15.00,1.00,''),(224,180,6744,'Full Zip Hoodie Mint',15.00,1.00,''),(225,181,6744,'Full Zip Hoodie Mint',15.00,1.00,''),(226,182,6744,'Full Zip Hoodie Mint',15.00,1.00,''),(227,183,6744,'Full Zip Hoodie Mint',15.00,1.00,''),(228,184,6744,'Full Zip Hoodie Mint',15.00,1.00,''),(229,185,6745,'Short Sleeve V-Neck Tee',10.00,1.00,''),(230,186,6745,'Short Sleeve V-Neck Tee',10.00,1.00,''),(231,186,6760,'Dorel Glider Rocker Combo',99.99,1.00,''),(232,187,6745,'Short Sleeve V-Neck Tee',10.00,1.00,''),(233,187,6760,'Dorel Glider Rocker Combo',99.99,1.00,''),(234,188,6745,'Short Sleeve V-Neck Tee',10.00,1.00,''),(235,188,6760,'Dorel Glider Rocker Combo',99.99,1.00,''),(236,189,6745,'Short Sleeve V-Neck Tee',10.00,1.00,''),(237,189,6760,'Dorel Glider Rocker Combo',99.99,1.00,''),(238,190,6745,'Short Sleeve V-Neck Tee',10.00,1.00,''),(239,190,6760,'Dorel Glider Rocker Combo',99.99,1.00,''),(240,191,6745,'Short Sleeve V-Neck Tee',10.00,1.00,''),(241,191,6760,'Dorel Glider Rocker Combo',99.99,1.00,''),(242,192,6745,'Short Sleeve V-Neck Tee',10.00,1.00,''),(243,192,6760,'Dorel Glider Rocker Combo',99.99,1.00,''),(244,193,6745,'Short Sleeve V-Neck Tee',10.00,1.00,''),(245,193,6760,'Dorel Glider Rocker Combo',99.99,1.00,''),(246,194,6744,'Full Zip Hoodie Mint',15.00,1.00,''),(247,194,6745,'Short Sleeve V-Neck Tee',10.00,1.00,''),(248,195,6744,'Full Zip Hoodie Mint',15.00,1.00,''),(249,195,6745,'Short Sleeve V-Neck Tee',10.00,1.00,''),(250,196,6744,'Full Zip Hoodie Mint',15.00,1.00,''),(251,196,6745,'Short Sleeve V-Neck Tee',10.00,1.00,''),(252,197,6744,'Full Zip Hoodie Mint',15.00,1.00,''),(253,197,6745,'Short Sleeve V-Neck Tee',10.00,1.00,''),(254,198,6744,'Full Zip Hoodie Mint',15.00,1.00,''),(255,198,6745,'Short Sleeve V-Neck Tee',10.00,1.00,''),(256,199,6744,'Full Zip Hoodie Mint',15.00,1.00,''),(257,199,6745,'Short Sleeve V-Neck Tee',10.00,1.00,''),(258,200,6744,'Full Zip Hoodie Mint',15.00,1.00,''),(259,200,6745,'Short Sleeve V-Neck Tee',10.00,1.00,''),(260,201,6744,'Full Zip Hoodie Mint',15.00,1.00,''),(261,202,6744,'Full Zip Hoodie Mint',15.00,1.00,''),(262,203,6744,'Full Zip Hoodie Mint',15.00,1.00,''),(263,204,6744,'Full Zip Hoodie Mint',15.00,1.00,''),(264,205,6744,'Full Zip Hoodie Mint',15.00,1.00,''),(265,206,6768,'Sketch Bands 16 Piece Dinnerware Set',29.99,2.00,''),(266,207,6768,'Sketch Bands 16 Piece Dinnerware Set',29.99,2.00,''),(267,208,6768,'Sketch Bands 16 Piece Dinnerware Set',29.99,2.00,''),(268,209,6768,'Sketch Bands 16 Piece Dinnerware Set',29.99,2.00,''),(269,210,6768,'Sketch Bands 16 Piece Dinnerware Set',29.99,2.00,''),(270,211,6758,'Boys\' Striped Henley Shirt',19.99,1.00,''),(271,212,6758,'Boys\' Striped Henley Shirt',19.99,1.00,''),(272,213,6758,'Boys\' Striped Henley Shirt',19.99,1.00,''),(273,214,6758,'Boys\' Striped Henley Shirt',19.99,1.00,''),(274,215,6758,'Boys\' Striped Henley Shirt',19.99,1.00,''),(275,216,6758,'Boys\' Striped Henley Shirt',19.99,1.00,''),(276,217,6758,'Boys\' Striped Henley Shirt',19.99,1.00,''),(277,218,6758,'Boys\' Striped Henley Shirt',19.99,1.00,''),(278,219,6758,'Boys\' Striped Henley Shirt',19.99,1.00,''),(279,220,6758,'Boys\' Striped Henley Shirt',19.99,1.00,''),(280,221,6758,'Boys\' Striped Henley Shirt',19.99,1.00,''),(281,222,6750,'Mickey Mouse Men\'s T-Shirt',12.99,1.00,''),(282,222,6749,'Long Sleeve T-Shirt',7.99,1.00,''),(283,223,6750,'Mickey Mouse Men\'s T-Shirt',12.99,1.00,''),(284,223,6749,'Long Sleeve T-Shirt',7.99,1.00,''),(285,224,6750,'Mickey Mouse Men\'s T-Shirt',12.99,1.00,''),(286,224,6749,'Long Sleeve T-Shirt',7.99,1.00,''),(287,224,6756,'Boys\' School Uniform Long-Sleeve Oxford Shirt',14.99,1.00,''),(288,224,6758,'Boys\' Striped Henley Shirt',19.99,1.00,''),(289,225,6745,'Short Sleeve V-Neck Tee',10.00,100.00,''),(290,226,6745,'Short Sleeve V-Neck Tee',10.00,100.00,''),(291,227,6745,'Short Sleeve V-Neck Tee',10.00,100.00,''),(292,228,6745,'Short Sleeve V-Neck Tee',10.00,2.00,''),(293,229,6745,'Short Sleeve V-Neck Tee',10.00,2.00,''),(294,230,6745,'Short Sleeve V-Neck Tee',10.00,2.00,''),(295,231,6745,'Short Sleeve V-Neck Tee',10.00,2.00,''),(296,232,6745,'Short Sleeve V-Neck Tee',10.00,3.00,''),(297,233,6745,'Short Sleeve V-Neck Tee',10.00,3.00,''),(298,234,6758,'Boys\' Striped Henley Shirt',19.99,1.00,''),(299,235,6758,'Boys\' Striped Henley Shirt',19.99,1.00,''),(300,236,6758,'Boys\' Striped Henley Shirt',19.99,1.00,''),(301,237,6749,'Long Sleeve T-Shirt',7.99,1.00,''),(302,238,6749,'Long Sleeve T-Shirt',7.99,1.00,''),(303,239,6749,'Long Sleeve T-Shirt',7.99,1.00,''),(304,240,6749,'Long Sleeve T-Shirt',7.99,1.00,''),(305,241,6749,'Long Sleeve T-Shirt',7.99,1.00,''),(306,241,6744,'Full Zip Hoodie Mint',15.00,1.00,''),(307,242,6744,'Full Zip Hoodie Mint',15.00,1.00,''),(308,243,6744,'Full Zip Hoodie Mint',15.00,1.00,''),(309,244,6744,'Full Zip Hoodie Mint',15.00,1.00,''),(310,245,6744,'Full Zip Hoodie Mint',15.00,1.00,''),(311,246,6744,'Full Zip Hoodie Mint',15.00,1.00,''),(312,247,6744,'Full Zip Hoodie Mint',15.00,1.00,''),(313,248,6744,'Full Zip Hoodie Mint',15.00,1.00,''),(314,249,6744,'Full Zip Hoodie Mint',15.00,1.00,''),(315,250,6744,'Full Zip Hoodie Mint',15.00,1.00,''),(316,251,6744,'Full Zip Hoodie Mint',15.00,1.00,''),(317,252,6744,'Full Zip Hoodie Mint',15.00,1.00,''),(318,253,6744,'Full Zip Hoodie Mint',15.00,1.00,''),(319,254,6744,'Full Zip Hoodie Mint',15.00,1.00,''),(320,255,6744,'Full Zip Hoodie Mint',15.00,1.00,''),(321,256,6744,'Full Zip Hoodie Mint',15.00,1.00,''),(322,257,6744,'Full Zip Hoodie Mint',15.00,1.00,''),(323,258,6744,'Full Zip Hoodie Mint',15.00,1.00,''),(324,259,6744,'Full Zip Hoodie Mint',15.00,1.00,''),(325,260,6744,'Full Zip Hoodie Mint',15.00,1.00,''),(326,261,6744,'Full Zip Hoodie Mint',15.00,1.00,''),(327,262,6744,'Full Zip Hoodie Mint',15.00,1.00,''),(328,263,6744,'Full Zip Hoodie Mint',15.00,1.00,''),(329,264,6744,'Full Zip Hoodie Mint',15.00,1.00,''),(330,265,6744,'Full Zip Hoodie Mint',15.00,1.00,''),(331,266,6744,'Full Zip Hoodie Mint',15.00,1.00,''),(332,267,6744,'Full Zip Hoodie Mint',15.00,1.00,''),(333,268,6744,'Full Zip Hoodie Mint',15.00,1.00,''),(334,269,6744,'Full Zip Hoodie Mint',15.00,1.00,''),(335,270,6744,'Full Zip Hoodie Mint',15.00,1.00,''),(336,271,6744,'Full Zip Hoodie Mint',15.00,1.00,''),(337,272,6744,'Full Zip Hoodie Mint',15.00,1.00,''),(338,273,6744,'Full Zip Hoodie Mint',15.00,1.00,''),(339,274,6744,'Full Zip Hoodie Mint',15.00,1.00,''),(340,275,6744,'Full Zip Hoodie Mint',15.00,1.00,''),(341,276,6744,'Full Zip Hoodie Mint',15.00,1.00,''),(342,277,6744,'Full Zip Hoodie Mint',15.00,1.00,''),(343,278,6744,'Full Zip Hoodie Mint',15.00,1.00,''),(344,279,6744,'Full Zip Hoodie Mint',15.00,1.00,''),(345,280,6744,'Full Zip Hoodie Mint',15.00,1.00,''),(346,281,6744,'Full Zip Hoodie Mint',15.00,1.00,''),(347,282,6744,'Full Zip Hoodie Mint',15.00,1.00,''),(348,283,6744,'Full Zip Hoodie Mint',15.00,1.00,''),(349,284,6744,'Full Zip Hoodie Mint',15.00,1.00,''),(350,285,6744,'Full Zip Hoodie Mint',15.00,1.00,''),(351,286,6753,'Men\'s Denim Button Down',15.00,1.00,''),(352,287,6753,'Men\'s Denim Button Down',15.00,1.00,''),(353,288,6753,'Men\'s Denim Button Down',15.00,1.00,''),(354,289,6753,'Men\'s Denim Button Down',15.00,1.00,''),(355,290,6744,'Full Zip Hoodie Mint',15.00,1.00,''),(356,290,6748,'Cami Merona®',9.00,1.00,''),(357,291,6744,'Full Zip Hoodie Mint',15.00,1.00,''),(358,291,6748,'Cami Merona®',9.00,1.00,''),(359,292,6744,'Full Zip Hoodie Mint',15.00,1.00,''),(360,292,6748,'Cami Merona®',9.00,1.00,''),(361,293,6744,'Full Zip Hoodie Mint',15.00,1.00,''),(362,293,6748,'Cami Merona®',9.00,1.00,''),(363,294,6744,'Full Zip Hoodie Mint',15.00,1.00,''),(364,294,6748,'Cami Merona®',9.00,1.00,''),(365,295,6744,'Full Zip Hoodie Mint',15.00,1.00,''),(366,295,6748,'Cami Merona®',9.00,1.00,''),(367,296,6744,'Full Zip Hoodie Mint',15.00,1.00,''),(368,296,6748,'Cami Merona®',9.00,1.00,''),(369,297,6744,'Full Zip Hoodie Mint',15.00,1.00,''),(370,297,6748,'Cami Merona®',9.00,1.00,''),(371,298,6744,'Full Zip Hoodie Mint',15.00,17.00,''),(372,299,6744,'Full Zip Hoodie Mint',15.00,17.00,''),(373,300,6744,'Full Zip Hoodie Mint',15.00,17.00,''),(374,301,6744,'Full Zip Hoodie Mint',15.00,17.00,''),(375,302,6744,'Full Zip Hoodie Mint',15.00,17.00,''),(376,303,6757,'Boys\' School Uniform Long-Sleeve Pique Polo',10.99,1.00,''),(377,304,6757,'Boys\' School Uniform Long-Sleeve Pique Polo',10.99,1.00,''),(378,305,6757,'Boys\' School Uniform Long-Sleeve Pique Polo',10.99,1.00,''),(379,306,6757,'Boys\' School Uniform Long-Sleeve Pique Polo',10.99,1.00,''),(380,307,6757,'Boys\' School Uniform Long-Sleeve Pique Polo',10.99,2.00,''),(381,308,6757,'Boys\' School Uniform Long-Sleeve Pique Polo',10.99,2.00,''),(382,308,6749,'Long Sleeve T-Shirt',7.99,1.00,''),(383,309,6757,'Boys\' School Uniform Long-Sleeve Pique Polo',10.99,2.00,''),(384,309,6749,'Long Sleeve T-Shirt',7.99,1.00,''),(385,310,6757,'Boys\' School Uniform Long-Sleeve Pique Polo',10.99,2.00,''),(386,310,6749,'Long Sleeve T-Shirt',7.99,1.00,''),(387,311,6757,'Boys\' School Uniform Long-Sleeve Pique Polo',10.99,2.00,''),(388,311,6749,'Long Sleeve T-Shirt',7.99,1.00,''),(389,312,6757,'Boys\' School Uniform Long-Sleeve Pique Polo',10.99,2.00,''),(390,312,6749,'Long Sleeve T-Shirt',7.99,1.00,''),(391,313,6744,'Full Zip Hoodie Mint',15.00,1.00,''),(392,314,6744,'Full Zip Hoodie Mint',15.00,1.00,''),(393,315,6744,'Full Zip Hoodie Mint',15.00,1.00,''),(394,316,6744,'Full Zip Hoodie Mint',15.00,1.00,''),(395,317,6744,'Full Zip Hoodie Mint',15.00,2.00,''),(396,318,6744,'Full Zip Hoodie Mint',15.00,1.00,''),(397,319,6744,'Full Zip Hoodie Mint',15.00,1.00,''),(398,320,6744,'Full Zip Hoodie Mint',15.00,1.00,''),(399,321,6744,'Full Zip Hoodie Mint',15.00,1.00,''),(400,322,6744,'Full Zip Hoodie Mint',15.00,2.00,''),(401,323,6744,'Full Zip Hoodie Mint',15.00,2.00,''),(402,324,6744,'Full Zip Hoodie Mint',15.00,2.00,''),(403,325,6744,'Full Zip Hoodie Mint',15.00,2.00,''),(404,326,6744,'Full Zip Hoodie Mint',15.00,1.00,''),(405,327,6744,'Full Zip Hoodie Mint',15.00,1.00,''),(406,328,6744,'Full Zip Hoodie Mint',15.00,1.00,''),(407,329,6744,'Full Zip Hoodie Mint',15.00,1.00,''),(408,330,6744,'Full Zip Hoodie Mint',15.00,2.00,''),(409,331,6744,'Full Zip Hoodie Mint',15.00,2.00,''),(410,332,6744,'Full Zip Hoodie Mint',15.00,2.00,''),(411,333,6744,'Full Zip Hoodie Mint',15.00,2.00,''),(412,334,6744,'Full Zip Hoodie Mint',15.00,2.00,''),(413,335,6744,'Full Zip Hoodie Mint',15.00,2.00,''),(414,336,6744,'Full Zip Hoodie Mint',15.00,2.00,''),(415,337,6744,'Full Zip Hoodie Mint',15.00,2.00,''),(416,338,6745,'Short Sleeve V-Neck Tee',10.00,1.00,''),(417,339,6745,'Short Sleeve V-Neck Tee',10.00,1.00,''),(418,340,6745,'Short Sleeve V-Neck Tee',10.00,1.00,''),(419,341,6745,'Short Sleeve V-Neck Tee',10.00,1.00,''),(420,342,6745,'Short Sleeve V-Neck Tee',10.00,1.00,''),(421,343,6745,'Short Sleeve V-Neck Tee',10.00,1.00,''),(422,344,6745,'Short Sleeve V-Neck Tee',10.00,1.00,''),(423,345,6745,'Short Sleeve V-Neck Tee',10.00,1.00,''),(424,346,6745,'Short Sleeve V-Neck Tee',10.00,1.00,''),(425,347,6745,'Short Sleeve V-Neck Tee',10.00,1.00,''),(426,348,6745,'Short Sleeve V-Neck Tee',10.00,1.00,''),(427,349,6745,'Short Sleeve V-Neck Tee',10.00,1.00,''),(428,350,6745,'Short Sleeve V-Neck Tee',10.00,1.00,''),(429,351,6745,'Short Sleeve V-Neck Tee',10.00,1.00,''),(430,352,6745,'Short Sleeve V-Neck Tee',10.00,1.00,''),(431,353,6745,'Short Sleeve V-Neck Tee',10.00,1.00,''),(432,354,6745,'Short Sleeve V-Neck Tee',10.00,1.00,''),(433,355,6745,'Short Sleeve V-Neck Tee',10.00,1.00,''),(434,356,6745,'Short Sleeve V-Neck Tee',10.00,1.00,''),(435,357,6745,'Short Sleeve V-Neck Tee',10.00,1.00,''),(436,358,6745,'Short Sleeve V-Neck Tee',10.00,1.00,''),(437,359,6745,'Short Sleeve V-Neck Tee',10.00,1.00,''),(438,359,6754,'Boys\' Solid Polo',8.00,1.00,''),(439,359,6753,'Men\'s Denim Button Down',15.00,1.00,''),(440,360,6745,'Short Sleeve V-Neck Tee',10.00,1.00,''),(441,360,6754,'Boys\' Solid Polo',8.00,1.00,''),(442,360,6753,'Men\'s Denim Button Down',15.00,1.00,''),(443,361,6745,'Short Sleeve V-Neck Tee',10.00,1.00,''),(444,361,6754,'Boys\' Solid Polo',8.00,1.00,''),(445,361,6753,'Men\'s Denim Button Down',15.00,1.00,''),(446,362,6745,'Short Sleeve V-Neck Tee',10.00,1.00,''),(447,362,6754,'Boys\' Solid Polo',8.00,1.00,''),(448,362,6753,'Men\'s Denim Button Down',15.00,1.00,''),(449,363,6745,'Short Sleeve V-Neck Tee',10.00,1.00,''),(450,363,6754,'Boys\' Solid Polo',8.00,1.00,''),(451,363,6753,'Men\'s Denim Button Down',15.00,1.00,''),(452,364,6745,'Short Sleeve V-Neck Tee',10.00,1.00,''),(453,364,6754,'Boys\' Solid Polo',8.00,1.00,''),(454,364,6753,'Men\'s Denim Button Down',15.00,1.00,''),(455,365,6745,'Short Sleeve V-Neck Tee',10.00,1.00,''),(456,365,6754,'Boys\' Solid Polo',8.00,1.00,''),(457,365,6753,'Men\'s Denim Button Down',15.00,1.00,''),(458,366,6745,'Short Sleeve V-Neck Tee',10.00,1.00,''),(459,366,6754,'Boys\' Solid Polo',8.00,1.00,''),(460,366,6753,'Men\'s Denim Button Down',15.00,1.00,''),(461,367,6745,'Short Sleeve V-Neck Tee',10.00,1.00,''),(462,367,6754,'Boys\' Solid Polo',8.00,1.00,''),(463,367,6753,'Men\'s Denim Button Down',15.00,1.00,''),(464,368,6745,'Short Sleeve V-Neck Tee',10.00,1.00,''),(465,368,6754,'Boys\' Solid Polo',8.00,1.00,''),(466,368,6753,'Men\'s Denim Button Down',15.00,1.00,''),(467,369,6745,'Short Sleeve V-Neck Tee',10.00,1.00,''),(468,369,6754,'Boys\' Solid Polo',8.00,1.00,''),(469,369,6753,'Men\'s Denim Button Down',15.00,1.00,''),(470,370,6745,'Short Sleeve V-Neck Tee',10.00,1.00,''),(471,370,6754,'Boys\' Solid Polo',8.00,1.00,''),(472,370,6753,'Men\'s Denim Button Down',15.00,1.00,''),(473,371,6745,'Short Sleeve V-Neck Tee',10.00,1.00,''),(474,371,6754,'Boys\' Solid Polo',8.00,1.00,''),(475,371,6753,'Men\'s Denim Button Down',15.00,1.00,''),(476,372,6745,'Short Sleeve V-Neck Tee',10.00,1.00,''),(477,372,6754,'Boys\' Solid Polo',8.00,1.00,''),(478,372,6753,'Men\'s Denim Button Down',15.00,1.00,''),(479,373,6745,'Short Sleeve V-Neck Tee',10.00,1.00,''),(480,373,6754,'Boys\' Solid Polo',8.00,1.00,''),(481,373,6753,'Men\'s Denim Button Down',15.00,1.00,''),(482,374,6753,'Men\'s Denim Button Down',15.00,1.00,''),(483,375,6753,'Men\'s Denim Button Down',15.00,1.00,''),(484,376,6753,'Men\'s Denim Button Down',15.00,1.00,''),(485,377,6753,'Men\'s Denim Button Down',15.00,1.00,''),(486,378,6753,'Men\'s Denim Button Down',15.00,1.00,''),(487,379,6753,'Men\'s Denim Button Down',15.00,1.00,''),(488,380,6751,'Seven7 Men\'s Button Down Shirt - Navy',8.74,1.00,''),(489,381,6751,'Seven7 Men\'s Button Down Shirt - Navy',8.74,1.00,''),(490,382,6751,'Seven7 Men\'s Button Down Shirt - Navy',8.74,1.00,''),(491,383,6751,'Seven7 Men\'s Button Down Shirt - Navy',8.74,1.00,''),(492,384,6751,'Seven7 Men\'s Button Down Shirt - Navy',8.74,1.00,''),(493,385,6751,'Seven7 Men\'s Button Down Shirt - Navy',8.74,1.00,''),(494,386,6751,'Seven7 Men\'s Button Down Shirt - Navy',8.74,1.00,''),(495,387,6751,'Seven7 Men\'s Button Down Shirt - Navy',8.74,1.00,''),(496,388,6751,'Seven7 Men\'s Button Down Shirt - Navy',8.74,1.00,''),(497,389,6751,'Seven7 Men\'s Button Down Shirt - Navy',8.74,1.00,''),(498,390,6751,'Seven7 Men\'s Button Down Shirt - Navy',8.74,1.00,''),(499,391,6744,'Full Zip Hoodie Mint',15.00,2.00,''),(500,392,6744,'Full Zip Hoodie Mint',15.00,2.00,''),(501,393,6744,'Full Zip Hoodie Mint',15.00,2.00,''),(502,394,6744,'Full Zip Hoodie Mint',15.00,2.00,''),(503,395,6744,'Full Zip Hoodie Mint',15.00,2.00,''),(504,396,6744,'Full Zip Hoodie Mint',15.00,2.00,''),(505,397,6744,'Full Zip Hoodie Mint',15.00,2.00,''),(506,398,6744,'Full Zip Hoodie Mint',15.00,2.00,''),(507,399,6744,'Full Zip Hoodie Mint',15.00,2.00,''),(508,400,6744,'Full Zip Hoodie Mint',15.00,2.00,''),(509,401,6744,'Full Zip Hoodie Mint',15.00,2.00,''),(510,402,6744,'Full Zip Hoodie Mint',15.00,2.00,''),(511,403,6744,'Full Zip Hoodie Mint',15.00,2.00,''),(512,404,6744,'Full Zip Hoodie Mint',15.00,2.00,''),(513,405,6744,'Full Zip Hoodie Mint',15.00,2.00,''),(514,406,6744,'Full Zip Hoodie Mint',15.00,2.00,''),(515,407,6744,'Full Zip Hoodie Mint',15.00,2.00,''),(516,408,6744,'Full Zip Hoodie Mint',15.00,2.00,''),(517,409,6744,'Full Zip Hoodie Mint',15.00,2.00,''),(518,410,6744,'Full Zip Hoodie Mint',15.00,2.00,''),(519,411,6744,'Full Zip Hoodie Mint',15.00,2.00,''),(520,412,6744,'Full Zip Hoodie Mint',15.00,2.00,''),(521,413,6744,'Full Zip Hoodie Mint',15.00,2.00,''),(522,414,6744,'Full Zip Hoodie Mint',15.00,2.00,''),(523,415,6744,'Full Zip Hoodie Mint',15.00,2.00,''),(524,416,6744,'Full Zip Hoodie Mint',15.00,2.00,''),(525,417,6744,'Full Zip Hoodie Mint',15.00,2.00,''),(526,418,6744,'Full Zip Hoodie Mint',15.00,2.00,''),(527,419,6744,'Full Zip Hoodie Mint',15.00,2.00,''),(528,420,6744,'Full Zip Hoodie Mint',15.00,2.00,''),(529,421,6744,'Full Zip Hoodie Mint',15.00,2.00,''),(530,422,6744,'Full Zip Hoodie Mint',15.00,2.00,''),(531,423,6744,'Full Zip Hoodie Mint',15.00,2.00,''),(532,424,6744,'Full Zip Hoodie Mint',15.00,2.00,''),(533,425,6744,'Full Zip Hoodie Mint',15.00,2.00,''),(534,426,6744,'Full Zip Hoodie Mint',15.00,2.00,''),(535,427,6744,'Full Zip Hoodie Mint',15.00,2.00,''),(536,428,6744,'Full Zip Hoodie Mint',15.00,2.00,''),(537,429,6744,'Full Zip Hoodie Mint',15.00,2.00,''),(538,430,6744,'Full Zip Hoodie Mint',15.00,2.00,''),(539,431,6744,'Full Zip Hoodie Mint',15.00,2.00,''),(540,432,6744,'Full Zip Hoodie Mint',15.00,2.00,''),(541,433,6744,'Full Zip Hoodie Mint',15.00,2.00,''),(542,434,6744,'Full Zip Hoodie Mint',15.00,2.00,''),(543,435,6744,'Full Zip Hoodie Mint',15.00,2.00,''),(544,436,6744,'Full Zip Hoodie Mint',15.00,2.00,''),(545,437,6744,'Full Zip Hoodie Mint',15.00,2.00,''),(546,438,6744,'Full Zip Hoodie Mint',15.00,2.00,''),(547,439,6744,'Full Zip Hoodie Mint',15.00,2.00,''),(548,440,6744,'Full Zip Hoodie Mint',15.00,2.00,''),(549,441,6744,'Full Zip Hoodie Mint',15.00,2.00,''),(550,442,6744,'Full Zip Hoodie Mint',15.00,2.00,''),(551,443,6744,'Full Zip Hoodie Mint',15.00,2.00,''),(552,444,6744,'Full Zip Hoodie Mint',15.00,2.00,''),(553,445,6744,'Full Zip Hoodie Mint',15.00,2.00,''),(554,446,6744,'Full Zip Hoodie Mint',15.00,2.00,''),(555,447,6744,'Full Zip Hoodie Mint',15.00,2.00,''),(556,448,6744,'Full Zip Hoodie Mint',15.00,2.00,''),(557,449,6744,'Full Zip Hoodie Mint',15.00,2.00,''),(558,450,6744,'Full Zip Hoodie Mint',15.00,2.00,''),(559,451,6744,'Full Zip Hoodie Mint',15.00,2.00,''),(560,452,6744,'Full Zip Hoodie Mint',15.00,2.00,''),(561,453,6744,'Full Zip Hoodie Mint',15.00,2.00,''),(562,454,6751,'Seven7 Men\'s Button Down Shirt - Navy',8.74,6.00,''),(563,454,6747,'Chevron Printed Blouse - Self Esteem',11.98,1.00,''),(564,455,6751,'Seven7 Men\'s Button Down Shirt - Navy',8.74,6.00,''),(565,455,6747,'Chevron Printed Blouse - Self Esteem',11.98,1.00,''),(566,456,6751,'Seven7 Men\'s Button Down Shirt - Navy',8.74,6.00,''),(567,456,6747,'Chevron Printed Blouse - Self Esteem',11.98,1.00,''),(568,457,6751,'Seven7 Men\'s Button Down Shirt - Navy',8.74,6.00,''),(569,457,6747,'Chevron Printed Blouse - Self Esteem',11.98,1.00,''),(570,458,6759,'Mallory Upholstered Chair - Solids',169.99,1.00,''),(571,459,6759,'Mallory Upholstered Chair - Solids',169.99,1.00,''),(572,460,6759,'Mallory Upholstered Chair - Solids',169.99,1.00,''),(573,461,6759,'Mallory Upholstered Chair - Solids',169.99,1.00,''),(574,462,6759,'Mallory Upholstered Chair - Solids',169.99,1.00,''),(575,463,6759,'Mallory Upholstered Chair - Solids',169.99,1.00,''),(576,464,6759,'Mallory Upholstered Chair - Solids',169.99,1.00,''),(577,465,6759,'Mallory Upholstered Chair - Solids',169.99,1.00,''),(578,466,6759,'Mallory Upholstered Chair - Solids',169.99,1.00,''),(579,467,6744,'Full Zip Hoodie Mint',15.00,1.00,''),(580,468,6744,'Full Zip Hoodie Mint',15.00,1.00,''),(581,469,6744,'Full Zip Hoodie Mint',15.00,1.00,''),(582,470,6744,'Full Zip Hoodie Mint',15.00,6.00,''),(583,471,6744,'Full Zip Hoodie Mint',15.00,6.00,''),(584,472,6744,'Full Zip Hoodie Mint',15.00,6.00,''),(585,473,6744,'Full Zip Hoodie Mint',15.00,8.00,''),(586,474,6744,'Full Zip Hoodie Mint',15.00,1.00,''),(587,475,6744,'Full Zip Hoodie Mint',15.00,1.00,''),(588,476,6744,'Full Zip Hoodie Mint',15.00,1.00,''),(589,477,6744,'Full Zip Hoodie Mint',15.00,1.00,''),(590,478,6744,'Full Zip Hoodie Mint',15.00,1.00,''),(591,479,6745,'Short Sleeve V-Neck Tee',10.00,1.00,''),(592,480,6745,'Short Sleeve V-Neck Tee',10.00,1.00,''),(593,481,6745,'Short Sleeve V-Neck Tee',10.00,1.00,''),(594,482,6745,'Short Sleeve V-Neck Tee',10.00,1.00,''),(595,483,6744,'Full Zip Hoodie Mint',15.00,1.00,''),(596,484,6744,'Full Zip Hoodie Mint',15.00,1.00,''),(597,485,6744,'Full Zip Hoodie Mint',15.00,1.00,''),(598,486,6744,'Full Zip Hoodie Mint',15.00,1.00,''),(599,487,6744,'Full Zip Hoodie Mint',15.00,1.00,''),(600,488,6744,'Full Zip Hoodie Mint',15.00,1.00,''),(601,489,6744,'Full Zip Hoodie Mint',15.00,1.00,''),(602,490,6744,'Full Zip Hoodie Mint',15.00,1.00,''),(603,490,6752,'Men\'s Tech Long Sleeve T-Shirt',14.99,1.00,''),(604,491,6750,'Mickey Mouse Men\'s T-Shirt',12.99,1.00,''),(605,492,6750,'Mickey Mouse Men\'s T-Shirt',12.99,1.00,''),(606,493,6750,'Mickey Mouse Men\'s T-Shirt',12.99,1.00,''),(607,494,6750,'Mickey Mouse Men\'s T-Shirt',12.99,1.00,''),(608,494,6745,'Short Sleeve V-Neck Tee',10.00,1.00,''),(609,494,6744,'Full Zip Hoodie Mint',15.00,1.00,''),(610,495,6744,'Full Zip Hoodie Mint',15.00,1.00,''),(611,496,6744,'Full Zip Hoodie Mint',15.00,1.00,''),(612,497,6744,'Full Zip Hoodie Mint',15.00,1.00,''),(613,498,6744,'Full Zip Hoodie Mint',15.00,6.00,''),(614,499,6745,'Short Sleeve V-Neck Tee',10.00,1.00,''),(615,500,6745,'Short Sleeve V-Neck Tee',10.00,1.00,''),(616,501,6745,'Short Sleeve V-Neck Tee',10.00,1.00,''),(617,502,6754,'Boys\' Solid Polo',8.00,1.00,''),(618,503,6761,'Burke Armless Slipper Chair - Peacock Chevron',79.98,6.00,''),(619,504,6761,'Burke Armless Slipper Chair - Peacock Chevron',79.98,6.00,''),(620,505,6761,'Burke Armless Slipper Chair - Peacock Chevron',79.98,6.00,''),(621,506,6761,'Burke Armless Slipper Chair - Peacock Chevron',79.98,6.00,''),(622,507,6762,'Slipper Chair - Gray Trellis',101.98,5.00,''),(623,508,6762,'Slipper Chair - Gray Trellis',101.98,5.00,''),(624,509,6762,'Slipper Chair - Gray Trellis',101.98,5.00,''),(625,510,6762,'Slipper Chair - Gray Trellis',101.98,6.00,''),(626,511,6746,'ME LS V-Neck Tee',12.00,1.00,''),(627,512,6746,'ME LS V-Neck Tee',12.00,1.00,''),(628,513,6746,'ME LS V-Neck Tee',12.00,1.00,''),(629,514,6746,'ME LS V-Neck Tee',12.00,1.00,''),(630,515,6747,'Chevron Printed Blouse - Self Esteem',11.98,6.00,''),(631,516,6747,'Chevron Printed Blouse - Self Esteem',11.98,6.00,''),(632,517,6747,'Chevron Printed Blouse - Self Esteem',11.98,6.00,''),(633,518,6747,'Chevron Printed Blouse - Self Esteem',11.98,6.00,''),(634,519,6747,'Chevron Printed Blouse - Self Esteem',11.98,6.00,''),(635,520,6747,'Chevron Printed Blouse - Self Esteem',11.98,6.00,''),(636,521,6747,'Chevron Printed Blouse - Self Esteem',11.98,6.00,''),(637,522,6747,'Chevron Printed Blouse - Self Esteem',11.98,6.00,''),(638,523,6747,'Chevron Printed Blouse - Self Esteem',11.98,6.00,''),(639,524,6747,'Chevron Printed Blouse - Self Esteem',11.98,6.00,''),(640,525,6747,'Chevron Printed Blouse - Self Esteem',11.98,6.00,''),(641,526,6747,'Chevron Printed Blouse - Self Esteem',11.98,6.00,''),(642,527,6747,'Chevron Printed Blouse - Self Esteem',11.98,6.00,''),(643,528,6747,'Chevron Printed Blouse - Self Esteem',11.98,6.00,''),(644,529,6747,'Chevron Printed Blouse - Self Esteem',11.98,66.00,''),(645,530,6747,'Chevron Printed Blouse - Self Esteem',11.98,66.00,''),(646,531,6747,'Chevron Printed Blouse - Self Esteem',11.98,66.00,''),(647,532,6747,'Chevron Printed Blouse - Self Esteem',11.98,66.00,''),(648,533,6744,'Full Zip Hoodie Mint',15.00,1.00,''),(649,534,6744,'Full Zip Hoodie Mint',15.00,1.00,''),(650,535,6744,'Full Zip Hoodie Mint',15.00,1.00,''),(651,536,6744,'Full Zip Hoodie Mint',15.00,1.00,''),(652,537,6747,'Chevron Printed Blouse - Self Esteem',11.98,1.00,''),(653,538,6747,'Chevron Printed Blouse - Self Esteem',11.98,1.00,''),(654,539,6744,'Full Zip Hoodie Mint',15.00,1.00,''),(655,540,6744,'Full Zip Hoodie Mint',15.00,1.00,''),(656,541,6744,'Full Zip Hoodie Mint',15.00,1.00,''),(657,542,6744,'Full Zip Hoodie Mint',15.00,1.00,''),(658,543,6744,'Full Zip Hoodie Mint',15.00,1.00,''),(659,544,6744,'Full Zip Hoodie Mint',15.00,1.00,''),(660,545,6744,'Full Zip Hoodie Mint',15.00,1.00,''),(661,546,6744,'Full Zip Hoodie Mint',15.00,1.00,''),(662,547,6744,'Full Zip Hoodie Mint',15.00,1.00,''),(663,548,6744,'Full Zip Hoodie Mint',15.00,1.00,''),(664,549,6744,'Full Zip Hoodie Mint',15.00,1.00,''),(665,550,6744,'Full Zip Hoodie Mint',15.00,1.00,''),(666,551,6744,'Full Zip Hoodie Mint',15.00,1.00,''),(667,552,6744,'Full Zip Hoodie Mint',15.00,1.00,''),(668,553,6748,'Cami Merona®',9.00,5.00,''),(669,554,6748,'Cami Merona®',9.00,5.00,''),(670,555,6748,'Cami Merona®',9.00,5.00,''),(671,556,6748,'Cami Merona®',9.00,5.00,''),(672,557,6748,'Cami Merona®',9.00,5.00,''),(673,558,6748,'Cami Merona®',9.00,5.00,''),(674,559,6748,'Cami Merona®',9.00,5.00,''),(675,560,6748,'Cami Merona®',9.00,5.00,''),(676,561,6748,'Cami Merona®',9.00,5.00,''),(677,562,6748,'Cami Merona®',9.00,5.00,''),(678,563,6748,'Cami Merona®',9.00,5.00,''),(679,564,6744,'Full Zip Hoodie Mint',15.00,1.00,''),(680,565,6744,'Full Zip Hoodie Mint',15.00,1.00,''),(681,566,6744,'Full Zip Hoodie Mint',15.00,1.00,''),(682,567,6744,'Full Zip Hoodie Mint',15.00,1.00,''),(683,568,6744,'Full Zip Hoodie Mint',15.00,1.00,''),(684,569,6744,'Full Zip Hoodie Mint',15.00,1.00,''),(685,570,6744,'Full Zip Hoodie Mint',15.00,1.00,''),(686,571,6744,'Full Zip Hoodie Mint',15.00,1.00,''),(687,572,6744,'Full Zip Hoodie Mint',15.00,1.00,''),(688,573,6744,'Full Zip Hoodie Mint',15.00,1.00,''),(689,574,6744,'Full Zip Hoodie Mint',15.00,1.00,''),(690,575,6744,'Full Zip Hoodie Mint',15.00,1.00,''),(691,576,6744,'Full Zip Hoodie Mint',15.00,1.00,''),(692,577,6744,'Full Zip Hoodie Mint',15.00,1.00,''),(693,578,6744,'Full Zip Hoodie Mint',15.00,1.00,''),(694,579,6744,'Full Zip Hoodie Mint',15.00,1.00,''),(695,580,6744,'Full Zip Hoodie Mint',15.00,1.00,''),(696,581,6744,'Full Zip Hoodie Mint',15.00,1.00,''),(697,582,6744,'Full Zip Hoodie Mint',15.00,1.00,''),(698,583,6744,'Full Zip Hoodie Mint',15.00,2.00,''),(699,583,6745,'Short Sleeve V-Neck Tee',10.00,2.00,''),(700,584,6744,'Full Zip Hoodie Mint',15.00,2.00,''),(701,584,6745,'Short Sleeve V-Neck Tee',10.00,2.00,''),(702,585,6744,'Full Zip Hoodie Mint',15.00,2.00,''),(703,585,6745,'Short Sleeve V-Neck Tee',10.00,2.00,''),(704,586,6744,'Full Zip Hoodie Mint',15.00,2.00,''),(705,586,6745,'Short Sleeve V-Neck Tee',10.00,2.00,''),(706,587,6745,'Short Sleeve V-Neck Tee',10.00,1.00,''),(707,588,6745,'Short Sleeve V-Neck Tee',10.00,1.00,''),(708,589,6745,'Short Sleeve V-Neck Tee',10.00,1.00,''),(709,590,6745,'Short Sleeve V-Neck Tee',10.00,1.00,''),(710,591,6745,'Short Sleeve V-Neck Tee',10.00,1.00,''),(711,592,6745,'Short Sleeve V-Neck Tee',10.00,1.00,''),(712,593,6745,'Short Sleeve V-Neck Tee',10.00,1.00,''),(713,594,6745,'Short Sleeve V-Neck Tee',10.00,1.00,''),(714,595,6744,'Full Zip Hoodie Mint',15.00,2.00,''),(715,596,6744,'Full Zip Hoodie Mint',15.00,2.00,''),(716,597,6744,'Full Zip Hoodie Mint',15.00,2.00,''),(717,598,6744,'Full Zip Hoodie Mint',15.00,2.00,''),(718,599,6744,'Full Zip Hoodie Mint',15.00,2.00,''),(719,600,6744,'Full Zip Hoodie Mint',15.00,2.00,''),(720,601,6744,'Full Zip Hoodie Mint',15.00,2.00,''),(721,602,6744,'Full Zip Hoodie Mint',15.00,2.00,''),(722,603,6744,'Full Zip Hoodie Mint',15.00,2.00,''),(723,604,6744,'Full Zip Hoodie Mint',15.00,1.00,''),(724,605,6744,'Full Zip Hoodie Mint',15.00,1.00,''),(725,606,6744,'Full Zip Hoodie Mint',15.00,1.00,''),(726,607,6744,'Full Zip Hoodie Mint',15.00,1.00,''),(727,608,6744,'Full Zip Hoodie Mint',15.00,1.00,''),(728,609,6744,'Full Zip Hoodie Mint',15.00,1.00,''),(729,610,6744,'Full Zip Hoodie Mint',15.00,1.00,''),(730,611,6744,'Full Zip Hoodie Mint',15.00,1.00,''),(731,612,6744,'Full Zip Hoodie Mint',15.00,1.00,''),(732,613,6744,'Full Zip Hoodie Mint',15.00,1.00,''),(733,614,6744,'Full Zip Hoodie Mint',15.00,1.00,''),(734,615,6744,'Full Zip Hoodie Mint',15.00,1.00,''),(735,616,6744,'Full Zip Hoodie Mint',15.00,1.00,''),(736,616,6759,'Mallory Upholstered Chair - Solids',169.99,1.00,''),(737,616,6763,'Swoop Chair - Cocoa Velvet',169.99,1.00,''),(738,617,6744,'Full Zip Hoodie Mint',15.00,1.00,''),(739,617,6759,'Mallory Upholstered Chair - Solids',169.99,1.00,''),(740,617,6763,'Swoop Chair - Cocoa Velvet',169.99,1.00,''),(741,618,6744,'Full Zip Hoodie Mint',15.00,1.00,''),(742,618,6759,'Mallory Upholstered Chair - Solids',169.99,1.00,''),(743,618,6763,'Swoop Chair - Cocoa Velvet',169.99,1.00,''),(744,619,6744,'Full Zip Hoodie Mint',15.00,1.00,''),(745,619,6759,'Mallory Upholstered Chair - Solids',169.99,1.00,''),(746,619,6763,'Swoop Chair - Cocoa Velvet',169.99,1.00,''),(747,620,6744,'Full Zip Hoodie Mint',15.00,1.00,''),(748,620,6759,'Mallory Upholstered Chair - Solids',169.99,1.00,''),(749,620,6763,'Swoop Chair - Cocoa Velvet',169.99,1.00,''),(750,621,6744,'Full Zip Hoodie Mint',15.00,1.00,''),(751,621,6759,'Mallory Upholstered Chair - Solids',169.99,1.00,''),(752,621,6763,'Swoop Chair - Cocoa Velvet',169.99,1.00,''),(753,622,6744,'Full Zip Hoodie Mint',15.00,1.00,''),(754,622,6759,'Mallory Upholstered Chair - Solids',169.99,1.00,''),(755,622,6763,'Swoop Chair - Cocoa Velvet',169.99,1.00,''),(756,623,6744,'Full Zip Hoodie Mint',15.00,1.00,''),(757,623,6759,'Mallory Upholstered Chair - Solids',169.99,1.00,''),(758,623,6763,'Swoop Chair - Cocoa Velvet',169.99,1.00,''),(759,624,6744,'Full Zip Hoodie Mint',15.00,1.00,''),(760,624,6759,'Mallory Upholstered Chair - Solids',169.99,1.00,''),(761,624,6763,'Swoop Chair - Cocoa Velvet',169.99,1.00,''),(762,625,6744,'Full Zip Hoodie Mint',15.00,1.00,''),(763,625,6759,'Mallory Upholstered Chair - Solids',169.99,1.00,''),(764,625,6763,'Swoop Chair - Cocoa Velvet',169.99,1.00,''),(765,626,6744,'Full Zip Hoodie Mint',15.00,1.00,''),(766,626,6759,'Mallory Upholstered Chair - Solids',169.99,1.00,''),(767,626,6763,'Swoop Chair - Cocoa Velvet',169.99,1.00,''),(768,627,6744,'Full Zip Hoodie Mint',15.00,1.00,''),(769,627,6759,'Mallory Upholstered Chair - Solids',169.99,1.00,''),(770,627,6763,'Swoop Chair - Cocoa Velvet',169.99,1.00,''),(771,628,6744,'Full Zip Hoodie Mint',15.00,1.00,''),(772,628,6747,'Chevron Printed Blouse - Self Esteem',11.98,3.00,''),(773,629,6744,'Full Zip Hoodie Mint',15.00,1.00,''),(774,629,6747,'Chevron Printed Blouse - Self Esteem',11.98,3.00,''),(775,629,6753,'Men\'s Denim Button Down',15.00,1.00,''),(776,630,6744,'Full Zip Hoodie Mint',15.00,1.00,''),(777,631,6750,'Mickey Mouse Men\'s T-Shirt',12.99,1.00,''),(778,632,6747,'Chevron Printed Blouse - Self Esteem',11.98,1.00,''),(779,632,6762,'Slipper Chair - Gray Trellis',101.98,1.00,''),(780,633,6765,'Square Glazed 16-piece Dinnerware Set',69.99,2.00,''),(781,633,6744,'Full Zip Hoodie Mint',15.00,1.00,''),(782,634,6747,'Chevron Printed Blouse - Self Esteem',11.98,1.00,''),(783,634,6750,'Mickey Mouse Men\'s T-Shirt',12.99,1.00,''),(784,634,6746,'ME LS V-Neck Tee',12.00,1.00,''),(785,634,6753,'Men\'s Denim Button Down',15.00,1.00,''),(786,635,6744,'Full Zip Hoodie Mint',15.00,1.00,''),(787,636,6748,'Cami Merona',9.00,1.00,''),(788,637,6748,'Cami Merona',9.00,1.00,''),(789,637,6744,'Full Zip Hoodie Mint',15.00,1.00,''),(790,638,6748,'Cami Merona',9.00,1.00,''),(791,638,6746,'ME LS V-Neck Tee',12.00,1.00,''),(792,638,6747,'Chevron Printed Blouse - Self Esteem',11.98,1.00,''),(793,639,6749,'Long Sleeve T-Shirt',7.99,1.00,''),(794,639,6746,'ME LS V-Neck Tee',12.00,1.00,''),(795,639,6748,'Cami Merona',9.00,1.00,''),(796,640,6746,'ME LS V-Neck Tee',12.00,1.00,''),(797,641,6744,'Full Zip Hoodie Mint',15.00,1.00,''),(798,642,6744,'Full Zip Hoodie Mint',15.00,1.00,''),(799,643,6744,'Full Zip Hoodie Mint',15.00,1.00,''),(800,644,6744,'Full Zip Hoodie Mint',15.00,1.00,''),(801,645,6744,'Full Zip Hoodie Mint',15.00,1.00,''),(802,646,6744,'Full Zip Hoodie Mint',15.00,1.00,''),(803,647,6744,'Full Zip Hoodie Mint',15.00,1.00,''),(804,648,6744,'Full Zip Hoodie Mint',15.00,1.00,''),(805,649,6744,'Full Zip Hoodie Mint',15.00,1.00,''),(806,650,6744,'Full Zip Hoodie Mint',15.00,1.00,''),(807,651,6764,'Camden 16 Piece Dinnerware Set',59.99,1.00,''),(808,652,6764,'Camden 16 Piece Dinnerware Set',59.99,1.00,''),(809,653,6764,'Camden 16 Piece Dinnerware Set',59.99,1.00,''),(810,654,6764,'Camden 16 Piece Dinnerware Set',59.99,1.00,''),(811,655,6758,'Boys\' Striped Henley Shirt',19.99,1.00,''),(812,656,6748,'Cami Merona',9.00,5.00,''),(813,657,6748,'Cami Merona',9.00,5.00,''),(814,657,6747,'Chevron Printed Blouse - Self Esteem',11.98,1.00,''),(815,657,6745,'Short Sleeve V-Neck Tee',10.00,1.00,''),(816,658,6744,'Full Zip Hoodie Mint',15.00,1.00,''),(817,658,6747,'Chevron Printed Blouse - Self Esteem',11.98,1.00,''),(818,658,6748,'Cami Merona',9.00,3.00,''),(819,659,6749,'Long Sleeve T-Shirt',7.99,1.00,''),(820,660,6751,'Seven7 Men\'s Button Down Shirt - Navy',8.74,1.00,''),(821,661,6744,'Full Zip Hoodie Mint',15.00,1.00,''),(822,661,6760,'Dorel Glider Rocker Combo',99.99,1.00,''),(823,662,6744,'Full Zip Hoodie Mint',15.00,1.00,''),(824,662,6760,'Dorel Glider Rocker Combo',99.99,1.00,''),(825,663,6744,'Full Zip Hoodie Mint',15.00,1.00,''),(826,663,6760,'Dorel Glider Rocker Combo',99.99,1.00,''),(827,664,6744,'Full Zip Hoodie Mint',15.00,1.00,''),(828,664,6760,'Dorel Glider Rocker Combo',99.99,1.00,''),(829,665,6747,'Chevron Printed Blouse - Self Esteem',11.98,1.00,''),(830,665,6750,'Mickey Mouse Men\'s T-Shirt',12.99,1.00,''),(831,665,6748,'Cami Merona',9.00,1.00,''),(832,665,6745,'Short Sleeve V-Neck Tee',10.00,1.00,''),(833,666,6747,'Chevron Printed Blouse - Self Esteem',11.98,2.00,''),(834,666,6744,'Full Zip Hoodie Mint',15.00,1.00,''),(835,667,6744,'Full Zip Hoodie Mint',15.00,1.00,''),(836,667,6745,'Short Sleeve V-Neck Tee',10.00,1.00,''),(837,668,6744,'Full Zip Hoodie Mint',15.00,1.00,''),(838,668,6745,'Short Sleeve V-Neck Tee',10.00,1.00,''),(839,669,6744,'Full Zip Hoodie Mint',15.00,1.00,''),(840,669,6745,'Short Sleeve V-Neck Tee',10.00,1.00,''),(841,670,6744,'Full Zip Hoodie Mint',15.00,1.00,''),(842,670,6745,'Short Sleeve V-Neck Tee',10.00,1.00,''),(843,671,6747,'Chevron Printed Blouse - Self Esteem',11.98,2.00,''),(844,671,6751,'Seven7 Men\'s Button Down Shirt - Navy',8.74,1.00,''),(845,672,6745,'Short Sleeve V-Neck Tee',10.00,1.00,''),(846,673,6745,'Short Sleeve V-Neck Tee',10.00,1.00,''),(847,674,6745,'Short Sleeve V-Neck Tee',10.00,1.00,''),(848,675,6745,'Short Sleeve V-Neck Tee',10.00,1.00,''),(849,676,6745,'Short Sleeve V-Neck Tee',10.00,1.00,''),(850,677,6750,'Mickey Mouse Men\'s T-Shirt',12.99,2.00,''),(851,677,6746,'ME LS V-Neck Tee',12.00,1.00,''),(852,677,6747,'Chevron Printed Blouse - Self Esteem',11.98,1.00,''),(853,677,6763,'Swoop Chair - Cocoa Velvet',169.99,1.00,''),(854,678,6744,'Full Zip Hoodie Mint',15.00,10.00,''),(855,679,6744,'Full Zip Hoodie Mint',15.00,10.00,''),(856,680,6744,'Full Zip Hoodie Mint',15.00,10.00,''),(857,681,6744,'Full Zip Hoodie Mint',15.00,10.00,''),(858,682,6744,'Full Zip Hoodie Mint',15.00,10.00,''),(859,683,6744,'Full Zip Hoodie Mint',15.00,10.00,''),(860,684,6744,'Full Zip Hoodie Mint',15.00,10.00,''),(861,685,6744,'Full Zip Hoodie Mint',15.00,10.00,''),(862,686,6744,'Full Zip Hoodie Mint',15.00,10.00,''),(863,687,6744,'Full Zip Hoodie Mint',15.00,10.00,''),(864,688,6744,'Full Zip Hoodie Mint',15.00,1.00,''),(865,689,6744,'Full Zip Hoodie Mint',15.00,1.00,''),(866,690,6744,'Full Zip Hoodie Mint',15.00,1.00,''),(867,691,6744,'Full Zip Hoodie Mint',15.00,1.00,''),(868,692,6744,'Full Zip Hoodie Mint',15.00,1.00,''),(869,693,6744,'Full Zip Hoodie Mint',15.00,1.00,''),(870,694,6744,'Full Zip Hoodie Mint',15.00,1.00,''),(871,695,6744,'Full Zip Hoodie Mint',15.00,1.00,''),(872,696,6744,'Full Zip Hoodie Mint',15.00,1.00,''),(873,697,6744,'Full Zip Hoodie Mint',15.00,1.00,''),(874,698,6744,'Full Zip Hoodie Mint',15.00,1.00,''),(875,699,6744,'Full Zip Hoodie Mint',15.00,1.00,''),(876,700,6744,'Full Zip Hoodie Mint',15.00,1.00,''),(877,701,6744,'Full Zip Hoodie Mint',15.00,1.00,''),(878,702,6744,'Full Zip Hoodie Mint',15.00,1.00,''),(879,703,6744,'Full Zip Hoodie Mint',15.00,1.00,''),(880,704,6744,'Full Zip Hoodie Mint',15.00,1.00,''),(881,705,6744,'Full Zip Hoodie Mint',15.00,1.00,''),(882,706,6744,'Full Zip Hoodie Mint',15.00,1.00,''),(883,707,6744,'Full Zip Hoodie Mint',15.00,1.00,''),(884,708,6744,'Full Zip Hoodie Mint',15.00,1.00,''),(885,709,6744,'Full Zip Hoodie Mint',15.00,1.00,''),(886,710,6744,'Full Zip Hoodie Mint',15.00,1.00,''),(887,711,6744,'Full Zip Hoodie Mint',15.00,1.00,''),(888,712,6744,'Full Zip Hoodie Mint',15.00,1.00,''),(889,713,6744,'Full Zip Hoodie Mint',15.00,1.00,''),(890,714,6744,'Full Zip Hoodie Mint',15.00,1.00,''),(891,715,6744,'Full Zip Hoodie Mint',15.00,1.00,''),(892,716,6744,'Full Zip Hoodie Mint',15.00,1.00,''),(893,717,6744,'Full Zip Hoodie Mint',15.00,1.00,''),(894,718,6744,'Full Zip Hoodie Mint',15.00,1.00,''),(895,719,6744,'Full Zip Hoodie Mint',15.00,1.00,''),(896,720,6744,'Full Zip Hoodie Mint',15.00,1.00,''),(897,721,6745,'Short Sleeve V-Neck Tee',10.00,1.00,''),(898,722,6745,'Short Sleeve V-Neck Tee',10.00,1.00,''),(899,723,6745,'Short Sleeve V-Neck Tee',10.00,1.00,''),(900,724,6745,'Short Sleeve V-Neck Tee',10.00,1.00,''),(901,725,6749,'Long Sleeve T-Shirt',7.99,1.00,''),(902,725,6755,'Boys\' Microfleece Quarter Zip',12.99,1.00,''),(903,725,6746,'ME LS V-Neck Tee',12.00,1.00,''),(904,725,6750,'Mickey Mouse Men\'s T-Shirt',12.99,2.00,''),(905,726,6748,'Cami Merona',9.00,1.00,''),(906,726,6756,'Boys\' School Uniform Long-Sleeve Oxford Shirt',14.99,1.00,''),(907,727,6744,'Full Zip Hoodie Mint',15.00,1.00,''),(908,728,6744,'Full Zip Hoodie Mint',15.00,1.00,''),(909,729,6744,'Full Zip Hoodie Mint',15.00,1.00,''),(910,730,6744,'Full Zip Hoodie Mint',15.00,1.00,''),(911,731,6744,'Full Zip Hoodie Mint',15.00,1.00,''),(912,731,6755,'Boys\' Microfleece Quarter Zip',12.99,1.00,''),(913,726,6760,'Dorel Glider Rocker Combo',99.99,1.00,''),(914,726,6759,'Mallory Upholstered Chair - Solids',169.99,2.00,''),(915,732,6767,'Scallop 16 Piece Dinnerware Set - White',59.99,1.00,''),(916,732,6766,'Zada Dinnerware Set of 16 (Red',59.99,1.00,''),(917,733,6746,'ME LS V-Neck Tee',12.00,1.00,''),(918,731,6756,'Boys\' School Uniform Long-Sleeve Oxford Shirt',14.99,1.00,''),(919,734,6745,'Short Sleeve V-Neck Tee',10.00,2.00,''),(920,735,6745,'Short Sleeve V-Neck Tee',10.00,2.00,''),(921,736,6745,'Short Sleeve V-Neck Tee',10.00,2.00,''),(922,737,6745,'Short Sleeve V-Neck Tee',10.00,2.00,''),(923,738,6745,'Short Sleeve V-Neck Tee',10.00,2.00,''),(924,739,6745,'Short Sleeve V-Neck Tee',10.00,2.00,''),(925,740,6745,'Short Sleeve V-Neck Tee',10.00,2.00,''),(926,741,6745,'Short Sleeve V-Neck Tee',10.00,2.00,''),(927,742,6745,'Short Sleeve V-Neck Tee',10.00,2.00,''),(928,743,6745,'Short Sleeve V-Neck Tee',10.00,2.00,''),(929,744,6745,'Short Sleeve V-Neck Tee',10.00,2.00,''),(930,745,6745,'Short Sleeve V-Neck Tee',10.00,2.00,''),(931,746,6745,'Short Sleeve V-Neck Tee',10.00,2.00,''),(932,747,6745,'Short Sleeve V-Neck Tee',10.00,2.00,''),(933,748,6745,'Short Sleeve V-Neck Tee',10.00,2.00,''),(934,749,6745,'Short Sleeve V-Neck Tee',10.00,2.00,''),(935,750,6745,'Short Sleeve V-Neck Tee',10.00,1.00,''),(936,751,6745,'Short Sleeve V-Neck Tee',10.00,1.00,''),(937,752,6745,'Short Sleeve V-Neck Tee',10.00,1.00,''),(938,753,6745,'Short Sleeve V-Neck Tee',10.00,1.00,''),(939,754,6749,'Long Sleeve T-Shirt',7.99,2.00,''),(940,754,6744,'Full Zip Hoodie Mint',15.00,1.00,''),(941,754,6748,'Cami Merona',9.00,2.00,''),(942,754,6750,'Mickey Mouse Men\'s T-Shirt',12.99,2.00,''),(943,755,6745,'Short Sleeve V-Neck Tee',10.00,1.00,''),(944,756,6745,'Short Sleeve V-Neck Tee',10.00,1.00,''),(945,757,6745,'Short Sleeve V-Neck Tee',10.00,1.00,''),(946,758,6745,'Short Sleeve V-Neck Tee',10.00,1.00,''),(947,759,6745,'Short Sleeve V-Neck Tee',10.00,1.00,''),(948,760,6745,'Short Sleeve V-Neck Tee',10.00,1.00,''),(949,761,6745,'Short Sleeve V-Neck Tee',10.00,1.00,''),(950,762,6745,'Short Sleeve V-Neck Tee',10.00,1.00,''),(951,763,6745,'Short Sleeve V-Neck Tee',10.00,1.00,''),(952,764,6745,'Short Sleeve V-Neck Tee',10.00,1.00,''),(953,754,6746,'ME LS V-Neck Tee',12.00,1.00,''),(954,765,6752,'Men\'s Tech Long Sleeve T-Shirt',14.99,1.00,''),(955,765,6750,'Mickey Mouse Men\'s T-Shirt',12.99,1.00,''),(956,765,6751,'Seven7 Men\'s Button Down Shirt - Navy',8.74,1.00,''),(957,766,6751,'Seven7 Men\'s Button Down Shirt - Navy',8.74,1.00,''),(958,767,6749,'Long Sleeve T-Shirt',7.99,1.00,''),(959,767,6750,'Mickey Mouse Men\'s T-Shirt',12.99,1.00,''),(960,767,6748,'Cami Merona',9.00,6.00,''),(961,767,6755,'Boys\' Microfleece Quarter Zip',12.99,1.00,''),(962,768,6748,'Cami Merona',9.00,1.00,''),(963,769,6744,'Full Zip Hoodie Mint',15.00,1.00,''),(964,770,6744,'Full Zip Hoodie Mint',15.00,1.00,''),(965,771,6744,'Full Zip Hoodie Mint',15.00,1.00,''),(966,772,6744,'Full Zip Hoodie Mint',15.00,1.00,''),(967,773,6744,'Full Zip Hoodie Mint',15.00,1.00,''),(968,768,6762,'Slipper Chair - Gray Trellis',101.98,1.00,''),(969,774,6751,'Seven7 Men\'s Button Down Shirt - Navy',8.74,1.00,''),(970,774,6757,'Boys\' School Uniform Long-Sleeve Pique Polo',10.99,1.00,''),(971,774,6750,'Mickey Mouse Men\'s T-Shirt',12.99,2.00,''),(972,775,6745,'Short Sleeve V-Neck Tee',10.00,1.00,''),(973,774,6746,'ME LS V-Neck Tee',12.00,1.00,''),(974,774,6753,'Men\'s Denim Button Down',15.00,1.00,''),(975,774,6747,'Chevron Printed Blouse - Self Esteem',11.98,1.00,''),(976,774,6749,'Long Sleeve T-Shirt',7.99,1.00,''),(977,774,6756,'Boys\' School Uniform Long-Sleeve Oxford Shirt',14.99,1.00,''),(978,775,6778,'ADIDAS Sleeveless Tee',35.00,1.00,''),(979,776,6747,'Chevron Printed Blouse - Self Esteem',11.98,2.00,''),(980,776,6748,'Cami Merona',9.00,2.00,''),(981,776,6756,'Boys\' School Uniform Long-Sleeve Oxford Shirt',14.99,1.00,''),(982,777,6751,'Seven7 Men\'s Button Down Shirt - Navy',8.74,1.00,''),(983,777,6752,'Men\'s Tech Long Sleeve T-Shirt',14.99,1.00,''),(984,777,6758,'Boys\' Striped Henley Shirt',19.99,1.00,''),(985,777,6761,'Burke Armless Slipper Chair - Peacock Chevron',79.98,1.00,''),(986,777,6748,'Cami Merona',9.00,1.00,''),(987,778,6751,'Seven7 Men\'s Button Down Shirt - Navy',8.74,1.00,''),(988,778,6744,'Full Zip Hoodie Mint',15.00,1.00,''),(989,778,6750,'Mickey Mouse Men\'s T-Shirt',12.99,1.00,''),(990,779,6744,'Full Zip Hoodie Mint',15.00,1.00,''),(991,779,6745,'Short Sleeve V-Neck Tee',10.00,1.00,''),(992,780,6747,'Chevron Printed Blouse - Self Esteem',11.98,1.00,''),(993,780,6748,'Cami Merona',9.00,1.00,''),(994,781,6752,'Men\'s Tech Long Sleeve T-Shirt',14.99,1.00,''),(995,781,6746,'ME LS V-Neck Tee',12.00,1.00,''),(996,781,6765,'Square Glazed 16-piece Dinnerware Set',69.99,1.00,''),(997,782,6744,'Full Zip Hoodie Mint',15.00,1.00,''),(998,783,6744,'Full Zip Hoodie Mint',15.00,1.00,''),(999,784,6744,'Full Zip Hoodie Mint',15.00,1.00,''),(1000,785,6744,'Full Zip Hoodie Mint',15.00,1.00,''),(1001,786,6744,'Full Zip Hoodie Mint',15.00,2.00,''),(1002,787,6749,'Long Sleeve T-Shirt',7.99,1.00,''),(1003,788,6744,'Full Zip Hoodie Mint',15.00,2.00,''),(1004,789,6744,'Full Zip Hoodie Mint',15.00,12.00,''),(1005,790,6744,'Full Zip Hoodie Mint',15.00,12.00,''),(1006,791,6744,'Full Zip Hoodie Mint',15.00,12.00,''),(1007,792,6744,'Full Zip Hoodie Mint',15.00,12.00,''),(1008,793,6744,'Full Zip Hoodie Mint',15.00,3.00,''),(1009,794,6746,'ME LS V-Neck Tee',12.00,2.00,''),(1010,795,6753,'Men\'s Denim Button Down',15.00,1.00,''),(1011,795,6744,'Full Zip Hoodie Mint',15.00,1.00,''),(1012,795,6749,'Long Sleeve T-Shirt',7.99,1.00,''),(1013,796,6747,'Chevron Printed Blouse - Self Esteem',11.98,1.00,''),(1014,797,6747,'Chevron Printed Blouse - Self Esteem',11.98,1.00,''),(1015,798,6747,'',11.98,2.00,''),(1016,798,6748,'',9.00,2.00,''),(1017,798,6755,'',12.99,1.00,''),(1018,799,6748,'',9.00,1.00,''),(1019,800,6748,'',9.00,1.00,''),(1020,801,6748,'Cami Merona',9.00,1.00,''),(1021,802,6744,'Full Zip Hoodie Mint',15.00,1.00,''),(1022,803,6744,'Full Zip Hoodie Mint',15.00,1.00,''),(1023,804,6744,'Full Zip Hoodie Mint',15.00,1.00,''),(1024,805,6745,'Short Sleeve V-Neck Tee',10.00,1.00,''),(1025,805,6748,'Cami Merona®',9.00,1.00,''),(1026,806,6745,'Short Sleeve V-Neck Tee',10.00,1.00,''),(1027,806,6748,'Cami Merona®',9.00,1.00,''),(1028,807,6744,'Full Zip Hoodie Mint',15.00,1.00,''),(1029,808,6744,'Full Zip Hoodie Mint',15.00,1.00,''),(1030,809,6744,'Full Zip Hoodie Mint',15.00,1.00,''),(1031,810,6744,'Full Zip Hoodie Mint',15.00,1.00,''),(1032,811,6744,'Full Zip Hoodie Mint',15.00,1.00,''),(1033,812,6745,'Short Sleeve V-Neck Tee',10.00,1.00,''),(1034,812,6746,'ME LS V-Neck Tee',12.00,1.00,''),(1035,813,6751,'Seven7 Men\'s Button Down Shirt - Navy',8.74,1.00,''),(1036,814,6751,'Seven7 Men\'s Button Down Shirt - Navy',8.74,1.00,''),(1037,815,6756,'Boys\' School Uniform Long-Sleeve Oxford Shirt',14.99,1.00,''),(1038,816,6756,'Boys\' School Uniform Long-Sleeve Oxford Shirt',14.99,1.00,''),(1039,817,6754,'Boys\' Solid Polo',8.00,1.00,''),(1040,818,6754,'Boys\' Solid Polo',8.00,1.00,''),(1041,819,6744,'Full Zip Hoodie Mint',15.00,1.00,''),(1042,820,6744,'Full Zip Hoodie Mint',15.00,1.00,''),(1043,821,6744,'Full Zip Hoodie Mint',15.00,1.00,''),(1044,822,6744,'Full Zip Hoodie Mint',15.00,1.00,''),(1045,823,6744,'Full Zip Hoodie Mint',15.00,1.00,''),(1046,824,6758,'Boys\' Striped Henley Shirt',19.99,1.00,''),(1047,825,6745,'Short Sleeve V-Neck Tee',10.00,1.00,''),(1048,825,6745,'Short Sleeve V-Neck Tee',10.00,1.00,''),(1049,825,6745,'Short Sleeve V-Neck Tee',10.00,1.00,''),(1050,825,6745,'Short Sleeve V-Neck Tee',10.00,1.00,''),(1051,826,6747,'Chevron Printed Blouse - Self Esteem',11.98,1.00,''),(1052,827,6744,'Full Zip Hoodie Mint',15.00,1.00,''),(1053,828,6752,'Men\'s Tech Long Sleeve T-Shirt',14.99,2.00,''),(1054,829,6757,'Boys\' School Uniform Long-Sleeve Pique Polo',10.99,1.00,''),(1055,830,6744,'Full Zip Hoodie Mint',15.00,2.00,''),(1056,831,6748,'Cami Merona®',9.00,1.00,''),(1057,832,6744,'Full Zip Hoodie Mint',15.00,1.00,''),(1058,833,6749,'Long Sleeve T-Shirt',7.99,1.00,''),(1059,834,6744,'Full Zip Hoodie Mint',15.00,1.00,''),(1060,835,6745,'Short Sleeve V-Neck Tee',10.00,1.00,''),(1061,836,6744,'Full Zip Hoodie Mint',15.00,1.00,''),(1062,837,6744,'Full Zip Hoodie Mint',15.00,1.00,''),(1063,838,6755,'Boys\' Microfleece Quarter Zip',12.99,1.00,''),(1064,838,6748,'Cami Merona',9.00,1.00,''),(1065,839,6747,'Chevron Printed Blouse - Self Esteem',11.98,1.00,''),(1066,840,6753,'Men\'s Denim Button Down',15.00,1.00,''),(1067,840,6761,'Burke Armless Slipper Chair - Peacock Chevron',79.98,1.00,''),(1068,840,6749,'Long Sleeve T-Shirt',7.99,1.00,''),(1069,840,6748,'Cami Merona',9.00,1.00,''),(1070,841,6748,'Cami Merona',9.00,1.00,''),(1071,841,6744,'Full Zip Hoodie Mint',15.00,1.00,''),(1072,842,6748,'Cami Merona',9.00,1.00,''),(1073,842,6744,'Full Zip Hoodie Mint',15.00,1.00,''),(1074,843,6749,'Long Sleeve T-Shirt',7.99,1.00,''),(1075,844,6749,'Long Sleeve T-Shirt',7.99,1.00,''),(1076,845,6749,'Long Sleeve T-Shirt',7.99,1.00,''),(1077,846,6749,'Long Sleeve T-Shirt',7.99,1.00,''),(1078,847,6744,'Full Zip Hoodie Mint',15.00,1.00,''),(1079,848,6747,'Chevron Printed Blouse - Self Esteem',11.98,1.00,''),(1080,849,6757,'Boys\' School Uniform Long-Sleeve Pique Polo',10.99,1.00,''),(1081,850,6744,'Full Zip Hoodie Mint',15.00,1.00,''),(1082,851,6754,'Boys\' Solid Polo',8.00,1.00,''),(1083,852,6756,'Boys\' School Uniform Long-Sleeve Oxford Shirt',14.99,1.00,''),(1084,853,6756,'Boys\' School Uniform Long-Sleeve Oxford Shirt',14.99,1.00,''),(1085,854,6750,'Mickey Mouse Men\'s T-Shirt',12.99,1.00,''),(1086,855,6755,'Boys\' Microfleece Quarter Zip',12.99,1.00,''),(1087,856,6752,'Men\'s Tech Long Sleeve T-Shirt',14.99,1.00,''),(1088,856,6744,'Full Zip Hoodie Mint',15.00,1.00,''),(1089,856,6753,'Men\'s Denim Button Down',15.00,1.00,''),(1090,857,6758,'Boys\' Striped Henley Shirt',19.99,1.00,''),(1091,858,6755,'Boys\' Microfleece Quarter Zip',12.99,1.00,''),(1092,859,6748,'Cami Merona',9.00,1.00,''),(1093,860,6766,'Zada Dinnerware Set of 16 (Red',59.99,1.00,''),(1094,861,6744,'Full Zip Hoodie Mint',15.00,1.00,''),(1095,862,6749,'Long Sleeve T-Shirt',7.99,1.00,''),(1096,863,6750,'Mickey Mouse Men\'s T-Shirt',12.99,1.00,''),(1097,864,6746,'ME LS V-Neck Tee',12.00,1.00,''),(1098,865,6764,'Camden 16 Piece Dinnerware Set',59.99,1.00,''),(1099,866,6759,'Mallory Upholstered Chair - Solids',169.99,1.00,''),(1100,867,6749,'Long Sleeve T-Shirt',7.99,2.00,''),(1101,867,6744,'Full Zip Hoodie Mint',15.00,1.00,''),(1102,867,6746,'ME LS V-Neck Tee',12.00,2.00,''),(1103,868,6747,'Chevron Printed Blouse - Self Esteem',11.98,1.00,''),(1104,869,6746,'ME LS V-Neck Tee',12.00,1.00,''),(1105,870,6747,'Chevron Printed Blouse - Self Esteem',11.98,1.00,''),(1106,871,6746,'ME LS V-Neck Tee',12.00,1.00,''),(1107,872,6744,'Full Zip Hoodie Mint',15.00,1.00,''),(1108,873,6753,'Men\'s Denim Button Down',15.00,1.00,''),(1109,874,6750,'Mickey Mouse Men\'s T-Shirt',12.99,1.00,''),(1110,875,6749,'Long Sleeve T-Shirt',7.99,1.00,''),(1111,876,6749,'Long Sleeve T-Shirt',7.99,1.00,''),(1112,877,6744,'Full Zip Hoodie Mint',15.00,1.00,''),(1113,878,6746,'ME LS V-Neck Tee',12.00,1.00,''),(1114,879,6747,'Chevron Printed Blouse - Self Esteem',11.98,1.00,''),(1115,880,6744,'Full Zip Hoodie Mint',15.00,1.00,''),(1116,881,6749,'Long Sleeve T-Shirt',7.99,1.00,''),(1117,882,6747,'Chevron Printed Blouse - Self Esteem',11.98,1.00,''),(1118,883,6751,'Seven7 Men\'s Button Down Shirt - Navy',8.74,1.00,''),(1119,884,6752,'Men\'s Tech Long Sleeve T-Shirt',14.99,1.00,''),(1120,885,6747,'Chevron Printed Blouse - Self Esteem',11.98,1.00,''),(1121,886,6744,'Full Zip Hoodie Mint',15.00,1.00,''),(1122,887,6746,'ME LS V-Neck Tee',12.00,1.00,''),(1123,888,6751,'Seven7 Men\'s Button Down Shirt - Navy',8.74,1.00,''),(1124,889,6744,'Full Zip Hoodie Mint',15.00,2.00,''),(1125,890,6744,'Full Zip Hoodie Mint',15.00,2.00,''),(1126,891,6747,'Chevron Printed Blouse - Self Esteem',11.98,1.00,''),(1127,891,6745,'Short Sleeve V-Neck Tee',10.00,1.00,''),(1128,892,6754,'Boys\' Solid Polo',8.00,2.00,'');
/*!40000 ALTER TABLE `order_details` ENABLE KEYS */;
UNLOCK TABLES;

--
-- Table structure for table `order_offer`
--

DROP TABLE IF EXISTS `order_offer`;
/*!40101 SET @saved_cs_client     = @@character_set_client */;
/*!40101 SET character_set_client = utf8 */;
CREATE TABLE `order_offer` (
  `orders_offers_id` int(11) NOT NULL AUTO_INCREMENT,
  `order_id` int(11) NOT NULL,
  `offer_id` int(11) NOT NULL,
  `user_id` int(11) NOT NULL,
  `offer_discount` int(11) NOT NULL,
  `created_date` datetime NOT NULL,
  `updated_date` datetime NOT NULL,
  `status` int(11) NOT NULL,
  PRIMARY KEY (`orders_offers_id`)
) ENGINE=MyISAM AUTO_INCREMENT=27 DEFAULT CHARSET=latin1;
/*!40101 SET character_set_client = @saved_cs_client */;

--
-- Dumping data for table `order_offer`
--

LOCK TABLES `order_offer` WRITE;
/*!40000 ALTER TABLE `order_offer` DISABLE KEYS */;
INSERT INTO `order_offer` VALUES (1,824,196,0,3,'2015-06-04 03:02:12','2015-06-04 03:02:12',1),(2,825,196,0,3,'2015-06-04 05:39:01','2015-06-04 05:39:01',1),(3,826,196,0,3,'2015-06-04 06:14:11','2015-06-04 06:15:03',1),(4,827,196,9,3,'2015-06-04 06:47:29','0000-00-00 00:00:00',1),(5,828,196,9,3,'2015-06-04 06:54:17','0000-00-00 00:00:00',1),(6,829,196,9,3,'2015-06-04 06:55:06','0000-00-00 00:00:00',1),(7,830,196,9,3,'2015-06-04 07:18:53','0000-00-00 00:00:00',1),(8,831,196,9,3,'2015-06-04 07:30:44','0000-00-00 00:00:00',1),(9,832,196,9,3,'2015-06-04 08:09:54','0000-00-00 00:00:00',1),(10,834,196,9,3,'2015-06-04 08:11:34','0000-00-00 00:00:00',1),(11,835,196,9,3,'2015-06-04 08:14:54','0000-00-00 00:00:00',1),(12,837,196,9,3,'2015-06-04 08:37:49','0000-00-00 00:00:00',1),(13,840,195,9,3,'2015-06-05 04:49:16','0000-00-00 00:00:00',1),(14,841,195,9,3,'2015-06-05 04:55:25','2015-06-05 05:09:49',1),(15,842,195,9,3,'2015-06-05 05:11:46','2015-06-05 05:15:31',1),(16,845,196,9,3,'2015-06-05 05:25:25','0000-00-00 00:00:00',1),(17,846,196,9,3,'2015-06-05 05:26:37','0000-00-00 00:00:00',1),(18,854,196,9,3,'2015-06-05 07:22:04','0000-00-00 00:00:00',1),(19,859,196,9,3,'2015-06-05 08:04:05','0000-00-00 00:00:00',1),(20,860,195,9,3,'2015-06-05 08:05:50','0000-00-00 00:00:00',1),(21,861,196,9,3,'2015-06-05 08:07:47','0000-00-00 00:00:00',1),(22,862,195,9,3,'2015-06-05 08:10:55','0000-00-00 00:00:00',1),(23,863,195,9,3,'2015-06-05 08:19:21','0000-00-00 00:00:00',1),(24,865,195,9,3,'2015-06-05 08:25:05','0000-00-00 00:00:00',1),(25,866,195,9,3,'2015-06-05 08:29:49','0000-00-00 00:00:00',1),(26,867,196,9,3,'2015-06-06 03:15:34','0000-00-00 00:00:00',1);
/*!40000 ALTER TABLE `order_offer` ENABLE KEYS */;
UNLOCK TABLES;

--
-- Table structure for table `orders`
--

DROP TABLE IF EXISTS `orders`;
/*!40101 SET @saved_cs_client     = @@character_set_client */;
/*!40101 SET character_set_client = utf8 */;
CREATE TABLE `orders` (
  `order_id` int(10) NOT NULL AUTO_INCREMENT,
  `user_id` int(10) NOT NULL,
  `order_total` decimal(10,2) NOT NULL,
  `order_created_date` datetime NOT NULL,
  `order_updated_date` datetime NOT NULL,
  `order_status` tinyint(1) NOT NULL,
  `order_sales_tax` decimal(10,2) NOT NULL,
  `order_cart_total` decimal(10,2) NOT NULL,
  `order_shipping_cost` decimal(10,2) NOT NULL,
  `order_shipping_addr1` varchar(256) NOT NULL,
  `order_shipping_addr2` varchar(256) NOT NULL,
  `order_shipping_city` varchar(100) NOT NULL,
  `order_shipping_state` varchar(100) NOT NULL,
  `order_shipping_zip` varchar(100) NOT NULL,
  `order_shipping_country` varchar(100) NOT NULL,
  `order_shipping_method` varchar(256) NOT NULL,
  `order_session_id` varchar(256) NOT NULL,
  `user_pay_method_id` int(10) NOT NULL,
  PRIMARY KEY (`order_id`)
) ENGINE=InnoDB AUTO_INCREMENT=893 DEFAULT CHARSET=latin1;
/*!40101 SET character_set_client = @saved_cs_client */;

--
-- Dumping data for table `orders`
--

LOCK TABLES `orders` WRITE;
/*!40000 ALTER TABLE `orders` DISABLE KEYS */;
INSERT INTO `orders` VALUES (1,13,182.08,'2015-01-27 08:45:22','2015-01-27 08:45:22',0,12.09,169.99,0.00,'1120 sherborne ln','','Powell','Oh ','43043','US','5-6 Business Days','sZOcqbhU5ZYWMfpB9K5GM1SjfnaLCKflaTK9QvYS',0),(2,13,198.13,'2015-01-27 08:46:57','2015-01-27 08:46:57',0,13.15,184.98,0.00,'1120 sherborne ln','','Powell','Oh ','43043','US','5-6 Business Days','sZOcqbhU5ZYWMfpB9K5GM1SjfnaLCKflaTK9QvYS',0),(3,6,124.37,'2015-01-27 23:22:24','2015-01-27 23:22:24',0,9.38,114.99,0.00,'new','','chicago','IL','60194','USA','5-6 Business Days','csdj04o7zQatMgoKoLur95fCukMUjdumjGONG5Y0',0),(4,9,26.77,'2015-01-29 00:46:21','2015-01-29 00:46:21',0,1.78,24.99,0.00,'Add1','','Col','OH','1234','US','5-6 Business Days','MeNNbWcMMgxoXa1qHW10NMpsbmuD2ooXTarwczfj',0),(5,9,16.07,'2015-01-29 03:41:32','2015-01-29 03:41:36',1,1.07,15.00,0.00,'schumburg','bishop ct','Columbus','OH','60154','US','5-6 Business Days','BN4rtX8edCGswBZ80V6ODsfWCv5p2ngcjyzdjDK4',0),(6,9,16.07,'2015-01-29 03:43:22','2015-01-29 03:43:22',0,1.07,15.00,0.00,'schumburg','bishop ct','Columbus','OH','60154','US','5-6 Business Days','YCwfQRLqzULy9P6OJk0rH1uLy7BsRbqXDQpqdaaE',0),(7,9,16.07,'2015-01-29 03:43:25','2015-01-29 03:43:25',0,1.07,15.00,0.00,'schumburg','bishop ct','Columbus','OH','60154','US','5-6 Business Days','vbAdiscKpX94Q7aGZB68FrOOxz8MN0OojKdrPSf8',0),(8,9,44.47,'2015-01-29 04:06:46','2015-01-29 04:06:46',0,3.49,40.98,0.00,'trsgx','gxhcf','hfjgg','AL','457588','US','5-6 Business Days','4xRnW1RunX7zAwEHt1kvYpQN6YzsCXsy73yr1RZQ',0),(9,9,11.77,'2015-01-29 04:11:36','2015-01-29 04:11:36',0,0.78,10.99,0.00,'Add1','','Col','OH','1234','US','5-6 Business Days','ijCDdA6E2LquN9Rt6TrlCjhoowtOAP1jD5UP1N2i',0),(10,9,32.13,'2015-01-29 04:12:45','2015-01-29 04:12:47',1,2.13,30.00,0.00,'Add1','','Col','OH','1234','US','5-6 Business Days','0Fl8dIwioqHHPOYvlx8d3cJ7cVUgnTjDOU9WBrYb',0),(11,9,26.78,'2015-01-29 04:22:59','2015-01-29 04:27:01',0,1.78,25.00,0.00,'Add1','','Col','OH','1234','US','5-6 Business Days','MQiRHfem0Spvs6AN0fyTebq1GEau1HEbzMCVMKle',0),(12,9,16.07,'2015-01-29 04:23:49','2015-01-29 04:23:49',0,1.07,15.00,0.00,'Add1','','Col','OH','1234','US','5-6 Business Days','MQiRHfem0Spvs6AN0fyTebq1GEau1HEbzMCVMKle',0),(13,9,10.71,'2015-01-29 04:29:29','2015-01-29 04:29:29',0,0.71,10.00,0.00,'','','','','','','5-6 Business Days','kBg07sIoeVOP3F132zSOca0pX1yIN9gTtQShElN8',0),(14,9,10.71,'2015-01-29 04:37:26','2015-01-29 04:37:26',0,0.71,10.00,0.00,'','','','','','','5-6 Business Days','X8OSWzH8iCTxESqcOrOLYBPA2etpAEZjdjc3NmNM',0),(15,9,10.71,'2015-01-29 04:42:10','2015-01-29 04:42:10',0,0.71,10.00,0.00,'','','','','','','5-6 Business Days','RtfbKxlgahKAAs6lCmJSwi119LZe2S2T7YG5F8wz',0),(16,9,10.71,'2015-01-29 04:45:52','2015-01-29 04:45:52',0,0.71,10.00,0.00,'Add1','','Col','OH','1234','US','null','cp0P6PYEl1iwlmFCrKACGuV9sJZ4laaTDO3kWxwA',0),(17,9,34.28,'2015-01-29 04:46:29','2015-01-29 04:46:29',0,2.28,32.00,0.00,'Add1','','Col','OH','1234','US','null','WUTchO6bIYyiGosTYgFZC0BGVAPJE9voN3mi9z5u',0),(18,9,32.13,'2015-01-29 05:37:54','2015-01-29 05:37:54',0,2.13,30.00,0.00,'Add1','','Col','OH','1234','US','null','c2HXd2CR6rnxwMw9ck4UEVBCYbiihm4t3qPI7d5a',0),(19,9,16.07,'2015-01-29 05:49:38','2015-01-29 05:49:38',0,1.07,15.00,0.00,'Add1','','Col','OH','1234','US','5-6 Business Days','2v71MT9s5MHSiV0E8tB8RjB9wI6u22soFzIcWto5',0),(20,9,16.07,'2015-01-29 05:55:38','2015-01-29 05:55:38',0,1.07,15.00,0.00,'Add1','','Col','OH','1234','US','5-6 Business Days','uvF2CeDXSkQYgRy8bmqS7D4Evk6wZHa6MRehDJOi',0),(21,9,16.07,'2015-01-29 05:58:30','2015-01-29 05:58:30',0,1.07,15.00,0.00,'Add1','','Col','OH','1234','US','5-6 Business Days','el0MCAwGPBkOzWPYEZfwdikyyS2dhHDJid3esQM2',0),(22,9,15.00,'2015-01-29 23:08:23','2015-01-29 23:08:23',0,0.00,15.00,0.00,'','','','','','','5-6 Business Days','mbAJwh1xz1MeH8yiEyyi0KLLCEfWF7GO985fr0iP',0),(23,9,16.07,'2015-01-29 23:20:52','2015-01-29 23:20:52',0,1.07,15.00,0.00,'Add1','','Col','OH','1234','US','5-6 Business Days','tAYI3iuL9MGe7R92kfTzGxy9l3JUs86i9BLlR9Cb',0),(24,9,16.07,'2015-01-29 23:23:16','2015-01-29 23:23:16',0,1.07,15.00,0.00,'Add1','','Col','OH','1234','US','5-6 Business Days','pMdhEEMeKCRMogucJlPUGU3Tz5yXv2IUEcK8MGQ0',0),(25,9,16.07,'2015-01-29 23:23:19','2015-01-29 23:23:19',0,1.07,15.00,0.00,'Add1','','Col','OH','1234','US','5-6 Business Days','DFS5PGSXlaVe7CxbbXFANVyDRIM65CeMUlPLhqEK',0),(26,9,16.07,'2015-01-29 23:23:20','2015-01-29 23:23:20',0,1.07,15.00,0.00,'Add1','','Col','OH','1234','US','5-6 Business Days','myJGXwAcrbnv1b9Ww3QW1LGjgRXIWSvp6P22ycQb',0),(27,9,16.07,'2015-01-29 23:25:08','2015-01-29 23:25:08',0,1.07,15.00,0.00,'Add1','','Col','OH','1234','US','5-6 Business Days','eS8dBFUpuzNGWSKzzxARDbC1dhcYqrRAwkqJVw58',0),(28,9,16.07,'2015-01-29 23:25:09','2015-01-29 23:25:09',0,1.07,15.00,0.00,'Add1','','Col','OH','1234','US','5-6 Business Days','m1haMcy2dgYrfBD6v1AVBFzavNLZfNAr2zZ3VCjt',0),(29,9,16.07,'2015-01-29 23:25:21','2015-01-29 23:25:21',0,1.07,15.00,0.00,'Add1','','Col','OH','1234','US','5-6 Business Days','G6YaJH8DHWLiIHdPWQnr1DIEmfDeRrJuNzg5qXAz',0),(30,9,16.07,'2015-01-29 23:25:23','2015-01-29 23:25:23',0,1.07,15.00,0.00,'Add1','','Col','OH','1234','US','5-6 Business Days','pyJVDLXlzjBLLf45MGxiLiKYh3xaqO58ruR2EKLZ',0),(31,9,16.07,'2015-01-29 23:25:23','2015-01-29 23:25:23',0,1.07,15.00,0.00,'Add1','','Col','OH','1234','US','5-6 Business Days','4b5sXsOlUINrtMcubGyh7gtMycX6MCzK12EGldrn',0),(32,9,16.07,'2015-01-29 23:25:38','2015-01-29 23:25:38',0,1.07,15.00,0.00,'Add1','','Col','OH','1234','US','5-6 Business Days','ny7ZbEN4fklj4TuFyuzosERiROpr9TxIhJ29Clym',0),(33,9,16.07,'2015-01-29 23:25:42','2015-01-29 23:25:42',0,1.07,15.00,0.00,'Add1','','Col','OH','1234','US','5-6 Business Days','vPDRkmO6DgFVSDZnlDvXBPXJvFiwVxgmhFhQk3FG',0),(34,9,12.85,'2015-01-29 23:28:01','2015-01-29 23:28:01',0,0.85,12.00,0.00,'Add1','','Col','OH','1234','US','5-6 Business Days','i2TxhMm8Vh9hWrhHr4WE2RjDj2uszCS9pUCWM2yN',0),(35,9,119.95,'2015-01-29 23:31:29','2015-01-29 23:31:29',0,7.96,111.99,0.00,'Add1','','Col','OH','1234','US','5-6 Business Days','YGdpW64c3K9JKJkC4mVBHCNZeYOjaU3nppWELQx4',0),(36,9,119.95,'2015-01-29 23:31:56','2015-01-29 23:31:56',0,7.96,111.99,0.00,'Add1','','Col','OH','1234','US','5-6 Business Days','OJA2wW9xL3nclwv44Oed87uU16VwSC88C3iqPa9K',0),(37,6,16.22,'2015-01-29 23:43:49','2015-01-29 23:43:49',0,1.22,15.00,0.00,'new','','chicago','IL','60194','USA','5-6 Business Days','ixUHdFRGY4TgsfaxjIL5O6NtEvPvkbEiVM7HvEC3',0),(38,6,10.82,'2015-01-29 23:46:41','2015-01-29 23:46:41',0,0.82,10.00,0.00,'new','','chicago','IL','60194','USA','5-6 Business Days','ixUHdFRGY4TgsfaxjIL5O6NtEvPvkbEiVM7HvEC3',0),(39,6,16.22,'2015-01-29 23:49:10','2015-01-29 23:49:10',0,1.22,15.00,0.00,'new','','chicago','IL','60194','USA','5-6 Business Days','ixUHdFRGY4TgsfaxjIL5O6NtEvPvkbEiVM7HvEC3',0),(40,9,80.33,'2015-01-30 00:01:22','2015-01-30 00:01:22',0,5.33,75.00,0.00,'Add1','','Col','OH','1234','US','5-6 Business Days','PAuqCI3kYf9ZjPh7NQu0xbF3IPaSct4yvYKATcox',0),(41,9,80.33,'2015-01-30 00:01:24','2015-01-30 00:01:24',0,5.33,75.00,0.00,'Add1','','Col','OH','1234','US','5-6 Business Days','HPpjuME2qFyaaUTdTEdCtHdefy3Pm1p9KL0dqc8v',0),(42,9,80.33,'2015-01-30 00:12:31','2015-01-30 00:12:31',0,5.33,75.00,0.00,'Add1','','Col','OH','1234','US','5-6 Business Days','PcrVclrp9QErlmhw1cQJQPw2H1AXAqpeVwa2Q46T',0),(43,9,16.07,'2015-01-30 00:24:35','2015-01-30 00:24:35',0,1.07,15.00,0.00,'Add1','','Col','OH','1234','US','null','FzdNA0oYlNh3eBRkthr2rK9xwVJNgWwRERudKOIR',0),(44,9,25.71,'2015-01-30 00:25:09','2015-01-30 00:25:09',0,1.71,24.00,0.00,'Add1','','Col','OH','1234','US','null','ziKZnbSmN815wJWqfojvSny7UgWb6wC72IBrK7lj',0),(45,9,25.71,'2015-01-30 00:25:18','2015-01-30 00:25:18',0,1.71,24.00,0.00,'Add1','','Col','OH','1234','US','null','3G5P8mrM6Iw4xxjQD8UwVJ5H1j627txzGCOXdHyV',0),(46,9,15.00,'2015-01-30 00:28:05','2015-01-30 00:28:05',0,0.00,15.00,0.00,'','','','','','','null','j1xuwz40N278Cwi1ib8TgLzBsm1l7UUXGZdg6gDB',0),(47,9,23.87,'2015-01-30 00:54:22','2015-01-30 00:54:22',0,1.87,22.00,0.00,'address','wghwg','hwhwtw','AL','52525622','US','null','ZMHFrcrUMWFdLIZLx9uha8Vn4NduDAWBPPRKy4m0',0),(48,6,16.28,'2015-01-30 01:29:08','2015-01-30 01:29:08',0,1.28,15.00,0.00,'Arizona','block c','Arozon','AL','75768','USA','5-6 Business Days','8Br4UWU6uaCNDTZ2Z4vtn5UpE8ZqWGCuI1CUhd0G',0),(49,9,16.28,'2015-01-30 03:36:45','2015-01-30 03:36:45',0,1.28,15.00,0.00,'address','wghwg','hwhwtw','AL','52525622','US','5-6 Business Days','wXh8Vn9Yh6Xx1r9WcyXiV3nk1LbnMHJll2JAHkmO',0),(50,9,10.85,'2015-01-30 04:24:22','2015-01-30 04:24:22',0,0.85,10.00,0.00,'address','wghwg','hwhwtw','AL','52525622','US','5-6 Business Days','jQH3TM3HXhphn7Wzm0gCzrC8Tcz4C7gXYwSPaEf3',0),(51,9,9.48,'2015-01-30 04:28:45','2015-01-30 04:28:45',0,0.74,8.74,0.00,'address','wghwg','hwhwtw','AL','52525622','US','5-6 Business Days','aARiOJBQzmsH7JYgqFrqZTaCm1SXZPuKNSRraRo8',0),(52,9,16.28,'2015-01-30 04:35:00','2015-01-30 04:35:00',0,1.28,15.00,0.00,'address','wghwg','hwhwtw','AL','52525622','US','5-6 Business Days','YUyQjvUcBHo6aVyovn2vy2AwXB2BPJ5gx31mSjkG',0),(53,9,10.85,'2015-01-30 04:37:54','2015-01-30 04:37:54',0,0.85,10.00,0.00,'address','wghwg','hwhwtw','AL','52525622','US','5-6 Business Days','z8sugy9opL5IusjRfPdfoVDk0pBYdUWt5RizbsnB',0),(54,9,16.28,'2015-01-30 04:44:18','2015-01-30 04:44:18',0,1.28,15.00,0.00,'address','wghwg','hwhwtw','AL','52525622','US','5-6 Business Days','TVUxkrMtWyucSq2UXpwt5wmyrggxP7b7lsySOGii',0),(55,9,16.28,'2015-01-30 05:09:07','2015-01-30 05:09:07',0,1.28,15.00,0.00,'address','wghwg','hwhwtw','AL','52525622','US','null','scH1Ib6jJDuStw8ehqk5VrTxKoMow6N5DMoE2iE2',0),(56,9,16.28,'2015-01-30 05:12:19','2015-01-30 05:12:19',0,1.28,15.00,0.00,'address','wghwg','hwhwtw','AL','52525622','US','5-6 Business Days','LtpTXdFhqr04Hh4wqeDIpE4qVkIyUfj09bmDYGSA',0),(57,9,16.28,'2015-01-30 05:15:49','2015-01-30 05:15:49',0,1.28,15.00,0.00,'address','wghwg','hwhwtw','AL','52525622','US','5-6 Business Days','ahb2A06m17tq2HocooHwIcxgJZLdDlFvkreFA2hb',0),(58,9,14.10,'2015-01-30 05:18:29','2015-01-30 05:18:29',0,1.11,12.99,0.00,'address','wghwg','hwhwtw','AL','52525622','US','5-6 Business Days','lTaKtSOZu0qA0APZLDxW4MIzTDBhcf15QpSVOJHV',0),(59,9,13.02,'2015-01-30 05:21:08','2015-01-30 05:21:08',0,1.02,12.00,0.00,'address','wghwg','hwhwtw','AL','52525622','US','5-6 Business Days','P563EMbVaKvnJKC66g8dToACLRIdDJb8YzoLNzY5',0),(60,9,32.55,'2015-01-30 05:40:16','2015-01-30 05:40:16',0,2.55,30.00,0.00,'address','wghwg','hwhwtw','AL','52525622','US','null','MwKUX1ObC49UqsL32ZHGoER8LNrgEK9sVadyZfa2',0),(61,9,9.48,'2015-01-30 06:00:48','2015-01-30 06:00:48',0,0.74,8.74,0.00,'address','wghwg','hwhwtw','AL','52525622','US','null','QvxiM0tieXWqD5DV03bNFxLPnfaqVxzUrTMhygJM',0),(62,9,9.48,'2015-01-30 06:00:56','2015-01-30 06:00:56',0,0.74,8.74,0.00,'address','wghwg','hwhwtw','AL','52525622','US','null','roX0SRpBGzjcttCZhaWMMW3eNaP2a9H2wMNEB4Mv',0),(63,9,8.68,'2015-01-30 06:08:47','2015-01-30 06:08:47',0,0.68,8.00,0.00,'address','wghwg','hwhwtw','AL','52525622','US','5-6 Business Days','pa0bdtOFiWiY1eIf3auP05MKXNb1CHh3ltTepPkO',0),(64,9,16.28,'2015-01-30 06:20:17','2015-01-30 06:20:17',0,1.28,15.00,0.00,'address','wghwg','hwhwtw','AL','52525622','US','5-6 Business Days','n9Qe2tsBkbnSbjg6nThoCe23mt10SqZjp5Lf5DoP',0),(65,9,16.28,'2015-01-30 06:39:26','2015-01-30 06:39:26',0,1.28,15.00,0.00,'address','wghwg','hwhwtw','AL','52525622','US','5-6 Business Days','JxgSpU39FpRupxRPitet7CFMDXI6Zknb5sq7rM6x',0),(66,9,10.85,'2015-01-30 06:42:02','2015-01-30 06:42:02',0,0.85,10.00,0.00,'address','wghwg','hwhwtw','AL','52525622','US','5-6 Business Days','RSsWYFewuv7UQhj6mDoywUKfJGWa2lucdszO6uoV',0),(67,9,32.54,'2015-01-30 06:44:10','2015-01-30 06:44:10',0,2.55,29.99,0.00,'address','wghwg','hwhwtw','AL','52525622','US','5-6 Business Days','W5kXSASLoQERDqK7Y1U30kr7l1ZomqaWsfh3B9qB',0),(68,6,9.48,'2015-01-30 20:01:55','2015-01-30 20:01:55',0,0.74,8.74,0.00,'Arizona','block c','Arozon','AL','75768','USA','5-6 Business Days','TZW1yePpSGgLt80rCTSRNSAaAHiSib7gAUbwTSMP',0),(69,10,16.28,'2015-01-31 04:41:18','2015-01-31 04:41:18',0,1.28,15.00,0.00,'Addr','','col','AL','1234','US','5-6 Business Days','wonZOdQ7Kfexc2j6ZGjitOjnwmQmtWxIifM0KMz0',0),(70,10,32.55,'2015-01-31 04:44:09','2015-01-31 04:44:09',0,2.55,30.00,0.00,'Addr','','col','AL','1234','US','5-6 Business Days','9SZJsw22t3xGOBijzfERDM5XVbLOmqhNab4Rn1Mc',0),(71,10,10.85,'2015-01-31 04:46:07','2015-01-31 04:47:31',2,0.85,10.00,0.00,'Addr','','col','AL','1234','US','5-6 Business Days','7ueyzyhDohpZcIbvl6YqfOHxS5R9BLHFKcWtU5WC',2),(72,6,108.50,'2015-01-31 04:47:40','2015-01-31 04:47:40',0,8.51,99.99,0.00,'Arizona','block c','Arozon','AL','75768','US','5-6 Business Days','lC1xPvR7xUhU1m9FQYP8FRnEYZRZeTgLde7fljHV',0),(73,10,10.85,'2015-01-31 04:55:59','2015-01-31 04:55:59',0,0.85,10.00,0.00,'Addr','','col','AL','1234','US','5-6 Business Days','Jc61nSTbUB9mZWBs86sXme68FtlWZo7ZKMcF3zyZ',0),(74,10,8.68,'2015-01-31 05:02:33','2015-01-31 05:02:33',0,0.68,8.00,0.00,'Addr','','col','AL','1234','US','5-6 Business Days','uDknX7Y8pPPbfv9KlITDg0vKJN345B4y5qNXlDOu',0),(75,10,21.69,'2015-01-31 05:03:47','2015-01-31 05:03:47',0,1.70,19.99,0.00,'Addr','','col','AL','1234','US','5-6 Business Days','H0pe1MjjKTk0tVwZVmjILOSKGpiYGwGFiWyLeotq',0),(76,9,13.02,'2015-02-03 01:00:04','2015-02-03 01:00:04',0,1.02,12.00,0.00,'schumburg','bishop ct','Chicago','AL','1234','US','5-6 Business Days','j1dp42zCzeT7TMsQkJFCvPd8JwPgvB1VDr6AKLhX',0),(77,9,65.22,'2015-02-03 01:59:24','2015-02-03 01:59:31',0,5.23,59.99,0.00,'schumburg','bishop ct','Chicago','Ok','1234','US','5-6 Business Days','JcqAa83pCUQBDIhW2auwclkRbnsoK0i1Ix3pGjGv',1),(78,9,16.07,'2015-02-03 03:48:54','2015-02-03 03:48:54',0,1.07,15.00,0.00,'test','address','city','Oh','88390','US','null','lDX1FvzeBRQ4dHKHxN70VIi0wVuTyqM4bnIOmgdZ',0),(79,9,16.07,'2015-02-03 03:52:05','2015-02-03 03:52:05',0,1.07,15.00,0.00,'test','address','city','Oh','88390','US','5-6 Business Days','rSPWsiCQ8AihkK7brgq6iiKFvNyUeaOGdSHxkDTC',0),(80,9,10.71,'2015-02-03 04:01:54','2015-02-03 04:01:54',0,0.71,10.00,0.00,'test','address','city','Oh','88390','US','5-6 Business Days','SSqIUh3PIkafk7D45GwgY5ebz0ItaHzW6jyxkwxf',0),(81,9,16.07,'2015-02-03 04:49:21','2015-02-03 04:49:21',0,1.07,15.00,0.00,'test','address','city','Oh','88390','US','5-6 Business Days','vsQ7PDq0cR4MjQp2Tx4iSb6V005ZkLELDQMOWdLa',0),(82,9,16.07,'2015-02-03 04:55:20','2015-02-03 04:55:20',0,1.07,15.00,0.00,'test','address','city','Oh','88390','US','5-6 Business Days','aRndgrR5m2TpAFuY69LPEbJx6X3I5UNeQWK9FFRL',0),(83,9,16.07,'2015-02-03 05:33:47','2015-02-03 05:33:47',0,1.07,15.00,0.00,'test','address','city','Oh','88390','US','5-6 Business Days','IND6AqTWq8p7c3OfaJG6VsotSTDbapbHTnO7q9Wb',0),(84,9,10.71,'2015-02-03 05:36:17','2015-02-03 05:36:17',0,0.71,10.00,0.00,'test','address','city','Oh','88390','US','5-6 Business Days','ZzHXoeww82totsZM3YvPow5gbaj881DyDdk2f0eT',0),(85,9,85.69,'2015-02-03 05:36:45','2015-02-03 05:36:45',0,5.69,80.00,0.00,'test','address','city','Oh','88390','US','5-6 Business Days','M5ywGacF2AAHVJ3KKN6gePi9T5V1JdcSko4qxLFk',0),(86,9,96.40,'2015-02-03 05:37:08','2015-02-03 05:37:08',0,6.40,90.00,0.00,'test','address','city','Oh','88390','US','5-6 Business Days','TIEommswnx7BN3InyVmt0h6Qttdu6bnK0lP8JrJG',0),(87,9,16.07,'2015-02-03 05:40:40','2015-02-03 05:40:40',0,1.07,15.00,0.00,'test','address','city','Oh','88390','US','5-6 Business Days','F124ndn9kh2pdRKLVX9moZeeZ6dD51LFumB0iiWx',0),(88,9,13.91,'2015-02-03 05:40:58','2015-02-03 05:40:58',0,0.92,12.99,0.00,'test','address','city','Oh','88390','US','5-6 Business Days','Kt9YQqspNl2JwOsmpST1KTtM7wl6r9HqE0bhuQU9',0),(89,9,16.31,'2015-02-03 05:49:00','2015-02-03 05:49:00',0,1.31,15.00,0.00,'schumburg','bishop ct','Chicago','Ok','1234','US','5-6 Business Days','wdfCVh3MfVabJp816QpnePJ71a3fIjmrXNBmS7zs',0),(90,9,146.77,'2015-02-03 05:50:49','2015-02-03 05:50:49',0,11.77,135.00,0.00,'schumburg','bishop ct','Chicago','Ok','1234','US','5-6 Business Days','d5XfJ3e0AlrOjOFjPBstHW2qQZ4EZTSmCwzxQ89D',0),(91,9,32.62,'2015-02-03 06:10:19','2015-02-03 06:16:43',0,2.62,30.00,0.00,'schumburg','bishop ct','Chicago','Ok','1234','US','5-6 Business Days','ulaDI3TPtz3XmzPKKLO7uyjNK1tfiFw9TDmjv2Cx',0),(92,9,203.51,'2015-02-03 06:25:59','2015-02-03 06:25:59',0,13.51,190.00,0.00,'test','address','city','Oh','88390','US','null','onMRtjFwbH8RUqKIk3URSe9wcG2rYqrs1Z5BT9oB',0),(93,9,10.87,'2015-02-03 07:45:02','2015-02-04 07:53:37',0,0.87,10.00,0.00,'schumburg','bishop ct','Chicago','Ok','1234','US','5-6 Business Days','4IjP64sXtLNRKmQqJRJ8lpri1ZFVCAkWg8MRKEa5',0),(94,9,48.17,'2015-02-03 07:45:26','2015-02-04 07:52:51',0,3.20,44.97,0.00,'test','address','city','Oh','88390','US','5-6 Business Days','tkX3BSmer0N4Y7VHPYJE2MtCU8lgoXK4EwT6ZQCL',0),(95,9,96.40,'2015-02-03 07:55:52','2015-02-03 07:56:14',0,6.40,90.00,0.00,'test','address','city','Oh','88390','US','5-6 Business Days','HjZ8JPMNiSLAY7qpB6mcrMDWy8LuSfteRHJoyIDx',0),(96,9,9.36,'2015-02-03 23:57:15','2015-02-03 23:57:15',0,0.62,8.74,0.00,'test','address','city','Oh','88390','US','5-6 Business Days','jWihND0bnbcdjpkZIeSsYZPbLOOSKLIEBWgOOXih',0),(97,9,9.36,'2015-02-03 23:57:21','2015-02-03 23:57:21',0,0.62,8.74,0.00,'test','address','city','Oh','88390','US','5-6 Business Days','FVJmZuBdDH03sExZboisDKuJrNPOc0WDDFRGjtby',0),(98,9,9.36,'2015-02-04 00:00:24','2015-02-04 00:01:37',2,0.62,8.74,0.00,'test','address','city','Oh','88390','US','5-6 Business Days','5kMhQQjGgTZpbLoJ4pSnDW4FB7eXahPMoX6ALNxS',2),(99,9,9.64,'2015-02-04 00:02:57','2015-02-04 00:02:57',0,0.64,9.00,0.00,'test','address','city','Oh','88390','US','5-6 Business Days','rAMCvIJ0hl1Ff9SNyTm7eUPR6Ufo3NDIgX5YXmLf',0),(100,9,9.36,'2015-02-04 00:03:14','2015-02-04 00:03:23',2,0.62,8.74,0.00,'test','address','city','Oh','88390','US','5-6 Business Days','53piJmlJNhjeifeDGztSUW3kzJBB9438VKZUXKfz',2),(101,9,9.64,'2015-02-04 00:03:47','2015-02-04 00:03:55',2,0.64,9.00,0.00,'test','address','city','Oh','88390','US','5-6 Business Days','1LX7a4xLXjg6IwZsx3dErzOz5yVORCu5iw1nIqtc',2),(102,9,96.40,'2015-02-04 00:22:02','2015-02-04 00:22:02',0,6.40,90.00,0.00,'test','address','city','Oh','88390','US','null','qSwgyo3kIKiNyZu8Pksx5KSZWbFsyURQboF0AUDO',0),(103,9,19.28,'2015-02-04 01:03:11','2015-02-04 01:03:11',0,1.28,18.00,0.00,'test','address','city','Oh','88390','US','5-6 Business Days','b9wXNnVOfINAEUkcJ4NwQKpHDzm60EUNIubsahWd',0),(104,9,19.57,'2015-02-04 02:05:30','2015-02-04 02:56:47',0,1.57,18.00,0.00,'schumburg','bishop ct','Chicago','Ok','1234','US','5-6 Business Days','cY2TWOqjqNWPBPa8gYGmH7osATGP8sAOMpRq3LDW',0),(105,9,28.92,'2015-02-04 02:15:54','2015-02-04 02:15:54',0,1.92,27.00,0.00,'test','address','city','Oh','88390','US','5-6 Business Days','ovGD4DHv2mtHfWrmLKlVPGs2MRkUbBEVWCSIDrB9',0),(106,9,16.07,'2015-02-04 02:40:18','2015-02-04 02:40:18',0,1.07,15.00,0.00,'test','address','city','Oh','88390','US','5-6 Business Days','bTyZdhnUTCTCgF4NmnYzYXTcRJVB0K46aOLOKstZ',0),(107,9,67.48,'2015-02-04 02:51:14','2015-02-04 02:51:14',0,4.48,63.00,0.00,'test','address','city','Oh','88390','US','5-6 Business Days','phJEOKROxmqE1us098f2tRUXSHoPBIJCdAmyu7H2',0),(108,9,64.22,'2015-02-04 04:52:49','2015-02-04 04:52:49',0,4.26,59.96,0.00,'test','address','city','Oh','88390','US','5-6 Business Days','8ytVCDtdY4MbnVd1NgnBV7SOVWWKgzw9By3Mq66M',0),(109,9,32.13,'2015-02-04 08:02:57','2015-02-04 08:03:11',0,2.13,30.00,0.00,'test','address','city','Oh','88390','US','5-6 Business Days','3n4MlYf3wlKGzqRLiFIAdocYROy8DQwnfiXyhAB6',0),(110,9,10.71,'2015-02-05 00:17:20','2015-02-05 00:17:34',0,0.71,10.00,0.00,'test','address','city','Oh','88390','US','5-6 Business Days','7EOE2LBbMMsFhY5gu2WGFlt6SxtoV9k2YYv2mi8F',0),(111,9,16.07,'2015-02-05 00:25:13','2015-02-05 00:25:13',0,1.07,15.00,0.00,'test','address','city','Oh','88390','US','5-6 Business Days','O66fv8QPslL6ZQ7lNyhRRWss66d7J5wzZQlIYqk7',0),(112,9,12.85,'2015-02-05 01:01:28','2015-02-05 01:01:28',0,0.85,12.00,0.00,'test','address','city','Oh','88390','US','5-6 Business Days','aW4v3t44XH9r8IpeHgOFcMGRufCqWutQhtGa5UU1',0),(113,9,32.13,'2015-02-05 01:10:00','2015-02-05 01:11:04',0,2.13,30.00,0.00,'test','address','city','Oh','88390','US','5-6 Business Days','gaYljaoIXzPtcIEJSBdUBtP4C1buu2WxUBPeX7Zr',0),(114,9,144.60,'2015-02-05 01:11:38','2015-02-05 01:45:35',0,9.60,135.00,0.00,'test','address','city','Oh','88390','US','5-6 Business Days','2eo3NGEjjfMCihD1iUIYtMsWoVdX9a4uArHPgrTe',0),(115,9,16.07,'2015-02-05 01:25:13','2015-02-05 01:25:13',0,1.07,15.00,0.00,'test','address','city','Oh','88390','US','5-6 Business Days','ltMtYjsm7nheu74Yz0Dv0ywewOVqLNjfHA080FPP',0),(116,9,96.40,'2015-02-05 02:06:53','2015-02-05 02:06:53',0,6.40,90.00,0.00,'test','address','city','Oh','88390','US','5-6 Business Days','LdprjXPjGHcg1qnoK1aO3X8fLE7Usp7IutIsPYqX',0),(117,9,364.15,'2015-02-05 02:07:14','2015-02-05 02:19:34',0,24.17,339.98,0.00,'test','address','city','Oh','88390','US','5-6 Business Days','cAKS0Hssp1k8MiRfyCi1LydYBusWtB7G4nrPAiHg',0),(118,9,25.71,'2015-02-05 02:08:22','2015-02-05 02:20:12',0,1.71,24.00,0.00,'test','address','city','Oh','88390','US','5-6 Business Days','NNTMhFhUKwKJyBxpuTSHAfLwahtIM4kJh8hkxODz',0),(119,9,546.23,'2015-02-05 02:19:14','2015-02-05 02:19:14',0,36.26,509.97,0.00,'test','address','city','Oh','88390','US','5-6 Business Days','iUGTUuvdcfRtMZYWNb2KHO2UnvDxgfWiNH3mJkQb',0),(120,9,0.00,'2015-02-05 05:35:24','2015-02-09 12:41:50',0,0.00,0.00,0.00,'test','address','city','Oh','88390','US','5-6 Business Days','EFyHfmE1XoZr0WCHdnJAMaRK2wjm5eB82TPJpOww',0),(121,9,52.16,'2015-02-06 00:38:07','2015-02-06 00:38:33',2,4.18,47.98,0.00,'schumburg','bishop ct','Chicago','Ok','1234','US','null','I25868zPcUcRkLUanLDd3iXjfNMtkGeJ7wabxr1X',2),(122,9,30.42,'2015-02-06 00:38:07','2015-02-06 00:38:33',2,2.44,27.98,0.00,'schumburg','bishop ct','Chicago','Ok','1234','US','null','I25868zPcUcRkLUanLDd3iXjfNMtkGeJ7wabxr1X',2),(123,9,16.31,'2015-02-06 00:43:26','2015-02-06 00:43:26',0,1.31,15.00,0.00,'schumburg','bishop ct','Chicago','Ok','1234','US','5-6 Business Days','fssNdm0c3N7PrZ29EMHUwULJPG9W38flCXor51cn',0),(124,9,40.23,'2015-02-06 02:10:03','2015-02-06 02:10:03',0,3.23,37.00,0.00,'schumburg','bishop ct','Chicago','Ok','1234','US','5-6 Business Days','5ZiRO8fHXozcGaW1Vro17yy8OIriDUH5dBZKMRDQ',0),(125,9,64.27,'2015-02-09 12:48:11','2015-02-09 12:48:11',0,4.27,60.00,0.00,'test','address','city','Oh','88390','US','5-6 Business Days','sBUanUx4Mkyh5kyRopCjYivwiRYj7kW5UlXgjbEP',0),(126,9,64.27,'2015-02-09 12:48:11','2015-02-09 12:48:11',0,4.27,60.00,0.00,'test','address','city','Oh','88390','US','5-6 Business Days','sBUanUx4Mkyh5kyRopCjYivwiRYj7kW5UlXgjbEP',0),(127,9,0.00,'2015-02-09 12:48:11','2015-02-09 12:48:11',0,0.00,0.00,0.00,'test','address','city','Oh','88390','US','5-6 Business Days','sBUanUx4Mkyh5kyRopCjYivwiRYj7kW5UlXgjbEP',0),(128,9,0.00,'2015-02-09 12:48:11','2015-02-09 12:48:11',0,0.00,0.00,0.00,'test','address','city','Oh','88390','US','5-6 Business Days','sBUanUx4Mkyh5kyRopCjYivwiRYj7kW5UlXgjbEP',0),(129,9,0.00,'2015-02-09 12:48:11','2015-02-09 12:48:11',0,0.00,0.00,0.00,'test','address','city','Oh','88390','US','5-6 Business Days','sBUanUx4Mkyh5kyRopCjYivwiRYj7kW5UlXgjbEP',0),(130,9,0.00,'2015-02-09 12:48:11','2015-02-09 12:48:11',0,0.00,0.00,0.00,'test','address','city','Oh','88390','US','5-6 Business Days','sBUanUx4Mkyh5kyRopCjYivwiRYj7kW5UlXgjbEP',0),(131,9,64.27,'2015-02-09 13:06:13','2015-02-09 13:06:13',0,4.27,60.00,0.00,'test','address','city','Oh','88390','US','5-6 Business Days','IN2eQmKxcpANM8JAPpwXJI1UEIAWVU2Eh3M6c3Jm',0),(132,9,64.27,'2015-02-09 13:06:13','2015-02-09 13:06:13',0,4.27,60.00,0.00,'test','address','city','Oh','88390','US','5-6 Business Days','IN2eQmKxcpANM8JAPpwXJI1UEIAWVU2Eh3M6c3Jm',0),(133,9,64.27,'2015-02-09 13:15:04','2015-02-09 13:15:04',0,4.27,60.00,0.00,'test','address','city','Oh','88390','US','5-6 Business Days','CgEqIGczT66Q3p2ZGDqAigwErPtIwA6GNL6PZXaj',0),(134,9,64.27,'2015-02-09 13:15:04','2015-02-09 13:15:04',0,4.27,60.00,0.00,'test','address','city','Oh','88390','US','5-6 Business Days','CgEqIGczT66Q3p2ZGDqAigwErPtIwA6GNL6PZXaj',0),(135,9,64.27,'2015-02-09 13:21:24','2015-02-09 13:21:24',0,4.27,60.00,0.00,'test','address','city','Oh','88390','US','5-6 Business Days','A33TwEPXP1xvfV0AnNZ8irmz4fxNZnna46DJJrfM',0),(136,9,64.27,'2015-02-09 13:21:24','2015-02-09 13:21:24',0,4.27,60.00,0.00,'test','address','city','Oh','88390','US','5-6 Business Days','A33TwEPXP1xvfV0AnNZ8irmz4fxNZnna46DJJrfM',0),(137,9,9.78,'2015-02-09 13:22:29','2015-02-09 13:22:29',0,0.78,9.00,0.00,'schumburg','bishop ct','Chicago','Ok','1234','US','5-6 Business Days','2SN5MDsihedorwwgvcEbLeAjAPgmCfImIVqxau57',0),(138,9,9.78,'2015-02-09 13:22:29','2015-02-09 13:22:29',0,0.78,9.00,0.00,'schumburg','bishop ct','Chicago','Ok','1234','US','5-6 Business Days','2SN5MDsihedorwwgvcEbLeAjAPgmCfImIVqxau57',0),(139,9,9.78,'2015-02-09 13:22:29','2015-02-09 13:22:29',0,0.78,9.00,0.00,'schumburg','bishop ct','Chicago','Ok','1234','US','5-6 Business Days','2SN5MDsihedorwwgvcEbLeAjAPgmCfImIVqxau57',0),(140,9,9.78,'2015-02-09 13:22:29','2015-02-09 13:22:50',0,0.78,9.00,0.00,'schumburg','bishop ct','Chicago','Ok','1234','US','5-6 Business Days','BuyDFAWGsufnweoJD4qynzkmYAejGoqomzhbvjtt',0),(141,9,8.56,'2015-02-13 07:34:05','2015-02-13 07:34:05',0,0.57,7.99,0.00,'test','address','city','Oh','88390','US','5-6 Business Days','yyozXm9pHF7OfoHVuybOV2XEKvLog4tJ5zjEHnZM',0),(142,9,8.56,'2015-02-13 07:34:06','2015-02-13 07:34:06',0,0.57,7.99,0.00,'test','address','city','Oh','88390','US','5-6 Business Days','yyozXm9pHF7OfoHVuybOV2XEKvLog4tJ5zjEHnZM',0),(143,9,8.56,'2015-02-13 07:34:06','2015-02-13 07:34:06',0,0.57,7.99,0.00,'test','address','city','Oh','88390','US','5-6 Business Days','yyozXm9pHF7OfoHVuybOV2XEKvLog4tJ5zjEHnZM',0),(144,9,8.56,'2015-02-13 07:34:06','2015-02-13 07:34:06',0,0.57,7.99,0.00,'test','address','city','Oh','88390','US','5-6 Business Days','yyozXm9pHF7OfoHVuybOV2XEKvLog4tJ5zjEHnZM',0),(145,9,8.56,'2015-02-13 07:34:06','2015-02-13 07:34:06',0,0.57,7.99,0.00,'test','address','city','Oh','88390','US','5-6 Business Days','yyozXm9pHF7OfoHVuybOV2XEKvLog4tJ5zjEHnZM',0),(146,9,8.56,'2015-02-13 07:34:06','2015-02-13 07:34:06',0,0.57,7.99,0.00,'test','address','city','Oh','88390','US','5-6 Business Days','yyozXm9pHF7OfoHVuybOV2XEKvLog4tJ5zjEHnZM',0),(147,9,8.56,'2015-02-13 07:34:06','2015-02-13 07:34:06',0,0.57,7.99,0.00,'test','address','city','Oh','88390','US','5-6 Business Days','yyozXm9pHF7OfoHVuybOV2XEKvLog4tJ5zjEHnZM',0),(148,9,8.56,'2015-02-13 07:34:06','2015-02-13 07:34:06',0,0.57,7.99,0.00,'test','address','city','Oh','88390','US','5-6 Business Days','yyozXm9pHF7OfoHVuybOV2XEKvLog4tJ5zjEHnZM',0),(149,6,35.68,'2015-02-16 00:47:32','2015-02-16 00:47:32',0,2.69,32.99,0.00,'new','','chicago','IL','60194','USA','5-6 Business Days','Pz1mlyvnKWTVQN5PSgGRkV8kioEXWmLXRmFLYJn8',0),(150,9,43.17,'2015-02-16 01:18:58','2015-02-16 01:25:22',0,3.46,39.71,0.00,'Add1','Addr2','Columb','OK','12345','US','5-6 Business Days','Ycp7O1cNQtxSKxKED14EcPvMD66O1r1NuQQ2jS4U',0),(151,9,137.04,'2015-02-16 01:26:15','2015-02-16 01:28:46',0,9.10,127.94,0.00,'Add','Addr','Co','OH','11111','US','5-6 Business Days','Ycp7O1cNQtxSKxKED14EcPvMD66O1r1NuQQ2jS4U',0),(152,9,27.18,'2015-02-16 02:42:16','2015-02-16 02:42:46',0,2.18,25.00,0.00,'Add1','Addr2','Columb','OK','12345','US','5-6 Business Days','N3cifFy6cBDH98x4rMQA7LJTsdFNzozbG7UnDRdQ',0),(153,9,22.81,'2015-02-16 06:50:26','2015-02-16 06:51:20',0,1.83,20.98,0.00,'schumburg','bishop ct','Chicago','Ok','1234','US','5-6 Business Days','nxMFmp6J1HGCZ2kolnNuOthlE0huUTgpbxvQDEkU',0),(154,6,126.93,'2015-02-20 07:02:48','2015-02-20 07:02:48',0,9.95,116.98,0.00,'Arizona','block c','Arozon','AL','75768','US','5-6 Business Days','ZbE60Zlgsus2oG9cEfmDRW3O8zUq2UWKeQeyZ8uL',0),(155,6,126.93,'2015-02-20 07:02:48','2015-02-20 07:02:48',0,9.95,116.98,0.00,'Arizona','block c','Arozon','AL','75768','US','5-6 Business Days','ZbE60Zlgsus2oG9cEfmDRW3O8zUq2UWKeQeyZ8uL',0),(156,6,126.93,'2015-02-20 07:02:48','2015-02-20 07:02:48',0,9.95,116.98,0.00,'Arizona','block c','Arozon','AL','75768','US','5-6 Business Days','ZbE60Zlgsus2oG9cEfmDRW3O8zUq2UWKeQeyZ8uL',0),(157,6,126.93,'2015-02-20 07:02:48','2015-02-20 07:02:48',0,9.95,116.98,0.00,'Arizona','block c','Arozon','AL','75768','US','5-6 Business Days','ZbE60Zlgsus2oG9cEfmDRW3O8zUq2UWKeQeyZ8uL',0),(158,6,126.93,'2015-02-20 07:02:55','2015-02-20 07:02:57',1,9.95,116.98,0.00,'Arizona','block c','Arozon','AL','75768','US','5-6 Business Days','MLpkX1UgmTpZKQpNQMtEn6DR9jPMQCbk0Z9uqiWK',0),(159,6,126.93,'2015-02-20 07:02:55','2015-02-20 07:02:57',1,9.95,116.98,0.00,'Arizona','block c','Arozon','AL','75768','US','5-6 Business Days','MLpkX1UgmTpZKQpNQMtEn6DR9jPMQCbk0Z9uqiWK',0),(160,6,126.93,'2015-02-20 07:02:55','2015-02-20 07:02:57',1,9.95,116.98,0.00,'Arizona','block c','Arozon','AL','75768','US','5-6 Business Days','MLpkX1UgmTpZKQpNQMtEn6DR9jPMQCbk0Z9uqiWK',0),(161,6,126.93,'2015-02-20 07:02:55','2015-02-20 07:02:57',1,9.95,116.98,0.00,'Arizona','block c','Arozon','AL','75768','US','5-6 Business Days','MLpkX1UgmTpZKQpNQMtEn6DR9jPMQCbk0Z9uqiWK',0),(162,6,126.93,'2015-02-20 07:03:13','2015-02-20 07:03:13',0,9.95,116.98,0.00,'Arizona','block c','Arozon','AL','75768','US','5-6 Business Days','atESOwpZvHVpb0OOCPPaiDafnB4AF2kFeavmXArZ',0),(163,6,126.93,'2015-02-20 07:03:13','2015-02-20 07:03:13',0,9.95,116.98,0.00,'Arizona','block c','Arozon','AL','75768','US','5-6 Business Days','atESOwpZvHVpb0OOCPPaiDafnB4AF2kFeavmXArZ',0),(164,6,126.93,'2015-02-20 07:03:13','2015-02-20 07:03:13',0,9.95,116.98,0.00,'Arizona','block c','Arozon','AL','75768','US','5-6 Business Days','atESOwpZvHVpb0OOCPPaiDafnB4AF2kFeavmXArZ',0),(165,6,126.93,'2015-02-20 07:03:13','2015-02-20 07:03:13',0,9.95,116.98,0.00,'Arizona','block c','Arozon','AL','75768','US','5-6 Business Days','atESOwpZvHVpb0OOCPPaiDafnB4AF2kFeavmXArZ',0),(166,6,202.88,'2015-02-20 07:03:39','2015-02-20 07:03:39',0,15.91,186.97,0.00,'Arizona','block c','Arozon','AL','75768','US','5-6 Business Days','x7WnhhBOeP9QBduNIm2VG2VBzHThRpOYQuQ6dYq8',0),(167,6,202.88,'2015-02-20 07:03:39','2015-02-20 07:03:39',0,15.91,186.97,0.00,'Arizona','block c','Arozon','AL','75768','US','5-6 Business Days','x7WnhhBOeP9QBduNIm2VG2VBzHThRpOYQuQ6dYq8',0),(168,6,202.88,'2015-02-20 07:03:39','2015-02-20 07:03:39',0,15.91,186.97,0.00,'Arizona','block c','Arozon','AL','75768','US','5-6 Business Days','x7WnhhBOeP9QBduNIm2VG2VBzHThRpOYQuQ6dYq8',0),(169,10,16.27,'2015-02-20 07:18:31','2015-02-20 07:19:13',2,1.28,14.99,0.00,'Addr','','col','AL','1234','US','5-6 Business Days','RPGaDPIhye4ppXhFvEU7bnNRtL2r7xYalzodHwak',2),(170,10,16.27,'2015-02-20 07:18:31','2015-02-20 07:19:13',2,1.28,14.99,0.00,'Addr','','col','AL','1234','US','5-6 Business Days','RPGaDPIhye4ppXhFvEU7bnNRtL2r7xYalzodHwak',2),(171,10,16.27,'2015-02-20 07:18:31','2015-02-20 07:19:13',2,1.28,14.99,0.00,'Addr','','col','AL','1234','US','5-6 Business Days','RPGaDPIhye4ppXhFvEU7bnNRtL2r7xYalzodHwak',2),(172,10,16.27,'2015-02-20 07:19:24','2015-02-20 07:19:24',0,1.28,14.99,0.00,'Addr','','col','AL','1234','US','5-6 Business Days','Pf7gW1c5GsLUCzt1SCGaOj0pwG3bqaaDwN3OiZXO',0),(173,10,16.27,'2015-02-20 07:19:24','2015-02-20 07:19:24',0,1.28,14.99,0.00,'Addr','','col','AL','1234','US','5-6 Business Days','Pf7gW1c5GsLUCzt1SCGaOj0pwG3bqaaDwN3OiZXO',0),(174,10,16.27,'2015-02-20 07:19:24','2015-02-20 07:19:24',0,1.28,14.99,0.00,'Addr','','col','AL','1234','US','5-6 Business Days','Pf7gW1c5GsLUCzt1SCGaOj0pwG3bqaaDwN3OiZXO',0),(175,9,16.06,'2015-02-23 07:17:27','2015-02-23 07:17:27',0,1.07,14.99,0.00,'test','address','city','Oh','88390','US','5-6 Business Days','UKHKfKkgpnUOM1ZTrOgw6ISXIHdwp5SgFpJyHShG',0),(176,9,16.06,'2015-02-23 07:17:27','2015-02-23 07:17:27',0,1.07,14.99,0.00,'test','address','city','Oh','88390','US','5-6 Business Days','UKHKfKkgpnUOM1ZTrOgw6ISXIHdwp5SgFpJyHShG',0),(177,9,16.06,'2015-02-23 07:17:27','2015-02-23 07:18:18',0,1.07,14.99,0.00,'test','address','city','Oh','88390','US','5-6 Business Days','SMC1CAtUMSMabKSncJoEYBFBmUPn3KsuX2AboKyw',0),(178,9,16.07,'2015-02-23 23:31:14','2015-02-23 23:32:01',2,1.07,15.00,0.00,'test','address','city','Oh','88390','US','5-6 Business Days','tpHSwjNEvQd01HlSvTUcOZIitzXjLaanTdGGspOD',2),(179,9,16.07,'2015-02-23 23:31:14','2015-02-23 23:32:01',2,1.07,15.00,0.00,'test','address','city','Oh','88390','US','5-6 Business Days','tpHSwjNEvQd01HlSvTUcOZIitzXjLaanTdGGspOD',2),(180,9,16.07,'2015-02-23 23:31:14','2015-02-23 23:32:01',2,1.07,15.00,0.00,'test','address','city','Oh','88390','US','5-6 Business Days','tpHSwjNEvQd01HlSvTUcOZIitzXjLaanTdGGspOD',2),(181,9,16.07,'2015-02-23 23:31:14','2015-02-23 23:32:01',2,1.07,15.00,0.00,'test','address','city','Oh','88390','US','5-6 Business Days','tpHSwjNEvQd01HlSvTUcOZIitzXjLaanTdGGspOD',2),(182,9,16.07,'2015-02-23 23:31:14','2015-02-23 23:32:01',2,1.07,15.00,0.00,'test','address','city','Oh','88390','US','5-6 Business Days','tpHSwjNEvQd01HlSvTUcOZIitzXjLaanTdGGspOD',2),(183,9,16.07,'2015-02-23 23:31:14','2015-02-23 23:32:01',2,1.07,15.00,0.00,'test','address','city','Oh','88390','US','5-6 Business Days','tpHSwjNEvQd01HlSvTUcOZIitzXjLaanTdGGspOD',2),(184,9,16.07,'2015-02-23 23:31:14','2015-02-23 23:32:01',2,1.07,15.00,0.00,'test','address','city','Oh','88390','US','5-6 Business Days','tpHSwjNEvQd01HlSvTUcOZIitzXjLaanTdGGspOD',2),(185,9,10.87,'2015-02-24 04:39:18','2015-02-24 04:39:18',0,0.87,10.00,0.00,'schumburg','bishop ct','Chicago','Ok','1234','US','5-6 Business Days','pK6fYCSQj2b3f1SGUVSVgWOJVFPExxQn1NdlWl5P',0),(186,9,117.81,'2015-02-25 01:07:50','2015-02-25 01:07:50',0,7.82,109.99,0.00,'test','address','city','Oh','88390','US','5-6 Business Days','iyPZccSIPLm9QfuYEDLlowIaEpz6RSV1eoya79Nj',0),(187,9,117.81,'2015-02-25 01:07:50','2015-02-25 01:07:50',0,7.82,109.99,0.00,'test','address','city','Oh','88390','US','5-6 Business Days','iyPZccSIPLm9QfuYEDLlowIaEpz6RSV1eoya79Nj',0),(188,9,117.81,'2015-02-25 01:07:50','2015-02-25 01:07:50',0,7.82,109.99,0.00,'test','address','city','Oh','88390','US','5-6 Business Days','iyPZccSIPLm9QfuYEDLlowIaEpz6RSV1eoya79Nj',0),(189,9,117.81,'2015-02-25 01:07:50','2015-02-25 01:07:50',0,7.82,109.99,0.00,'test','address','city','Oh','88390','US','5-6 Business Days','iyPZccSIPLm9QfuYEDLlowIaEpz6RSV1eoya79Nj',0),(190,9,117.81,'2015-02-25 01:07:50','2015-02-25 01:07:50',0,7.82,109.99,0.00,'test','address','city','Oh','88390','US','5-6 Business Days','iyPZccSIPLm9QfuYEDLlowIaEpz6RSV1eoya79Nj',0),(191,9,117.81,'2015-02-25 01:07:50','2015-02-25 01:07:50',0,7.82,109.99,0.00,'test','address','city','Oh','88390','US','5-6 Business Days','iyPZccSIPLm9QfuYEDLlowIaEpz6RSV1eoya79Nj',0),(192,9,119.58,'2015-02-25 01:08:21','2015-02-25 01:08:21',0,9.59,109.99,0.00,'schumburg','bishop ct','Chicago','Ok','1234','US','5-6 Business Days','uEQlJVwHkGEYtjcy1oolVrHwIJhhXDgfbqOx6tlo',0),(193,9,117.81,'2015-02-25 01:14:57','2015-02-25 01:14:57',0,7.82,109.99,0.00,'test','address','city','Oh','88390','US','5-6 Business Days','1tvMvmvV95oEkiAhTFd3ZO3palh0YWW8CRkmSUAD',0),(194,9,26.78,'2015-02-25 01:15:41','2015-02-25 01:15:41',0,1.78,25.00,0.00,'test','address','city','Oh','88390','US','5-6 Business Days','9vmQ6RpLxGZ18gA400e0y0sfjWX7SmJ3gZeviNXv',0),(195,9,26.78,'2015-02-25 01:15:41','2015-02-25 01:15:41',0,1.78,25.00,0.00,'test','address','city','Oh','88390','US','5-6 Business Days','9vmQ6RpLxGZ18gA400e0y0sfjWX7SmJ3gZeviNXv',0),(196,9,26.78,'2015-02-25 01:15:41','2015-02-25 01:15:41',0,1.78,25.00,0.00,'test','address','city','Oh','88390','US','5-6 Business Days','9vmQ6RpLxGZ18gA400e0y0sfjWX7SmJ3gZeviNXv',0),(197,9,26.78,'2015-02-25 01:15:41','2015-02-25 01:15:41',0,1.78,25.00,0.00,'test','address','city','Oh','88390','US','5-6 Business Days','9vmQ6RpLxGZ18gA400e0y0sfjWX7SmJ3gZeviNXv',0),(198,9,26.78,'2015-02-25 01:15:41','2015-02-25 01:15:41',0,1.78,25.00,0.00,'test','address','city','Oh','88390','US','5-6 Business Days','9vmQ6RpLxGZ18gA400e0y0sfjWX7SmJ3gZeviNXv',0),(199,9,26.78,'2015-02-25 01:15:41','2015-02-25 01:15:41',0,1.78,25.00,0.00,'test','address','city','Oh','88390','US','5-6 Business Days','9vmQ6RpLxGZ18gA400e0y0sfjWX7SmJ3gZeviNXv',0),(200,9,26.78,'2015-02-25 01:15:41','2015-02-25 01:15:41',0,1.78,25.00,0.00,'test','address','city','Oh','88390','US','5-6 Business Days','9vmQ6RpLxGZ18gA400e0y0sfjWX7SmJ3gZeviNXv',0),(201,6,16.22,'2015-02-25 01:23:18','2015-02-25 01:23:18',0,1.22,15.00,0.00,'new','','chicago','IL','60194','USA','null','xjXQu8002UjNE31eu6YWKhp2MqRYIUqLBLXQHi6P',0),(202,6,16.22,'2015-02-25 01:23:18','2015-02-25 01:23:18',0,1.22,15.00,0.00,'new','','chicago','IL','60194','USA','null','xjXQu8002UjNE31eu6YWKhp2MqRYIUqLBLXQHi6P',0),(203,6,16.22,'2015-02-25 01:23:18','2015-02-25 01:23:18',0,1.22,15.00,0.00,'new','','chicago','IL','60194','USA','null','xjXQu8002UjNE31eu6YWKhp2MqRYIUqLBLXQHi6P',0),(204,6,16.22,'2015-02-25 01:23:18','2015-02-25 01:23:18',0,1.22,15.00,0.00,'new','','chicago','IL','60194','USA','null','xjXQu8002UjNE31eu6YWKhp2MqRYIUqLBLXQHi6P',0),(205,6,16.22,'2015-02-25 01:23:18','2015-02-25 01:23:18',0,1.22,15.00,0.00,'new','','chicago','IL','60194','USA','null','xjXQu8002UjNE31eu6YWKhp2MqRYIUqLBLXQHi6P',0),(206,9,65.21,'2015-02-25 01:31:47','2015-02-25 01:31:47',0,5.23,59.98,0.00,'schumburg','bishop ct','Chicago','Ok','1234','US','5-6 Business Days','P5XL7dkTziqEDDmf3tmUCvQUu0QjnCT7oVFmUEmz',0),(207,9,65.21,'2015-02-25 01:31:47','2015-02-25 01:31:47',0,5.23,59.98,0.00,'schumburg','bishop ct','Chicago','Ok','1234','US','5-6 Business Days','P5XL7dkTziqEDDmf3tmUCvQUu0QjnCT7oVFmUEmz',0),(208,9,65.21,'2015-02-25 01:31:47','2015-02-25 01:31:47',0,5.23,59.98,0.00,'schumburg','bishop ct','Chicago','Ok','1234','US','5-6 Business Days','P5XL7dkTziqEDDmf3tmUCvQUu0QjnCT7oVFmUEmz',0),(209,9,65.21,'2015-02-25 01:31:47','2015-02-25 01:31:47',0,5.23,59.98,0.00,'schumburg','bishop ct','Chicago','Ok','1234','US','5-6 Business Days','P5XL7dkTziqEDDmf3tmUCvQUu0QjnCT7oVFmUEmz',0),(210,9,65.21,'2015-02-25 01:31:47','2015-02-25 01:36:42',0,5.23,59.98,0.00,'schumburg','bishop ct','Chicago','Ok','1234','US','5-6 Business Days','IT4thIdpc0meJ2WJdKhRQvgh94DgM0R5FIZOohTl',0),(211,9,21.41,'2015-02-25 06:26:59','2015-02-25 06:26:59',0,1.42,19.99,0.00,'add1','add2','col','OH','11111','US','5-6 Business Days','Xs58NMmmzPlUe1OlTp3fgk6P65if1Plj7me36s2s',0),(212,9,21.41,'2015-02-25 06:26:59','2015-02-25 06:26:59',0,1.42,19.99,0.00,'add1','add2','col','OH','11111','US','5-6 Business Days','Xs58NMmmzPlUe1OlTp3fgk6P65if1Plj7me36s2s',0),(213,9,21.41,'2015-02-25 06:26:59','2015-02-25 06:26:59',0,1.42,19.99,0.00,'add1','add2','col','OH','11111','US','5-6 Business Days','Xs58NMmmzPlUe1OlTp3fgk6P65if1Plj7me36s2s',0),(214,9,21.41,'2015-02-25 06:26:59','2015-02-25 06:26:59',0,1.42,19.99,0.00,'add1','add2','col','OH','11111','US','5-6 Business Days','Xs58NMmmzPlUe1OlTp3fgk6P65if1Plj7me36s2s',0),(215,9,21.41,'2015-02-25 06:26:59','2015-02-25 06:26:59',0,1.42,19.99,0.00,'add1','add2','col','OH','11111','US','5-6 Business Days','Xs58NMmmzPlUe1OlTp3fgk6P65if1Plj7me36s2s',0),(216,9,21.41,'2015-02-25 06:26:59','2015-02-25 06:26:59',0,1.42,19.99,0.00,'add1','add2','col','OH','11111','US','5-6 Business Days','Xs58NMmmzPlUe1OlTp3fgk6P65if1Plj7me36s2s',0),(217,9,21.41,'2015-02-25 06:26:59','2015-02-25 06:26:59',0,1.42,19.99,0.00,'add1','add2','col','OH','11111','US','5-6 Business Days','Xs58NMmmzPlUe1OlTp3fgk6P65if1Plj7me36s2s',0),(218,9,21.41,'2015-02-25 06:26:59','2015-02-25 06:26:59',0,1.42,19.99,0.00,'add1','add2','col','OH','11111','US','5-6 Business Days','Xs58NMmmzPlUe1OlTp3fgk6P65if1Plj7me36s2s',0),(219,9,21.41,'2015-02-25 06:26:59','2015-02-25 06:26:59',0,1.42,19.99,0.00,'add1','add2','col','OH','11111','US','5-6 Business Days','Xs58NMmmzPlUe1OlTp3fgk6P65if1Plj7me36s2s',0),(220,9,21.41,'2015-02-25 06:26:59','2015-02-25 06:26:59',0,1.42,19.99,0.00,'add1','add2','col','OH','11111','US','5-6 Business Days','Xs58NMmmzPlUe1OlTp3fgk6P65if1Plj7me36s2s',0),(221,9,21.41,'2015-02-25 06:26:59','2015-02-25 06:26:59',0,1.42,19.99,0.00,'add1','add2','col','OH','11111','US','5-6 Business Days','Xs58NMmmzPlUe1OlTp3fgk6P65if1Plj7me36s2s',0),(222,9,22.47,'2015-02-25 06:28:28','2015-02-25 06:28:28',0,1.49,20.98,0.00,'add1','add2','col','OH','11111','US','5-6 Business Days','ayF1XzDA2S7rdcX1EpMPZfDnSJ0DQX3InvjcCDDL',0),(223,9,22.47,'2015-02-25 06:28:28','2015-02-25 06:28:28',0,1.49,20.98,0.00,'add1','add2','col','OH','11111','US','5-6 Business Days','ayF1XzDA2S7rdcX1EpMPZfDnSJ0DQX3InvjcCDDL',0),(224,9,59.94,'2015-02-25 06:28:28','2015-02-25 06:30:50',0,3.98,55.96,0.00,'add1','add2','col','OH','11111','US','5-6 Business Days','Kos5Jjiae9pZOhaCC7Q3Wl6yb7TZvy0WNBPmuQPF',0),(225,9,1071.10,'2015-02-25 06:32:49','2015-02-25 06:32:49',0,71.10,1000.00,0.00,'add1','add2','col','OH','11111','US','5-6 Business Days','t0zjoMlhCtQEwofxKsEzKgSXd0QrVFG7PoyXaNBw',0),(226,9,1071.10,'2015-02-25 06:32:49','2015-02-25 06:32:49',0,71.10,1000.00,0.00,'add1','add2','col','OH','11111','US','5-6 Business Days','t0zjoMlhCtQEwofxKsEzKgSXd0QrVFG7PoyXaNBw',0),(227,9,1071.10,'2015-02-25 06:32:49','2015-02-25 06:32:49',0,71.10,1000.00,0.00,'add1','add2','col','OH','11111','US','5-6 Business Days','t0zjoMlhCtQEwofxKsEzKgSXd0QrVFG7PoyXaNBw',0),(228,9,21.42,'2015-02-25 06:32:49','2015-02-25 06:37:38',0,1.42,20.00,0.00,'add1','add2','col','OH','11111','US','5-6 Business Days','1YaE7rlK703kvQorMQ07pvK3tnOUOBgDfSbBnNtC',0),(229,9,21.42,'2015-02-25 06:36:34','2015-02-25 06:36:34',0,1.42,20.00,0.00,'add1','add2','col','OH','11111','US','5-6 Business Days','t0nYKGr9VHpV8JyGkbtwUwMiiKuDpdHmFLey5OVX',0),(230,9,21.42,'2015-02-25 06:36:34','2015-02-25 06:36:34',0,1.42,20.00,0.00,'add1','add2','col','OH','11111','US','5-6 Business Days','t0nYKGr9VHpV8JyGkbtwUwMiiKuDpdHmFLey5OVX',0),(231,9,21.42,'2015-02-25 06:36:34','2015-02-25 06:36:34',0,1.42,20.00,0.00,'add1','add2','col','OH','11111','US','5-6 Business Days','t0nYKGr9VHpV8JyGkbtwUwMiiKuDpdHmFLey5OVX',0),(232,9,32.13,'2015-02-25 06:39:49','2015-02-25 06:39:49',0,2.13,30.00,0.00,'add1','add2','col','OH','11111','US','5-6 Business Days','lBbu13YEA3f9TrsXjD5utUCF8v9SiykUDWz7vhEm',0),(233,9,32.13,'2015-02-25 06:39:49','2015-02-25 06:39:49',0,2.13,30.00,0.00,'add1','add2','col','OH','11111','US','5-6 Business Days','lBbu13YEA3f9TrsXjD5utUCF8v9SiykUDWz7vhEm',0),(234,9,21.41,'2015-02-25 06:40:51','2015-02-25 06:41:55',2,1.42,19.99,0.00,'add1','add2','col','OH','11111','US','5-6 Business Days','8XrA0ZkyM8hTYjTnVp690ZlK4D2PFcPcbP0FeAFk',2),(235,9,21.41,'2015-02-25 06:40:51','2015-02-25 06:41:55',2,1.42,19.99,0.00,'add1','add2','col','OH','11111','US','5-6 Business Days','8XrA0ZkyM8hTYjTnVp690ZlK4D2PFcPcbP0FeAFk',2),(236,9,21.41,'2015-02-25 06:40:51','2015-02-25 06:41:55',2,1.42,19.99,0.00,'add1','add2','col','OH','11111','US','5-6 Business Days','8XrA0ZkyM8hTYjTnVp690ZlK4D2PFcPcbP0FeAFk',2),(237,10,8.67,'2015-02-26 01:41:22','2015-02-26 01:41:22',0,0.68,7.99,0.00,'Addr','','col','AL','1234','US','5-6 Business Days','dqg9pM7NS21HQmoz4eyjgsM3CDZZV3iE6Wz51xmt',0),(238,10,8.67,'2015-02-26 01:41:22','2015-02-26 01:41:22',0,0.68,7.99,0.00,'Addr','','col','AL','1234','US','5-6 Business Days','dqg9pM7NS21HQmoz4eyjgsM3CDZZV3iE6Wz51xmt',0),(239,10,8.67,'2015-02-26 01:41:22','2015-02-26 01:41:22',0,0.68,7.99,0.00,'Addr','','col','AL','1234','US','5-6 Business Days','dqg9pM7NS21HQmoz4eyjgsM3CDZZV3iE6Wz51xmt',0),(240,10,8.67,'2015-02-26 01:41:22','2015-02-26 01:41:22',0,0.68,7.99,0.00,'Addr','','col','AL','1234','US','5-6 Business Days','dqg9pM7NS21HQmoz4eyjgsM3CDZZV3iE6Wz51xmt',0),(241,10,24.95,'2015-02-26 01:41:22','2015-02-26 01:42:14',0,1.96,22.99,0.00,'Addr','','col','AL','1234','US','5-6 Business Days','sISWlmc6vnBcAigoHTx9ikdX8GCPg1Adki8u5BTM',0),(242,9,16.28,'2015-02-26 03:31:13','2015-02-26 03:31:13',0,1.28,15.00,0.00,'uugu','dhgt','efhcg','AL','868','US','5-6 Business Days','jQ2M4XZXVC5cigLfwdFpb7bGPPLHCBHIz9I6E7Te',0),(243,9,16.28,'2015-02-26 03:31:13','2015-02-26 03:31:13',0,1.28,15.00,0.00,'uugu','dhgt','efhcg','AL','868','US','5-6 Business Days','jQ2M4XZXVC5cigLfwdFpb7bGPPLHCBHIz9I6E7Te',0),(244,9,16.28,'2015-02-26 03:31:13','2015-02-26 03:31:13',0,1.28,15.00,0.00,'uugu','dhgt','efhcg','AL','868','US','5-6 Business Days','jQ2M4XZXVC5cigLfwdFpb7bGPPLHCBHIz9I6E7Te',0),(245,9,16.28,'2015-02-26 03:31:13','2015-02-26 03:31:13',0,1.28,15.00,0.00,'uugu','dhgt','efhcg','AL','868','US','5-6 Business Days','jQ2M4XZXVC5cigLfwdFpb7bGPPLHCBHIz9I6E7Te',0),(246,9,16.28,'2015-02-26 03:31:13','2015-02-26 03:31:13',0,1.28,15.00,0.00,'uugu','dhgt','efhcg','AL','868','US','5-6 Business Days','jQ2M4XZXVC5cigLfwdFpb7bGPPLHCBHIz9I6E7Te',0),(247,9,16.28,'2015-02-26 03:31:13','2015-02-26 03:31:13',0,1.28,15.00,0.00,'uugu','dhgt','efhcg','AL','868','US','5-6 Business Days','jQ2M4XZXVC5cigLfwdFpb7bGPPLHCBHIz9I6E7Te',0),(248,9,16.28,'2015-02-26 03:31:13','2015-02-26 03:31:13',0,1.28,15.00,0.00,'uugu','dhgt','efhcg','AL','868','US','5-6 Business Days','jQ2M4XZXVC5cigLfwdFpb7bGPPLHCBHIz9I6E7Te',0),(249,9,16.28,'2015-02-26 03:31:13','2015-02-26 03:31:13',0,1.28,15.00,0.00,'uugu','dhgt','efhcg','AL','868','US','5-6 Business Days','jQ2M4XZXVC5cigLfwdFpb7bGPPLHCBHIz9I6E7Te',0),(250,9,16.28,'2015-02-26 03:31:13','2015-02-26 03:31:13',0,1.28,15.00,0.00,'uugu','dhgt','efhcg','AL','868','US','5-6 Business Days','jQ2M4XZXVC5cigLfwdFpb7bGPPLHCBHIz9I6E7Te',0),(251,9,16.28,'2015-02-26 03:31:13','2015-02-26 03:31:13',0,1.28,15.00,0.00,'uugu','dhgt','efhcg','AL','868','US','5-6 Business Days','jQ2M4XZXVC5cigLfwdFpb7bGPPLHCBHIz9I6E7Te',0),(252,9,16.28,'2015-02-26 03:31:13','2015-02-26 03:31:13',0,1.28,15.00,0.00,'uugu','dhgt','efhcg','AL','868','US','5-6 Business Days','jQ2M4XZXVC5cigLfwdFpb7bGPPLHCBHIz9I6E7Te',0),(253,9,16.28,'2015-02-26 03:31:13','2015-02-26 03:31:13',0,1.28,15.00,0.00,'uugu','dhgt','efhcg','AL','868','US','5-6 Business Days','jQ2M4XZXVC5cigLfwdFpb7bGPPLHCBHIz9I6E7Te',0),(254,9,16.28,'2015-02-26 03:31:13','2015-02-26 03:31:13',0,1.28,15.00,0.00,'uugu','dhgt','efhcg','AL','868','US','5-6 Business Days','jQ2M4XZXVC5cigLfwdFpb7bGPPLHCBHIz9I6E7Te',0),(255,9,16.28,'2015-02-26 03:31:13','2015-02-26 03:31:13',0,1.28,15.00,0.00,'uugu','dhgt','efhcg','AL','868','US','5-6 Business Days','jQ2M4XZXVC5cigLfwdFpb7bGPPLHCBHIz9I6E7Te',0),(256,9,16.28,'2015-02-26 03:31:13','2015-02-26 03:31:13',0,1.28,15.00,0.00,'uugu','dhgt','efhcg','AL','868','US','5-6 Business Days','jQ2M4XZXVC5cigLfwdFpb7bGPPLHCBHIz9I6E7Te',0),(257,9,16.28,'2015-02-26 03:31:13','2015-02-26 03:31:13',0,1.28,15.00,0.00,'uugu','dhgt','efhcg','AL','868','US','5-6 Business Days','jQ2M4XZXVC5cigLfwdFpb7bGPPLHCBHIz9I6E7Te',0),(258,9,16.28,'2015-02-26 03:31:13','2015-02-26 03:31:13',0,1.28,15.00,0.00,'uugu','dhgt','efhcg','AL','868','US','5-6 Business Days','jQ2M4XZXVC5cigLfwdFpb7bGPPLHCBHIz9I6E7Te',0),(259,9,16.28,'2015-02-26 03:31:13','2015-02-26 03:31:13',0,1.28,15.00,0.00,'uugu','dhgt','efhcg','AL','868','US','5-6 Business Days','jQ2M4XZXVC5cigLfwdFpb7bGPPLHCBHIz9I6E7Te',0),(260,9,16.28,'2015-02-26 03:31:13','2015-02-26 03:31:13',0,1.28,15.00,0.00,'uugu','dhgt','efhcg','AL','868','US','5-6 Business Days','jQ2M4XZXVC5cigLfwdFpb7bGPPLHCBHIz9I6E7Te',0),(261,9,16.28,'2015-02-26 03:31:13','2015-02-26 03:31:13',0,1.28,15.00,0.00,'uugu','dhgt','efhcg','AL','868','US','5-6 Business Days','jQ2M4XZXVC5cigLfwdFpb7bGPPLHCBHIz9I6E7Te',0),(262,9,16.28,'2015-02-26 03:31:52','2015-02-26 03:31:52',0,1.28,15.00,0.00,'ffufy','yychug','dyfh','AL','67899','US','5-6 Business Days','l1Z2qrTWZJwXMupAJwEhALjXTp9AjXvLTh7CQeIP',0),(263,9,16.28,'2015-02-26 03:31:52','2015-02-26 03:31:52',0,1.28,15.00,0.00,'ffufy','yychug','dyfh','AL','67899','US','5-6 Business Days','l1Z2qrTWZJwXMupAJwEhALjXTp9AjXvLTh7CQeIP',0),(264,9,16.28,'2015-02-26 03:31:52','2015-02-26 03:31:52',0,1.28,15.00,0.00,'ffufy','yychug','dyfh','AL','67899','US','5-6 Business Days','l1Z2qrTWZJwXMupAJwEhALjXTp9AjXvLTh7CQeIP',0),(265,9,16.28,'2015-02-26 03:31:52','2015-02-26 03:31:52',0,1.28,15.00,0.00,'ffufy','yychug','dyfh','AL','67899','US','5-6 Business Days','l1Z2qrTWZJwXMupAJwEhALjXTp9AjXvLTh7CQeIP',0),(266,9,16.28,'2015-02-26 03:31:52','2015-02-26 03:31:52',0,1.28,15.00,0.00,'ffufy','yychug','dyfh','AL','67899','US','5-6 Business Days','l1Z2qrTWZJwXMupAJwEhALjXTp9AjXvLTh7CQeIP',0),(267,9,16.28,'2015-02-26 03:31:52','2015-02-26 03:31:52',0,1.28,15.00,0.00,'ffufy','yychug','dyfh','AL','67899','US','5-6 Business Days','l1Z2qrTWZJwXMupAJwEhALjXTp9AjXvLTh7CQeIP',0),(268,9,16.28,'2015-02-26 03:31:52','2015-02-26 03:31:52',0,1.28,15.00,0.00,'ffufy','yychug','dyfh','AL','67899','US','5-6 Business Days','l1Z2qrTWZJwXMupAJwEhALjXTp9AjXvLTh7CQeIP',0),(269,9,16.28,'2015-02-26 03:31:52','2015-02-26 03:31:52',0,1.28,15.00,0.00,'ffufy','yychug','dyfh','AL','67899','US','5-6 Business Days','l1Z2qrTWZJwXMupAJwEhALjXTp9AjXvLTh7CQeIP',0),(270,9,16.28,'2015-02-26 03:31:52','2015-02-26 03:31:52',0,1.28,15.00,0.00,'ffufy','yychug','dyfh','AL','67899','US','5-6 Business Days','l1Z2qrTWZJwXMupAJwEhALjXTp9AjXvLTh7CQeIP',0),(271,9,16.28,'2015-02-26 03:31:52','2015-02-26 03:31:52',0,1.28,15.00,0.00,'ffufy','yychug','dyfh','AL','67899','US','5-6 Business Days','l1Z2qrTWZJwXMupAJwEhALjXTp9AjXvLTh7CQeIP',0),(272,9,16.28,'2015-02-26 03:31:52','2015-02-26 03:31:52',0,1.28,15.00,0.00,'ffufy','yychug','dyfh','AL','67899','US','5-6 Business Days','l1Z2qrTWZJwXMupAJwEhALjXTp9AjXvLTh7CQeIP',0),(273,9,16.28,'2015-02-26 03:48:38','2015-02-26 03:48:38',0,1.28,15.00,0.00,'fguu','giu','fugbu','AL','68977','US','5-6 Business Days','JzFGP8qHmmDlmhjBj5gx1gXe290pxAZYMFNWNKbO',0),(274,9,16.28,'2015-02-26 03:48:38','2015-02-26 03:48:38',0,1.28,15.00,0.00,'fguu','giu','fugbu','AL','68977','US','5-6 Business Days','JzFGP8qHmmDlmhjBj5gx1gXe290pxAZYMFNWNKbO',0),(275,9,16.28,'2015-02-26 03:48:38','2015-02-26 03:48:38',0,1.28,15.00,0.00,'fguu','giu','fugbu','AL','68977','US','5-6 Business Days','JzFGP8qHmmDlmhjBj5gx1gXe290pxAZYMFNWNKbO',0),(276,9,16.28,'2015-02-26 03:48:38','2015-02-26 03:48:38',0,1.28,15.00,0.00,'fguu','giu','fugbu','AL','68977','US','5-6 Business Days','JzFGP8qHmmDlmhjBj5gx1gXe290pxAZYMFNWNKbO',0),(277,9,16.28,'2015-02-26 03:48:38','2015-02-26 03:48:38',0,1.28,15.00,0.00,'fguu','giu','fugbu','AL','68977','US','5-6 Business Days','JzFGP8qHmmDlmhjBj5gx1gXe290pxAZYMFNWNKbO',0),(278,9,16.28,'2015-02-26 03:48:38','2015-02-26 03:48:38',0,1.28,15.00,0.00,'fguu','giu','fugbu','AL','68977','US','5-6 Business Days','JzFGP8qHmmDlmhjBj5gx1gXe290pxAZYMFNWNKbO',0),(279,9,16.28,'2015-02-26 03:48:38','2015-02-26 03:48:38',0,1.28,15.00,0.00,'fguu','giu','fugbu','AL','68977','US','5-6 Business Days','JzFGP8qHmmDlmhjBj5gx1gXe290pxAZYMFNWNKbO',0),(280,9,16.28,'2015-02-26 03:48:38','2015-02-26 03:48:38',0,1.28,15.00,0.00,'fguu','giu','fugbu','AL','68977','US','5-6 Business Days','JzFGP8qHmmDlmhjBj5gx1gXe290pxAZYMFNWNKbO',0),(281,9,16.28,'2015-02-26 03:54:20','2015-02-26 03:54:20',0,1.28,15.00,0.00,'fguu','giu','fugbu','AL','68977','US','5-6 Business Days','wuQD3IpWUmX4tDTUBasUz2J69nXr81M1SjT6E12Y',0),(282,9,16.28,'2015-02-26 03:54:20','2015-02-26 03:54:20',0,1.28,15.00,0.00,'fguu','giu','fugbu','AL','68977','US','5-6 Business Days','wuQD3IpWUmX4tDTUBasUz2J69nXr81M1SjT6E12Y',0),(283,9,16.28,'2015-02-26 03:54:20','2015-02-26 03:54:20',0,1.28,15.00,0.00,'fguu','giu','fugbu','AL','68977','US','5-6 Business Days','wuQD3IpWUmX4tDTUBasUz2J69nXr81M1SjT6E12Y',0),(284,9,16.28,'2015-02-26 03:54:20','2015-02-26 03:54:20',0,1.28,15.00,0.00,'fguu','giu','fugbu','AL','68977','US','5-6 Business Days','wuQD3IpWUmX4tDTUBasUz2J69nXr81M1SjT6E12Y',0),(285,9,16.28,'2015-02-26 03:54:20','2015-02-26 03:57:27',0,1.28,15.00,0.00,'fguu','giu','fugbu','AL','68977','US','5-6 Business Days','9KEbmrHo9QWvSeyTUtxqZOgenzBzCi2IYbYy2p6s',0),(286,9,16.28,'2015-02-26 04:01:06','2015-02-26 04:01:06',0,1.28,15.00,0.00,'test','jhkh','fufug','AL','57689','US','5-6 Business Days','t6F3oVZeqk5ObgUL0rABpc4vC9wSydhcOEzBBTsf',0),(287,9,16.28,'2015-02-26 04:01:06','2015-02-26 04:01:06',0,1.28,15.00,0.00,'test','jhkh','fufug','AL','57689','US','5-6 Business Days','t6F3oVZeqk5ObgUL0rABpc4vC9wSydhcOEzBBTsf',0),(288,9,16.28,'2015-02-26 04:01:06','2015-02-26 04:01:06',0,1.28,15.00,0.00,'test','jhkh','fufug','AL','57689','US','5-6 Business Days','t6F3oVZeqk5ObgUL0rABpc4vC9wSydhcOEzBBTsf',0),(289,9,16.28,'2015-02-26 04:01:06','2015-02-26 04:01:06',0,1.28,15.00,0.00,'test','jhkh','fufug','AL','57689','US','5-6 Business Days','t6F3oVZeqk5ObgUL0rABpc4vC9wSydhcOEzBBTsf',0),(290,9,26.04,'2015-02-26 04:04:04','2015-02-26 04:04:04',0,2.04,24.00,0.00,'test','jhkh','fufug','AL','57689','US','5-6 Business Days','4MgIgBhm0Mu5XFICcebnDJu2HvmIqTAKTahcn9yG',0),(291,9,26.04,'2015-02-26 04:04:04','2015-02-26 04:04:04',0,2.04,24.00,0.00,'test','jhkh','fufug','AL','57689','US','5-6 Business Days','4MgIgBhm0Mu5XFICcebnDJu2HvmIqTAKTahcn9yG',0),(292,9,26.04,'2015-02-26 04:04:04','2015-02-26 04:04:04',0,2.04,24.00,0.00,'test','jhkh','fufug','AL','57689','US','5-6 Business Days','4MgIgBhm0Mu5XFICcebnDJu2HvmIqTAKTahcn9yG',0),(293,9,26.04,'2015-02-26 04:04:04','2015-02-26 04:04:04',0,2.04,24.00,0.00,'test','jhkh','fufug','AL','57689','US','5-6 Business Days','4MgIgBhm0Mu5XFICcebnDJu2HvmIqTAKTahcn9yG',0),(294,9,26.04,'2015-02-26 04:04:04','2015-02-26 04:04:04',0,2.04,24.00,0.00,'test','jhkh','fufug','AL','57689','US','5-6 Business Days','4MgIgBhm0Mu5XFICcebnDJu2HvmIqTAKTahcn9yG',0),(295,9,26.04,'2015-02-26 04:04:04','2015-02-26 04:04:04',0,2.04,24.00,0.00,'test','jhkh','fufug','AL','57689','US','5-6 Business Days','4MgIgBhm0Mu5XFICcebnDJu2HvmIqTAKTahcn9yG',0),(296,9,26.04,'2015-02-26 04:04:04','2015-02-26 04:04:04',0,2.04,24.00,0.00,'test','jhkh','fufug','AL','57689','US','5-6 Business Days','4MgIgBhm0Mu5XFICcebnDJu2HvmIqTAKTahcn9yG',0),(297,9,26.04,'2015-02-26 04:04:04','2015-02-26 04:04:04',0,2.04,24.00,0.00,'test','jhkh','fufug','AL','57689','US','5-6 Business Days','4MgIgBhm0Mu5XFICcebnDJu2HvmIqTAKTahcn9yG',0),(298,9,276.70,'2015-02-26 04:36:21','2015-02-26 04:36:21',0,21.70,255.00,0.00,'fguu','giu','fugbu','AL','68977','US','5-6 Business Days','5gtzwmMebepIgzRcHDL7cX5MWXQszpHahCpO9o3c',0),(299,9,276.70,'2015-02-26 04:36:21','2015-02-26 04:36:21',0,21.70,255.00,0.00,'fguu','giu','fugbu','AL','68977','US','5-6 Business Days','5gtzwmMebepIgzRcHDL7cX5MWXQszpHahCpO9o3c',0),(300,9,276.70,'2015-02-26 04:36:21','2015-02-26 04:36:21',0,21.70,255.00,0.00,'fguu','giu','fugbu','AL','68977','US','5-6 Business Days','5gtzwmMebepIgzRcHDL7cX5MWXQszpHahCpO9o3c',0),(301,9,276.70,'2015-02-26 04:36:21','2015-02-26 04:36:21',0,21.70,255.00,0.00,'fguu','giu','fugbu','AL','68977','US','5-6 Business Days','5gtzwmMebepIgzRcHDL7cX5MWXQszpHahCpO9o3c',0),(302,9,276.70,'2015-02-26 04:36:21','2015-02-26 04:36:21',0,21.70,255.00,0.00,'fguu','giu','fugbu','AL','68977','US','5-6 Business Days','5gtzwmMebepIgzRcHDL7cX5MWXQszpHahCpO9o3c',0),(303,9,11.93,'2015-02-26 05:18:15','2015-02-26 05:18:15',0,0.94,10.99,0.00,'fguu','giu','fugbu','AL','68977','US','5-6 Business Days','U8iwpcO03PxUKEPGVg4JwRShXjmzbwcNMJLvDGhN',0),(304,9,11.93,'2015-02-26 05:18:15','2015-02-26 05:18:15',0,0.94,10.99,0.00,'fguu','giu','fugbu','AL','68977','US','5-6 Business Days','U8iwpcO03PxUKEPGVg4JwRShXjmzbwcNMJLvDGhN',0),(305,9,11.93,'2015-02-26 05:18:15','2015-02-26 05:18:15',0,0.94,10.99,0.00,'fguu','giu','fugbu','AL','68977','US','5-6 Business Days','U8iwpcO03PxUKEPGVg4JwRShXjmzbwcNMJLvDGhN',0),(306,9,11.93,'2015-02-26 05:18:15','2015-02-26 05:18:15',0,0.94,10.99,0.00,'fguu','giu','fugbu','AL','68977','US','5-6 Business Days','U8iwpcO03PxUKEPGVg4JwRShXjmzbwcNMJLvDGhN',0),(307,9,23.85,'2015-02-26 05:18:15','2015-02-26 05:18:56',0,1.87,21.98,0.00,'fguu','giu','fugbu','AL','68977','US','5-6 Business Days','lYt3cbybct85ZxusX88miGXEjSMaiXFWwUhggSSQ',0),(308,9,32.52,'2015-02-26 05:20:02','2015-02-26 05:20:02',0,2.55,29.97,0.00,'fguu','giu','fugbu','AL','68977','US','5-6 Business Days','wFsQWOIXjZTKNp1BsH52VQvPy8hBNfT71TSwAThC',0),(309,9,32.52,'2015-02-26 05:20:02','2015-02-26 05:20:02',0,2.55,29.97,0.00,'fguu','giu','fugbu','AL','68977','US','5-6 Business Days','wFsQWOIXjZTKNp1BsH52VQvPy8hBNfT71TSwAThC',0),(310,9,32.52,'2015-02-26 05:20:02','2015-02-26 05:20:02',0,2.55,29.97,0.00,'fguu','giu','fugbu','AL','68977','US','5-6 Business Days','wFsQWOIXjZTKNp1BsH52VQvPy8hBNfT71TSwAThC',0),(311,9,32.52,'2015-02-26 05:20:02','2015-02-26 05:20:02',0,2.55,29.97,0.00,'fguu','giu','fugbu','AL','68977','US','5-6 Business Days','wFsQWOIXjZTKNp1BsH52VQvPy8hBNfT71TSwAThC',0),(312,9,32.52,'2015-02-26 05:20:02','2015-02-26 05:20:35',0,2.55,29.97,0.00,'fguu','giu','fugbu','AL','68977','US','5-6 Business Days','a4TSKuDF9UOVgt5LVbPfaNWvEqEEetwdzYqx3fIM',0),(313,9,16.31,'2015-02-26 05:28:36','2015-02-26 05:28:36',0,1.31,15.00,0.00,'address1','addr2','col','OK','112233','US','5-6 Business Days','OsY9OTcb5DzxrUmRxq8WCafmtuI1B361QoJv3kkh',0),(314,9,16.31,'2015-02-26 05:28:36','2015-02-26 05:28:36',0,1.31,15.00,0.00,'address1','addr2','col','OK','112233','US','5-6 Business Days','OsY9OTcb5DzxrUmRxq8WCafmtuI1B361QoJv3kkh',0),(315,9,16.31,'2015-02-26 05:28:36','2015-02-26 05:28:36',0,1.31,15.00,0.00,'address1','addr2','col','OK','112233','US','5-6 Business Days','OsY9OTcb5DzxrUmRxq8WCafmtuI1B361QoJv3kkh',0),(316,9,16.31,'2015-02-26 05:28:36','2015-02-26 05:28:36',0,1.31,15.00,0.00,'address1','addr2','col','OK','112233','US','5-6 Business Days','OsY9OTcb5DzxrUmRxq8WCafmtuI1B361QoJv3kkh',0),(317,9,32.62,'2015-02-26 05:28:36','2015-02-26 05:29:17',0,2.62,30.00,0.00,'address1','addr2','col','OK','112233','US','5-6 Business Days','xhCEB00KjpilER8RyuXuInI7HARa9neBelfJ2IdK',0),(318,9,16.31,'2015-02-26 05:29:50','2015-02-26 05:29:50',0,1.31,15.00,0.00,'address1','addr2','col','OK','112233','US','5-6 Business Days','V6uRgeaT8tJ1LGIXwciDTNubcHaQYdYsbrIP1xI6',0),(319,9,16.31,'2015-02-26 05:29:50','2015-02-26 05:29:50',0,1.31,15.00,0.00,'address1','addr2','col','OK','112233','US','5-6 Business Days','V6uRgeaT8tJ1LGIXwciDTNubcHaQYdYsbrIP1xI6',0),(320,9,16.31,'2015-02-26 05:29:50','2015-02-26 05:29:50',0,1.31,15.00,0.00,'address1','addr2','col','OK','112233','US','5-6 Business Days','V6uRgeaT8tJ1LGIXwciDTNubcHaQYdYsbrIP1xI6',0),(321,9,16.31,'2015-02-26 05:29:50','2015-02-26 05:29:50',0,1.31,15.00,0.00,'address1','addr2','col','OK','112233','US','5-6 Business Days','V6uRgeaT8tJ1LGIXwciDTNubcHaQYdYsbrIP1xI6',0),(322,9,32.62,'2015-02-26 05:29:50','2015-02-26 05:29:50',0,2.62,30.00,0.00,'address1','addr2','col','OK','112233','US','5-6 Business Days','V6uRgeaT8tJ1LGIXwciDTNubcHaQYdYsbrIP1xI6',0),(323,9,32.62,'2015-02-26 05:29:50','2015-02-26 05:29:50',0,2.62,30.00,0.00,'address1','addr2','col','OK','112233','US','5-6 Business Days','V6uRgeaT8tJ1LGIXwciDTNubcHaQYdYsbrIP1xI6',0),(324,9,32.62,'2015-02-26 05:29:50','2015-02-26 05:29:50',0,2.62,30.00,0.00,'address1','addr2','col','OK','112233','US','5-6 Business Days','V6uRgeaT8tJ1LGIXwciDTNubcHaQYdYsbrIP1xI6',0),(325,9,32.62,'2015-02-26 05:29:50','2015-02-26 05:29:50',0,2.62,30.00,0.00,'address1','addr2','col','OK','112233','US','5-6 Business Days','V6uRgeaT8tJ1LGIXwciDTNubcHaQYdYsbrIP1xI6',0),(326,9,16.31,'2015-02-26 05:30:22','2015-02-26 05:30:22',0,1.31,15.00,0.00,'address1','addr2','col','OK','112233','US','5-6 Business Days','O9BSHEdbrDXZEtfjH0FahNvU1GRcV1fc0XVyd5sP',0),(327,9,16.31,'2015-02-26 05:30:22','2015-02-26 05:30:22',0,1.31,15.00,0.00,'address1','addr2','col','OK','112233','US','5-6 Business Days','O9BSHEdbrDXZEtfjH0FahNvU1GRcV1fc0XVyd5sP',0),(328,9,16.31,'2015-02-26 05:30:22','2015-02-26 05:30:22',0,1.31,15.00,0.00,'address1','addr2','col','OK','112233','US','5-6 Business Days','O9BSHEdbrDXZEtfjH0FahNvU1GRcV1fc0XVyd5sP',0),(329,9,16.31,'2015-02-26 05:30:22','2015-02-26 05:30:22',0,1.31,15.00,0.00,'address1','addr2','col','OK','112233','US','5-6 Business Days','O9BSHEdbrDXZEtfjH0FahNvU1GRcV1fc0XVyd5sP',0),(330,9,32.62,'2015-02-26 05:30:22','2015-02-26 05:30:22',0,2.62,30.00,0.00,'address1','addr2','col','OK','112233','US','5-6 Business Days','O9BSHEdbrDXZEtfjH0FahNvU1GRcV1fc0XVyd5sP',0),(331,9,32.62,'2015-02-26 05:30:22','2015-02-26 05:30:22',0,2.62,30.00,0.00,'address1','addr2','col','OK','112233','US','5-6 Business Days','O9BSHEdbrDXZEtfjH0FahNvU1GRcV1fc0XVyd5sP',0),(332,9,32.62,'2015-02-26 05:30:22','2015-02-26 05:30:22',0,2.62,30.00,0.00,'address1','addr2','col','OK','112233','US','5-6 Business Days','O9BSHEdbrDXZEtfjH0FahNvU1GRcV1fc0XVyd5sP',0),(333,9,32.62,'2015-02-26 05:30:22','2015-02-26 05:30:22',0,2.62,30.00,0.00,'address1','addr2','col','OK','112233','US','5-6 Business Days','O9BSHEdbrDXZEtfjH0FahNvU1GRcV1fc0XVyd5sP',0),(334,9,32.62,'2015-02-26 05:30:31','2015-02-26 05:31:28',2,2.62,30.00,0.00,'address1','addr2','col','OK','112233','US','5-6 Business Days','8AuuWr0jvMijdD5uqBNRUKc2ShHAvY7TPmzhPCO3',2),(335,9,32.62,'2015-02-26 05:30:31','2015-02-26 05:31:28',2,2.62,30.00,0.00,'address1','addr2','col','OK','112233','US','5-6 Business Days','8AuuWr0jvMijdD5uqBNRUKc2ShHAvY7TPmzhPCO3',2),(336,9,32.62,'2015-02-26 05:30:31','2015-02-26 05:31:28',2,2.62,30.00,0.00,'address1','addr2','col','OK','112233','US','5-6 Business Days','8AuuWr0jvMijdD5uqBNRUKc2ShHAvY7TPmzhPCO3',2),(337,9,32.62,'2015-02-26 05:30:31','2015-02-26 05:31:49',1,2.62,30.00,0.00,'address1','addr2','col','OK','112233','US','5-6 Business Days','zPzKscznxg23GVOgmIk2Op9vqF0zw77ClI6jJlGt',0),(338,9,10.87,'2015-02-26 05:32:15','2015-02-26 05:32:15',0,0.87,10.00,0.00,'address1','addr2','col','OK','112233','US','5-6 Business Days','lyA0qDUi1kxt6Q00FHz7AowwZVRuXY7936JxrWNm',0),(339,9,10.87,'2015-02-26 05:32:15','2015-02-26 05:32:15',0,0.87,10.00,0.00,'address1','addr2','col','OK','112233','US','5-6 Business Days','lyA0qDUi1kxt6Q00FHz7AowwZVRuXY7936JxrWNm',0),(340,9,10.87,'2015-02-26 05:32:15','2015-02-26 05:32:15',0,0.87,10.00,0.00,'address1','addr2','col','OK','112233','US','5-6 Business Days','lyA0qDUi1kxt6Q00FHz7AowwZVRuXY7936JxrWNm',0),(341,9,10.87,'2015-02-26 05:32:15','2015-02-26 05:32:15',0,0.87,10.00,0.00,'address1','addr2','col','OK','112233','US','5-6 Business Days','lyA0qDUi1kxt6Q00FHz7AowwZVRuXY7936JxrWNm',0),(342,9,10.87,'2015-02-26 05:32:15','2015-02-26 05:32:15',0,0.87,10.00,0.00,'address1','addr2','col','OK','112233','US','5-6 Business Days','lyA0qDUi1kxt6Q00FHz7AowwZVRuXY7936JxrWNm',0),(343,9,10.87,'2015-02-26 05:32:22','2015-02-26 05:32:26',1,0.87,10.00,0.00,'address1','addr2','col','OK','112233','US','5-6 Business Days','EBAL3Pxs7kY0xebZaU4y3ArlsAJpoYmQBS5qzbwH',0),(344,9,10.87,'2015-02-26 05:32:22','2015-02-26 05:32:26',1,0.87,10.00,0.00,'address1','addr2','col','OK','112233','US','5-6 Business Days','EBAL3Pxs7kY0xebZaU4y3ArlsAJpoYmQBS5qzbwH',0),(345,9,10.87,'2015-02-26 05:32:22','2015-02-26 05:32:26',1,0.87,10.00,0.00,'address1','addr2','col','OK','112233','US','5-6 Business Days','EBAL3Pxs7kY0xebZaU4y3ArlsAJpoYmQBS5qzbwH',0),(346,9,10.87,'2015-02-26 05:32:22','2015-02-26 05:32:26',1,0.87,10.00,0.00,'address1','addr2','col','OK','112233','US','5-6 Business Days','EBAL3Pxs7kY0xebZaU4y3ArlsAJpoYmQBS5qzbwH',0),(347,9,10.87,'2015-02-26 05:32:22','2015-02-26 05:32:26',1,0.87,10.00,0.00,'address1','addr2','col','OK','112233','US','5-6 Business Days','EBAL3Pxs7kY0xebZaU4y3ArlsAJpoYmQBS5qzbwH',0),(348,9,10.87,'2015-02-26 05:33:29','2015-02-26 05:33:29',0,0.87,10.00,0.00,'address1','addr2','col','OK','112233','US','5-6 Business Days','Q3VWuaXamgRlZmz7maeZHv4olt8SytSL8UwmtYcX',0),(349,9,10.87,'2015-02-26 05:33:29','2015-02-26 05:33:29',0,0.87,10.00,0.00,'address1','addr2','col','OK','112233','US','5-6 Business Days','Q3VWuaXamgRlZmz7maeZHv4olt8SytSL8UwmtYcX',0),(350,9,10.87,'2015-02-26 05:33:29','2015-02-26 05:33:29',0,0.87,10.00,0.00,'address1','addr2','col','OK','112233','US','5-6 Business Days','Q3VWuaXamgRlZmz7maeZHv4olt8SytSL8UwmtYcX',0),(351,9,10.87,'2015-02-26 05:33:54','2015-02-26 05:33:54',0,0.87,10.00,0.00,'address1','addr2','col','OK','112233','US','5-6 Business Days','jDpeHwMNcKYsYzS7GgQvqUlZxXfLn536d7IFFhVE',0),(352,9,10.87,'2015-02-26 05:33:54','2015-02-26 05:33:54',0,0.87,10.00,0.00,'address1','addr2','col','OK','112233','US','5-6 Business Days','jDpeHwMNcKYsYzS7GgQvqUlZxXfLn536d7IFFhVE',0),(353,9,10.87,'2015-02-26 05:33:54','2015-02-26 05:33:54',0,0.87,10.00,0.00,'address1','addr2','col','OK','112233','US','5-6 Business Days','jDpeHwMNcKYsYzS7GgQvqUlZxXfLn536d7IFFhVE',0),(354,9,10.87,'2015-02-26 05:33:54','2015-02-26 05:33:54',0,0.87,10.00,0.00,'address1','addr2','col','OK','112233','US','5-6 Business Days','jDpeHwMNcKYsYzS7GgQvqUlZxXfLn536d7IFFhVE',0),(355,9,10.87,'2015-02-26 05:34:46','2015-02-26 05:34:46',0,0.87,10.00,0.00,'address1','addr2','col','OK','112233','US','5-6 Business Days','CWrG7cb1ABfoMep9OzMKxW7P0tVHql69A3Z2M8iQ',0),(356,9,10.87,'2015-02-26 05:34:46','2015-02-26 05:34:46',0,0.87,10.00,0.00,'address1','addr2','col','OK','112233','US','5-6 Business Days','CWrG7cb1ABfoMep9OzMKxW7P0tVHql69A3Z2M8iQ',0),(357,9,10.87,'2015-02-26 05:34:46','2015-02-26 05:34:46',0,0.87,10.00,0.00,'address1','addr2','col','OK','112233','US','5-6 Business Days','CWrG7cb1ABfoMep9OzMKxW7P0tVHql69A3Z2M8iQ',0),(358,9,10.87,'2015-02-26 05:34:46','2015-02-26 05:34:46',0,0.87,10.00,0.00,'address1','addr2','col','OK','112233','US','5-6 Business Days','CWrG7cb1ABfoMep9OzMKxW7P0tVHql69A3Z2M8iQ',0),(359,9,35.88,'2015-02-26 05:39:34','2015-02-26 05:39:36',1,2.88,33.00,0.00,'address1','addr2','col','OK','112233','US','5-6 Business Days','vfeky7woQOOl28pWX2bgNoiToYNhwu7og9i37EFK',0),(360,9,35.88,'2015-02-26 05:39:34','2015-02-26 05:39:36',1,2.88,33.00,0.00,'address1','addr2','col','OK','112233','US','5-6 Business Days','vfeky7woQOOl28pWX2bgNoiToYNhwu7og9i37EFK',0),(361,9,35.88,'2015-02-26 05:39:46','2015-02-26 05:39:46',0,2.88,33.00,0.00,'address1','addr2','col','OK','112233','US','5-6 Business Days','n4rzVpFvGWL6QF7PHKiXL5AexQppXLTqMFadATw7',0),(362,9,35.88,'2015-02-26 05:39:46','2015-02-26 05:39:46',0,2.88,33.00,0.00,'address1','addr2','col','OK','112233','US','5-6 Business Days','n4rzVpFvGWL6QF7PHKiXL5AexQppXLTqMFadATw7',0),(363,9,35.88,'2015-02-26 05:39:46','2015-02-26 05:39:46',0,2.88,33.00,0.00,'address1','addr2','col','OK','112233','US','5-6 Business Days','n4rzVpFvGWL6QF7PHKiXL5AexQppXLTqMFadATw7',0),(364,9,35.88,'2015-02-26 05:39:46','2015-02-26 05:39:46',0,2.88,33.00,0.00,'address1','addr2','col','OK','112233','US','5-6 Business Days','n4rzVpFvGWL6QF7PHKiXL5AexQppXLTqMFadATw7',0),(365,9,35.88,'2015-02-26 05:40:01','2015-02-26 05:40:01',0,2.88,33.00,0.00,'address1','addr2','col','OK','112233','US','5-6 Business Days','h87RF20JgHDDdREAEFkEQbN0oGMGtyIdYkBbPfPE',0),(366,9,35.88,'2015-02-26 05:40:01','2015-02-26 05:40:01',0,2.88,33.00,0.00,'address1','addr2','col','OK','112233','US','5-6 Business Days','h87RF20JgHDDdREAEFkEQbN0oGMGtyIdYkBbPfPE',0),(367,9,35.88,'2015-02-26 05:40:01','2015-02-26 05:40:01',0,2.88,33.00,0.00,'address1','addr2','col','OK','112233','US','5-6 Business Days','h87RF20JgHDDdREAEFkEQbN0oGMGtyIdYkBbPfPE',0),(368,9,35.88,'2015-02-26 05:40:01','2015-02-26 05:40:01',0,2.88,33.00,0.00,'address1','addr2','col','OK','112233','US','5-6 Business Days','h87RF20JgHDDdREAEFkEQbN0oGMGtyIdYkBbPfPE',0),(369,9,35.88,'2015-02-26 05:40:20','2015-02-26 05:40:20',0,2.88,33.00,0.00,'address1','addr2','col','OK','112233','US','5-6 Business Days','bTQ53BlCfZxQZPEVvRAhOdJHR8AbfPPTiTxALazv',0),(370,9,35.88,'2015-02-26 05:40:20','2015-02-26 05:40:20',0,2.88,33.00,0.00,'address1','addr2','col','OK','112233','US','5-6 Business Days','bTQ53BlCfZxQZPEVvRAhOdJHR8AbfPPTiTxALazv',0),(371,9,35.88,'2015-02-26 05:40:20','2015-02-26 05:40:20',0,2.88,33.00,0.00,'address1','addr2','col','OK','112233','US','5-6 Business Days','bTQ53BlCfZxQZPEVvRAhOdJHR8AbfPPTiTxALazv',0),(372,9,35.88,'2015-02-26 05:40:20','2015-02-26 05:40:20',0,2.88,33.00,0.00,'address1','addr2','col','OK','112233','US','5-6 Business Days','bTQ53BlCfZxQZPEVvRAhOdJHR8AbfPPTiTxALazv',0),(373,9,35.88,'2015-02-26 05:40:38','2015-02-26 05:41:05',2,2.88,33.00,0.00,'address1','addr2','col','OK','112233','US','5-6 Business Days','i4ZOtuOljry8TTxhj5HR3O2EvtP0mt1DuR1rA7yy',2),(374,9,16.31,'2015-02-26 05:42:06','2015-02-26 05:42:14',1,1.31,15.00,0.00,'address1','addr2','col','OK','112233','US','5-6 Business Days','BpnTWodZq9OMy1BgV5mgjJpyBAoxlbqlRfURfnRF',0),(375,9,16.31,'2015-02-26 05:42:06','2015-02-26 05:42:14',1,1.31,15.00,0.00,'address1','addr2','col','OK','112233','US','5-6 Business Days','BpnTWodZq9OMy1BgV5mgjJpyBAoxlbqlRfURfnRF',0),(376,9,16.31,'2015-02-26 05:42:25','2015-02-26 05:42:25',0,1.31,15.00,0.00,'address1','addr2','col','OK','112233','US','5-6 Business Days','OBjzRmRtpFvLmpW9ik57zfmKcb3zgO2LukCsqI5d',0),(377,9,16.31,'2015-02-26 05:42:25','2015-02-26 05:42:25',0,1.31,15.00,0.00,'address1','addr2','col','OK','112233','US','5-6 Business Days','OBjzRmRtpFvLmpW9ik57zfmKcb3zgO2LukCsqI5d',0),(378,9,16.31,'2015-02-26 05:42:25','2015-02-26 05:42:25',0,1.31,15.00,0.00,'address1','addr2','col','OK','112233','US','5-6 Business Days','OBjzRmRtpFvLmpW9ik57zfmKcb3zgO2LukCsqI5d',0),(379,9,16.31,'2015-02-26 05:42:25','2015-02-26 05:42:25',0,1.31,15.00,0.00,'address1','addr2','col','OK','112233','US','5-6 Business Days','OBjzRmRtpFvLmpW9ik57zfmKcb3zgO2LukCsqI5d',0),(380,9,9.50,'2015-02-26 05:45:28','2015-02-26 05:45:30',1,0.76,8.74,0.00,'address1','addr2','col','OK','112233','US','5-6 Business Days','lbwYBnPkJmhpjqfLYRtaiU8eMLkd5iTWSq6VptBv',0),(381,9,9.50,'2015-02-26 05:45:28','2015-02-26 05:45:30',1,0.76,8.74,0.00,'address1','addr2','col','OK','112233','US','5-6 Business Days','lbwYBnPkJmhpjqfLYRtaiU8eMLkd5iTWSq6VptBv',0),(382,9,9.50,'2015-02-26 05:45:43','2015-02-26 05:45:43',0,0.76,8.74,0.00,'address1','addr2','col','OK','112233','US','5-6 Business Days','zdBbubyI5wuGFo1F0NoLYPcHOL7i2lnzDQFVESBA',0),(383,9,9.50,'2015-02-26 05:45:43','2015-02-26 05:45:43',0,0.76,8.74,0.00,'address1','addr2','col','OK','112233','US','5-6 Business Days','zdBbubyI5wuGFo1F0NoLYPcHOL7i2lnzDQFVESBA',0),(384,9,9.50,'2015-02-26 05:45:43','2015-02-26 05:45:43',0,0.76,8.74,0.00,'address1','addr2','col','OK','112233','US','5-6 Business Days','zdBbubyI5wuGFo1F0NoLYPcHOL7i2lnzDQFVESBA',0),(385,9,9.50,'2015-02-26 05:45:43','2015-02-26 05:45:43',0,0.76,8.74,0.00,'address1','addr2','col','OK','112233','US','5-6 Business Days','zdBbubyI5wuGFo1F0NoLYPcHOL7i2lnzDQFVESBA',0),(386,9,9.50,'2015-02-26 05:46:21','2015-02-26 05:46:21',0,0.76,8.74,0.00,'address1','addr2','col','OK','112233','US','5-6 Business Days','2Ug4krQYfuQy6gCpF3rKrefT5HQFmsKF9YxbDzbk',0),(387,9,9.50,'2015-02-26 05:46:21','2015-02-26 05:46:21',0,0.76,8.74,0.00,'address1','addr2','col','OK','112233','US','5-6 Business Days','2Ug4krQYfuQy6gCpF3rKrefT5HQFmsKF9YxbDzbk',0),(388,9,9.50,'2015-02-26 05:46:21','2015-02-26 05:46:21',0,0.76,8.74,0.00,'address1','addr2','col','OK','112233','US','5-6 Business Days','2Ug4krQYfuQy6gCpF3rKrefT5HQFmsKF9YxbDzbk',0),(389,9,9.50,'2015-02-26 05:46:21','2015-02-26 05:46:21',0,0.76,8.74,0.00,'address1','addr2','col','OK','112233','US','5-6 Business Days','2Ug4krQYfuQy6gCpF3rKrefT5HQFmsKF9YxbDzbk',0),(390,9,9.50,'2015-02-26 05:46:30','2015-02-26 05:46:40',0,0.76,8.74,0.00,'address1','addr2','col','OK','112233','US','5-6 Business Days','ZocPRpn08jVpfU6ZvpIPsjMAXyLjZykFAzCyULYW',0),(391,9,32.62,'2015-02-26 06:01:36','2015-02-26 06:01:38',1,2.62,30.00,0.00,'address1','addr2','col','OK','112233','US','5-6 Business Days','sOy7RdehhabLr6KsYHp85tkhPGebaFrg4xXYzmCC',0),(392,9,32.62,'2015-02-26 06:01:36','2015-02-26 06:01:38',1,2.62,30.00,0.00,'address1','addr2','col','OK','112233','US','5-6 Business Days','sOy7RdehhabLr6KsYHp85tkhPGebaFrg4xXYzmCC',0),(393,9,32.62,'2015-02-26 06:01:36','2015-02-26 06:01:38',1,2.62,30.00,0.00,'address1','addr2','col','OK','112233','US','5-6 Business Days','sOy7RdehhabLr6KsYHp85tkhPGebaFrg4xXYzmCC',0),(394,9,32.62,'2015-02-26 06:01:36','2015-02-26 06:01:38',1,2.62,30.00,0.00,'address1','addr2','col','OK','112233','US','5-6 Business Days','sOy7RdehhabLr6KsYHp85tkhPGebaFrg4xXYzmCC',0),(395,9,32.62,'2015-02-26 06:01:36','2015-02-26 06:01:38',1,2.62,30.00,0.00,'address1','addr2','col','OK','112233','US','5-6 Business Days','sOy7RdehhabLr6KsYHp85tkhPGebaFrg4xXYzmCC',0),(396,9,32.62,'2015-02-26 06:01:49','2015-02-26 06:01:49',0,2.62,30.00,0.00,'address1','addr2','col','OK','112233','US','5-6 Business Days','iT4pZFP7tGoqQ4mOFxxinabzNsdvDIr2r4oZcF6n',0),(397,9,32.62,'2015-02-26 06:01:49','2015-02-26 06:01:49',0,2.62,30.00,0.00,'address1','addr2','col','OK','112233','US','5-6 Business Days','iT4pZFP7tGoqQ4mOFxxinabzNsdvDIr2r4oZcF6n',0),(398,9,32.62,'2015-02-26 06:01:49','2015-02-26 06:01:49',0,2.62,30.00,0.00,'address1','addr2','col','OK','112233','US','5-6 Business Days','iT4pZFP7tGoqQ4mOFxxinabzNsdvDIr2r4oZcF6n',0),(399,9,32.62,'2015-02-26 06:01:49','2015-02-26 06:01:49',0,2.62,30.00,0.00,'address1','addr2','col','OK','112233','US','5-6 Business Days','iT4pZFP7tGoqQ4mOFxxinabzNsdvDIr2r4oZcF6n',0),(400,9,32.62,'2015-02-26 06:01:49','2015-02-26 06:01:49',0,2.62,30.00,0.00,'address1','addr2','col','OK','112233','US','5-6 Business Days','iT4pZFP7tGoqQ4mOFxxinabzNsdvDIr2r4oZcF6n',0),(401,9,32.62,'2015-02-26 06:01:49','2015-02-26 06:01:49',0,2.62,30.00,0.00,'address1','addr2','col','OK','112233','US','5-6 Business Days','iT4pZFP7tGoqQ4mOFxxinabzNsdvDIr2r4oZcF6n',0),(402,9,32.62,'2015-02-26 06:01:49','2015-02-26 06:01:49',0,2.62,30.00,0.00,'address1','addr2','col','OK','112233','US','5-6 Business Days','iT4pZFP7tGoqQ4mOFxxinabzNsdvDIr2r4oZcF6n',0),(403,9,32.62,'2015-02-26 06:01:57','2015-02-26 06:01:59',1,2.62,30.00,0.00,'address1','addr2','col','OK','112233','US','5-6 Business Days','KOdcx6zfjbGwhnyNqzMwKDys0i4dmeD0d7rEUpiu',0),(404,9,32.62,'2015-02-26 06:01:57','2015-02-26 06:01:59',1,2.62,30.00,0.00,'address1','addr2','col','OK','112233','US','5-6 Business Days','KOdcx6zfjbGwhnyNqzMwKDys0i4dmeD0d7rEUpiu',0),(405,9,32.62,'2015-02-26 06:01:57','2015-02-26 06:01:59',1,2.62,30.00,0.00,'address1','addr2','col','OK','112233','US','5-6 Business Days','KOdcx6zfjbGwhnyNqzMwKDys0i4dmeD0d7rEUpiu',0),(406,9,32.62,'2015-02-26 06:01:57','2015-02-26 06:01:59',1,2.62,30.00,0.00,'address1','addr2','col','OK','112233','US','5-6 Business Days','KOdcx6zfjbGwhnyNqzMwKDys0i4dmeD0d7rEUpiu',0),(407,9,32.62,'2015-02-26 06:01:57','2015-02-26 06:01:59',1,2.62,30.00,0.00,'address1','addr2','col','OK','112233','US','5-6 Business Days','KOdcx6zfjbGwhnyNqzMwKDys0i4dmeD0d7rEUpiu',0),(408,9,32.62,'2015-02-26 06:01:57','2015-02-26 06:01:59',1,2.62,30.00,0.00,'address1','addr2','col','OK','112233','US','5-6 Business Days','KOdcx6zfjbGwhnyNqzMwKDys0i4dmeD0d7rEUpiu',0),(409,9,32.62,'2015-02-26 06:01:57','2015-02-26 06:01:59',1,2.62,30.00,0.00,'address1','addr2','col','OK','112233','US','5-6 Business Days','KOdcx6zfjbGwhnyNqzMwKDys0i4dmeD0d7rEUpiu',0),(410,9,32.62,'2015-02-26 06:02:09','2015-02-26 06:02:09',0,2.62,30.00,0.00,'address1','addr2','col','OK','112233','US','5-6 Business Days','ts5n9UlbsmKZrhqBTLLuYyYTZuNk8lQDto9NaXQz',0),(411,9,32.62,'2015-02-26 06:02:09','2015-02-26 06:02:09',0,2.62,30.00,0.00,'address1','addr2','col','OK','112233','US','5-6 Business Days','ts5n9UlbsmKZrhqBTLLuYyYTZuNk8lQDto9NaXQz',0),(412,9,32.62,'2015-02-26 06:02:09','2015-02-26 06:02:09',0,2.62,30.00,0.00,'address1','addr2','col','OK','112233','US','5-6 Business Days','ts5n9UlbsmKZrhqBTLLuYyYTZuNk8lQDto9NaXQz',0),(413,9,32.62,'2015-02-26 06:02:09','2015-02-26 06:02:09',0,2.62,30.00,0.00,'address1','addr2','col','OK','112233','US','5-6 Business Days','ts5n9UlbsmKZrhqBTLLuYyYTZuNk8lQDto9NaXQz',0),(414,9,32.62,'2015-02-26 06:02:09','2015-02-26 06:02:09',0,2.62,30.00,0.00,'address1','addr2','col','OK','112233','US','5-6 Business Days','ts5n9UlbsmKZrhqBTLLuYyYTZuNk8lQDto9NaXQz',0),(415,9,32.62,'2015-02-26 06:02:09','2015-02-26 06:02:09',0,2.62,30.00,0.00,'address1','addr2','col','OK','112233','US','5-6 Business Days','ts5n9UlbsmKZrhqBTLLuYyYTZuNk8lQDto9NaXQz',0),(416,9,32.62,'2015-02-26 06:02:09','2015-02-26 06:02:09',0,2.62,30.00,0.00,'address1','addr2','col','OK','112233','US','5-6 Business Days','ts5n9UlbsmKZrhqBTLLuYyYTZuNk8lQDto9NaXQz',0),(417,9,32.62,'2015-02-26 06:02:09','2015-02-26 06:02:09',0,2.62,30.00,0.00,'address1','addr2','col','OK','112233','US','5-6 Business Days','ts5n9UlbsmKZrhqBTLLuYyYTZuNk8lQDto9NaXQz',0),(418,9,32.62,'2015-02-26 06:02:09','2015-02-26 06:02:09',0,2.62,30.00,0.00,'address1','addr2','col','OK','112233','US','5-6 Business Days','ts5n9UlbsmKZrhqBTLLuYyYTZuNk8lQDto9NaXQz',0),(419,9,32.62,'2015-02-26 06:02:30','2015-02-26 06:02:30',0,2.62,30.00,0.00,'address1','addr2','col','OK','112233','US','5-6 Business Days','5alCg6PKiEnO9sCoAtHOyz8ZqMiQ02wFQxCDASPp',0),(420,9,32.62,'2015-02-26 06:02:30','2015-02-26 06:02:30',0,2.62,30.00,0.00,'address1','addr2','col','OK','112233','US','5-6 Business Days','5alCg6PKiEnO9sCoAtHOyz8ZqMiQ02wFQxCDASPp',0),(421,9,32.62,'2015-02-26 06:02:30','2015-02-26 06:02:30',0,2.62,30.00,0.00,'address1','addr2','col','OK','112233','US','5-6 Business Days','5alCg6PKiEnO9sCoAtHOyz8ZqMiQ02wFQxCDASPp',0),(422,9,32.62,'2015-02-26 06:02:30','2015-02-26 06:02:30',0,2.62,30.00,0.00,'address1','addr2','col','OK','112233','US','5-6 Business Days','5alCg6PKiEnO9sCoAtHOyz8ZqMiQ02wFQxCDASPp',0),(423,9,32.62,'2015-02-26 06:02:30','2015-02-26 06:02:30',0,2.62,30.00,0.00,'address1','addr2','col','OK','112233','US','5-6 Business Days','5alCg6PKiEnO9sCoAtHOyz8ZqMiQ02wFQxCDASPp',0),(424,9,32.62,'2015-02-26 06:02:30','2015-02-26 06:02:30',0,2.62,30.00,0.00,'address1','addr2','col','OK','112233','US','5-6 Business Days','5alCg6PKiEnO9sCoAtHOyz8ZqMiQ02wFQxCDASPp',0),(425,9,32.62,'2015-02-26 06:02:30','2015-02-26 06:02:30',0,2.62,30.00,0.00,'address1','addr2','col','OK','112233','US','5-6 Business Days','5alCg6PKiEnO9sCoAtHOyz8ZqMiQ02wFQxCDASPp',0),(426,9,32.62,'2015-02-26 06:02:30','2015-02-26 06:02:30',0,2.62,30.00,0.00,'address1','addr2','col','OK','112233','US','5-6 Business Days','5alCg6PKiEnO9sCoAtHOyz8ZqMiQ02wFQxCDASPp',0),(427,9,32.62,'2015-02-26 06:02:30','2015-02-26 06:02:30',0,2.62,30.00,0.00,'address1','addr2','col','OK','112233','US','5-6 Business Days','5alCg6PKiEnO9sCoAtHOyz8ZqMiQ02wFQxCDASPp',0),(428,9,32.62,'2015-02-26 06:02:38','2015-02-26 06:02:38',0,2.62,30.00,0.00,'address1','addr2','col','OK','112233','US','5-6 Business Days','QN8AIdZ86eN07KkP8CeuCwtktJ4Do49PR6ie6J5N',0),(429,9,32.62,'2015-02-26 06:02:38','2015-02-26 06:02:38',0,2.62,30.00,0.00,'address1','addr2','col','OK','112233','US','5-6 Business Days','QN8AIdZ86eN07KkP8CeuCwtktJ4Do49PR6ie6J5N',0),(430,9,32.62,'2015-02-26 06:02:38','2015-02-26 06:02:38',0,2.62,30.00,0.00,'address1','addr2','col','OK','112233','US','5-6 Business Days','QN8AIdZ86eN07KkP8CeuCwtktJ4Do49PR6ie6J5N',0),(431,9,32.62,'2015-02-26 06:02:38','2015-02-26 06:02:38',0,2.62,30.00,0.00,'address1','addr2','col','OK','112233','US','5-6 Business Days','QN8AIdZ86eN07KkP8CeuCwtktJ4Do49PR6ie6J5N',0),(432,9,32.62,'2015-02-26 06:02:38','2015-02-26 06:02:38',0,2.62,30.00,0.00,'address1','addr2','col','OK','112233','US','5-6 Business Days','QN8AIdZ86eN07KkP8CeuCwtktJ4Do49PR6ie6J5N',0),(433,9,32.62,'2015-02-26 06:02:38','2015-02-26 06:02:38',0,2.62,30.00,0.00,'address1','addr2','col','OK','112233','US','5-6 Business Days','QN8AIdZ86eN07KkP8CeuCwtktJ4Do49PR6ie6J5N',0),(434,9,32.62,'2015-02-26 06:02:38','2015-02-26 06:02:38',0,2.62,30.00,0.00,'address1','addr2','col','OK','112233','US','5-6 Business Days','QN8AIdZ86eN07KkP8CeuCwtktJ4Do49PR6ie6J5N',0),(435,9,32.62,'2015-02-26 06:02:38','2015-02-26 06:02:38',0,2.62,30.00,0.00,'address1','addr2','col','OK','112233','US','5-6 Business Days','QN8AIdZ86eN07KkP8CeuCwtktJ4Do49PR6ie6J5N',0),(436,9,32.62,'2015-02-26 06:02:38','2015-02-26 06:02:38',0,2.62,30.00,0.00,'address1','addr2','col','OK','112233','US','5-6 Business Days','QN8AIdZ86eN07KkP8CeuCwtktJ4Do49PR6ie6J5N',0),(437,9,32.62,'2015-02-26 06:03:18','2015-02-26 06:03:18',0,2.62,30.00,0.00,'address1','addr2','col','OK','112233','US','5-6 Business Days','j79xgX661O1dxFC9hkyDtOpEpk8mo5kwjPJqhGy3',0),(438,9,32.62,'2015-02-26 06:03:18','2015-02-26 06:03:18',0,2.62,30.00,0.00,'address1','addr2','col','OK','112233','US','5-6 Business Days','j79xgX661O1dxFC9hkyDtOpEpk8mo5kwjPJqhGy3',0),(439,9,32.62,'2015-02-26 06:03:18','2015-02-26 06:03:18',0,2.62,30.00,0.00,'address1','addr2','col','OK','112233','US','5-6 Business Days','j79xgX661O1dxFC9hkyDtOpEpk8mo5kwjPJqhGy3',0),(440,9,32.62,'2015-02-26 06:03:27','2015-02-26 06:03:27',0,2.62,30.00,0.00,'address1','addr2','col','OK','112233','US','5-6 Business Days','hXeNYA6MwIqjeZTdAIC2Ky0HZRmtPRnSUWsmaKvZ',0),(441,9,32.62,'2015-02-26 06:03:27','2015-02-26 06:03:27',0,2.62,30.00,0.00,'address1','addr2','col','OK','112233','US','5-6 Business Days','hXeNYA6MwIqjeZTdAIC2Ky0HZRmtPRnSUWsmaKvZ',0),(442,9,32.62,'2015-02-26 06:03:27','2015-02-26 06:03:27',0,2.62,30.00,0.00,'address1','addr2','col','OK','112233','US','5-6 Business Days','hXeNYA6MwIqjeZTdAIC2Ky0HZRmtPRnSUWsmaKvZ',0),(443,9,32.62,'2015-02-26 06:06:46','2015-02-26 06:06:46',0,2.62,30.00,0.00,'address1','addr2','col','OK','112233','US','5-6 Business Days','hxgYkULIwiQhtIvdrjDhBOHdlsJEdPn5jVEf23B0',0),(444,9,32.62,'2015-02-26 06:06:46','2015-02-26 06:06:46',0,2.62,30.00,0.00,'address1','addr2','col','OK','112233','US','5-6 Business Days','hxgYkULIwiQhtIvdrjDhBOHdlsJEdPn5jVEf23B0',0),(445,9,32.62,'2015-02-26 06:06:46','2015-02-26 06:06:46',0,2.62,30.00,0.00,'address1','addr2','col','OK','112233','US','5-6 Business Days','hxgYkULIwiQhtIvdrjDhBOHdlsJEdPn5jVEf23B0',0),(446,9,32.62,'2015-02-26 06:06:46','2015-02-26 06:06:46',0,2.62,30.00,0.00,'address1','addr2','col','OK','112233','US','5-6 Business Days','hxgYkULIwiQhtIvdrjDhBOHdlsJEdPn5jVEf23B0',0),(447,9,32.62,'2015-02-26 06:07:12','2015-02-26 06:07:12',0,2.62,30.00,0.00,'address1','addr2','col','OK','112233','US','5-6 Business Days','y0XvY7Vk38DwoAoZsm9EQoPpgyRwOsjQwdx3XS2h',0),(448,9,32.62,'2015-02-26 06:07:12','2015-02-26 06:07:12',0,2.62,30.00,0.00,'address1','addr2','col','OK','112233','US','5-6 Business Days','y0XvY7Vk38DwoAoZsm9EQoPpgyRwOsjQwdx3XS2h',0),(449,9,32.62,'2015-02-26 06:07:12','2015-02-26 06:07:12',0,2.62,30.00,0.00,'address1','addr2','col','OK','112233','US','5-6 Business Days','y0XvY7Vk38DwoAoZsm9EQoPpgyRwOsjQwdx3XS2h',0),(450,9,32.62,'2015-02-26 06:07:12','2015-02-26 06:07:12',0,2.62,30.00,0.00,'address1','addr2','col','OK','112233','US','5-6 Business Days','y0XvY7Vk38DwoAoZsm9EQoPpgyRwOsjQwdx3XS2h',0),(451,9,32.62,'2015-02-26 06:07:12','2015-02-26 06:07:12',0,2.62,30.00,0.00,'address1','addr2','col','OK','112233','US','5-6 Business Days','y0XvY7Vk38DwoAoZsm9EQoPpgyRwOsjQwdx3XS2h',0),(452,9,32.62,'2015-02-26 06:07:12','2015-02-26 06:07:12',0,2.62,30.00,0.00,'address1','addr2','col','OK','112233','US','5-6 Business Days','y0XvY7Vk38DwoAoZsm9EQoPpgyRwOsjQwdx3XS2h',0),(453,9,32.62,'2015-02-26 06:07:12','2015-02-26 06:07:12',0,2.62,30.00,0.00,'address1','addr2','col','OK','112233','US','5-6 Business Days','y0XvY7Vk38DwoAoZsm9EQoPpgyRwOsjQwdx3XS2h',0),(454,9,69.00,'2015-02-26 06:51:35','2015-02-26 06:52:03',2,4.58,64.42,0.00,'add2','','colum','OH','1122','US','5-6 Business Days','wVupyGMpwspzsQbHNlnoSkf1LPoTVLPHE4QvXx2J',2),(455,9,69.00,'2015-02-26 06:51:35','2015-02-26 06:52:03',2,4.58,64.42,0.00,'add2','','colum','OH','1122','US','5-6 Business Days','wVupyGMpwspzsQbHNlnoSkf1LPoTVLPHE4QvXx2J',2),(456,9,69.00,'2015-02-26 06:51:35','2015-02-26 06:52:03',2,4.58,64.42,0.00,'add2','','colum','OH','1122','US','5-6 Business Days','wVupyGMpwspzsQbHNlnoSkf1LPoTVLPHE4QvXx2J',2),(457,9,69.00,'2015-02-26 06:51:35','2015-02-26 06:52:03',2,4.58,64.42,0.00,'add2','','colum','OH','1122','US','5-6 Business Days','wVupyGMpwspzsQbHNlnoSkf1LPoTVLPHE4QvXx2J',2),(458,10,184.46,'2015-02-26 07:12:00','2015-02-26 07:12:03',1,14.47,169.99,0.00,'Addr','','col','AL','1234','US','5-6 Business Days','CfRGoOPC36X9Ty6I2otBDDVILxHYwbvlK1EdbONZ',0),(459,10,184.46,'2015-02-26 07:12:00','2015-02-26 07:12:03',1,14.47,169.99,0.00,'Addr','','col','AL','1234','US','5-6 Business Days','CfRGoOPC36X9Ty6I2otBDDVILxHYwbvlK1EdbONZ',0),(460,10,184.46,'2015-02-26 07:12:01','2015-02-26 07:12:03',1,14.47,169.99,0.00,'Addr','','col','AL','1234','US','5-6 Business Days','CfRGoOPC36X9Ty6I2otBDDVILxHYwbvlK1EdbONZ',0),(461,10,184.46,'2015-02-26 07:12:01','2015-02-26 07:13:45',1,14.47,169.99,0.00,'Addr','','col','AL','1234','US','5-6 Business Days','DqS1m37JI3eUPGqvBq8bSHku4rvTr4HQe66Z5kAD',0),(462,10,184.46,'2015-02-26 07:14:03','2015-02-26 07:14:03',0,14.47,169.99,0.00,'Addr','','col','AL','1234','US','5-6 Business Days','7KcRC4QWUu7QOzxWqDqs3DWiVrBFM1j3sYnFAvDw',0),(463,10,184.46,'2015-02-26 07:14:03','2015-02-26 07:14:03',0,14.47,169.99,0.00,'Addr','','col','AL','1234','US','5-6 Business Days','7KcRC4QWUu7QOzxWqDqs3DWiVrBFM1j3sYnFAvDw',0),(464,10,184.46,'2015-02-26 07:14:03','2015-02-26 07:14:03',0,14.47,169.99,0.00,'Addr','','col','AL','1234','US','5-6 Business Days','7KcRC4QWUu7QOzxWqDqs3DWiVrBFM1j3sYnFAvDw',0),(465,10,184.46,'2015-02-26 07:14:03','2015-02-26 07:14:03',0,14.47,169.99,0.00,'Addr','','col','AL','1234','US','5-6 Business Days','7KcRC4QWUu7QOzxWqDqs3DWiVrBFM1j3sYnFAvDw',0),(466,10,184.46,'2015-02-26 07:14:03','2015-02-26 07:14:26',0,14.47,169.99,0.00,'Addr','','col','AL','1234','US','5-6 Business Days','BCqOfIES1Kc6vm0XQy7CdOb5Ew45S5l1O2fdXYGW',0),(467,10,16.28,'2015-02-26 07:16:54','2015-02-26 07:16:54',0,1.28,15.00,0.00,'Addr','','col','AL','1234','US','5-6 Business Days','6PWRD160r5u2yQ5oYFnY3U2KGrjIjjT6ENWT00cp',0),(468,10,16.28,'2015-02-26 07:16:54','2015-02-26 07:16:54',0,1.28,15.00,0.00,'Addr','','col','AL','1234','US','5-6 Business Days','6PWRD160r5u2yQ5oYFnY3U2KGrjIjjT6ENWT00cp',0),(469,10,16.28,'2015-02-26 07:16:54','2015-02-26 07:18:32',1,1.28,15.00,0.00,'Addr','','col','AL','1234','US','5-6 Business Days','unIChyGV8G4P0Umjo1ZxF8EmqGk6OJ9cGiBJobyl',0),(470,10,97.66,'2015-02-26 08:05:05','2015-02-26 08:05:05',0,7.66,90.00,0.00,'Addr','','col','AL','1234','US','5-6 Business Days','ZP9oMQpZ7kAvhaNhfjwsKsIQQrRVTwlcO13ngZRw',0),(471,10,97.66,'2015-02-26 08:05:05','2015-02-26 08:05:05',0,7.66,90.00,0.00,'Addr','','col','AL','1234','US','5-6 Business Days','ZP9oMQpZ7kAvhaNhfjwsKsIQQrRVTwlcO13ngZRw',0),(472,10,97.66,'2015-02-26 08:05:05','2015-02-26 08:05:05',0,7.66,90.00,0.00,'Addr','','col','AL','1234','US','5-6 Business Days','ZP9oMQpZ7kAvhaNhfjwsKsIQQrRVTwlcO13ngZRw',0),(473,10,130.21,'2015-02-26 08:05:05','2015-02-26 08:05:29',0,10.21,120.00,0.00,'Addr','','col','AL','1234','US','5-6 Business Days','SQLXRHiDQsD1OjhN1c7507enrUoilE390C5OOR3t',0),(474,9,16.31,'2015-02-27 04:31:43','2015-02-27 04:31:43',0,1.31,15.00,0.00,'address1','addr2','col','OK','112233','US','5-6 Business Days','E4vasp8gPm0wd7vktUHT4Ru7mYEtb2tylsZ6CTas',0),(475,9,16.31,'2015-02-27 04:31:43','2015-02-27 04:31:43',0,1.31,15.00,0.00,'address1','addr2','col','OK','112233','US','5-6 Business Days','E4vasp8gPm0wd7vktUHT4Ru7mYEtb2tylsZ6CTas',0),(476,9,16.31,'2015-02-27 04:31:43','2015-02-27 04:31:43',0,1.31,15.00,0.00,'address1','addr2','col','OK','112233','US','5-6 Business Days','E4vasp8gPm0wd7vktUHT4Ru7mYEtb2tylsZ6CTas',0),(477,9,16.31,'2015-02-27 04:31:43','2015-02-27 04:31:43',0,1.31,15.00,0.00,'address1','addr2','col','OK','112233','US','5-6 Business Days','E4vasp8gPm0wd7vktUHT4Ru7mYEtb2tylsZ6CTas',0),(478,9,16.31,'2015-02-27 04:31:43','2015-02-27 04:31:43',0,1.31,15.00,0.00,'address1','addr2','col','OK','112233','US','5-6 Business Days','E4vasp8gPm0wd7vktUHT4Ru7mYEtb2tylsZ6CTas',0),(479,9,10.87,'2015-02-27 04:32:47','2015-02-27 04:32:47',0,0.87,10.00,0.00,'address1','addr2','col','OK','112233','US','5-6 Business Days','jjkzr2QHOLrlBIgbEMWaj8KnsqRYcDfqrAAsA3pC',0),(480,9,10.87,'2015-02-27 04:32:47','2015-02-27 04:32:47',0,0.87,10.00,0.00,'address1','addr2','col','OK','112233','US','5-6 Business Days','jjkzr2QHOLrlBIgbEMWaj8KnsqRYcDfqrAAsA3pC',0),(481,9,10.87,'2015-02-27 04:32:47','2015-02-27 04:32:47',0,0.87,10.00,0.00,'address1','addr2','col','OK','112233','US','5-6 Business Days','jjkzr2QHOLrlBIgbEMWaj8KnsqRYcDfqrAAsA3pC',0),(482,9,10.87,'2015-02-27 04:32:47','2015-02-27 04:33:28',2,0.87,10.00,0.00,'address1','addr2','col','OK','112233','US','5-6 Business Days','pjtkE4uag9mrUHPU6cjVsg4AzarnqOjsWvkrOLQP',2),(483,9,16.31,'2015-02-27 04:33:55','2015-02-27 04:33:55',0,1.31,15.00,0.00,'address1','addr2','col','OK','112233','US','5-6 Business Days','9Bk78RE93zoxiu1luCaANIvcJE8Y7zA7XL7EmRF8',0),(484,9,16.31,'2015-02-27 04:33:56','2015-02-27 04:33:56',0,1.31,15.00,0.00,'address1','addr2','col','OK','112233','US','5-6 Business Days','9Bk78RE93zoxiu1luCaANIvcJE8Y7zA7XL7EmRF8',0),(485,9,16.31,'2015-02-27 04:33:56','2015-02-27 04:33:56',0,1.31,15.00,0.00,'address1','addr2','col','OK','112233','US','5-6 Business Days','9Bk78RE93zoxiu1luCaANIvcJE8Y7zA7XL7EmRF8',0),(486,9,16.31,'2015-02-27 04:33:56','2015-02-27 04:34:03',0,1.31,15.00,0.00,'address1','addr2','col','OK','112233','US','5-6 Business Days','ArSqAB1gHAzsChMfJpCbjrHWp3D8kIHVMzdLiy7M',0),(487,9,16.31,'2015-02-27 04:34:18','2015-02-27 04:34:18',0,1.31,15.00,0.00,'address1','addr2','col','OK','112233','US','5-6 Business Days','56dmdCwbTp6QhzdPeI4zAi9j7O5Mn9xFqDG2AHqy',0),(488,9,16.31,'2015-02-27 04:34:18','2015-02-27 04:34:18',0,1.31,15.00,0.00,'address1','addr2','col','OK','112233','US','5-6 Business Days','56dmdCwbTp6QhzdPeI4zAi9j7O5Mn9xFqDG2AHqy',0),(489,9,16.31,'2015-02-27 04:34:18','2015-02-27 04:34:18',0,1.31,15.00,0.00,'address1','addr2','col','OK','112233','US','5-6 Business Days','56dmdCwbTp6QhzdPeI4zAi9j7O5Mn9xFqDG2AHqy',0),(490,9,32.61,'2015-02-27 04:34:18','2015-02-27 04:35:01',0,2.62,29.99,0.00,'address1','addr2','col','OK','112233','US','5-6 Business Days','31r4CLo4S5DPc8m7vMzH5PAY62xUMIjtclFBxrvY',0),(491,9,13.91,'2015-02-27 06:32:06','2015-02-27 06:32:06',0,0.92,12.99,0.00,'add2','cjcjv','colum','OH','1122','US','5-6 Business Days','bWgQf0g6euhWCbnARmT71M5kluRop4JJrJEs8GML',0),(492,9,13.91,'2015-02-27 06:32:06','2015-02-27 06:32:06',0,0.92,12.99,0.00,'add2','cjcjv','colum','OH','1122','US','5-6 Business Days','bWgQf0g6euhWCbnARmT71M5kluRop4JJrJEs8GML',0),(493,9,13.91,'2015-02-27 06:32:06','2015-02-27 06:32:06',0,0.92,12.99,0.00,'add2','cjcjv','colum','OH','1122','US','5-6 Business Days','bWgQf0g6euhWCbnARmT71M5kluRop4JJrJEs8GML',0),(494,9,26.78,'2015-02-27 06:32:06','2015-02-27 06:34:57',0,1.78,25.00,0.00,'add2','cjcjv','colum','OH','1122','US','5-6 Business Days','qrrTUelNlAsYb6DGc0hjjjK6gWs7I9t3cKSlaKZd',0),(495,10,16.28,'2015-02-27 08:24:59','2015-02-27 08:25:01',1,1.28,15.00,0.00,'Addr','','col','AL','1234','US','5-6 Business Days','hbiTBMhAqz5CbElglhkeuIHeyXKvehyLgdzE9Jhu',0),(496,10,16.28,'2015-02-27 08:24:59','2015-02-27 08:25:01',1,1.28,15.00,0.00,'Addr','','col','AL','1234','US','5-6 Business Days','hbiTBMhAqz5CbElglhkeuIHeyXKvehyLgdzE9Jhu',0),(497,10,16.28,'2015-02-27 08:24:59','2015-02-27 08:25:01',1,1.28,15.00,0.00,'Addr','','col','AL','1234','US','5-6 Business Days','hbiTBMhAqz5CbElglhkeuIHeyXKvehyLgdzE9Jhu',0),(498,10,97.66,'2015-02-27 08:24:59','2015-02-27 08:25:23',1,7.66,90.00,0.00,'Addr','','col','AL','1234','US','5-6 Business Days','wPHh19OoNlW7dC9Hg3aJIkMi2UehBJSLLU82D7da',0),(499,10,10.85,'2015-02-27 08:45:02','2015-02-27 08:45:25',1,0.85,10.00,0.00,'Addr','','col','AL','1234','US','null','MdnFDxyfpOdu5H7GJLF09sX75D00ZZaT71Hy0jJ7',0),(500,10,10.85,'2015-02-27 08:45:02','2015-02-27 08:45:25',1,0.85,10.00,0.00,'Addr','','col','AL','1234','US','null','MdnFDxyfpOdu5H7GJLF09sX75D00ZZaT71Hy0jJ7',0),(501,10,10.85,'2015-02-27 08:45:02','2015-02-27 08:45:40',0,0.85,10.00,0.00,'Addr','','col','AL','1234','US','null','oniA4EUMvEGfR7HL3AmPL3AALXo9T1lrkj1lHY1l',0),(502,9,8.70,'2015-03-10 00:45:47','2015-03-10 00:45:47',0,0.70,8.00,0.00,'address1','addr2','col','OK','112233','US','5-6 Business Days','VItFTFYGsZOah0dEuRceJTqOqzy3TvLGTl1Hio3Z',0),(503,9,521.73,'2015-03-11 09:10:33','2015-03-11 09:10:33',0,41.85,479.88,0.00,'address1','addr2','col','OK','112233','US','5-6 Business Days','hYT63vh5ncmVT7RB6zsK1Pq2OYOMJxRyLrxiXDdb',0),(504,9,521.73,'2015-03-11 09:10:33','2015-03-11 09:10:33',0,41.85,479.88,0.00,'address1','addr2','col','OK','112233','US','5-6 Business Days','hYT63vh5ncmVT7RB6zsK1Pq2OYOMJxRyLrxiXDdb',0),(505,9,521.73,'2015-03-11 09:10:33','2015-03-11 09:10:33',0,41.85,479.88,0.00,'address1','addr2','col','OK','112233','US','5-6 Business Days','hYT63vh5ncmVT7RB6zsK1Pq2OYOMJxRyLrxiXDdb',0),(506,9,521.73,'2015-03-11 09:10:33','2015-03-11 09:11:36',1,41.85,479.88,0.00,'address1','addr2','col','OK','112233','US','5-6 Business Days','gCciyT7z4D6T8yx4xatw4gXBAh1qmQ9KnqwCh7Y3',0),(507,10,553.29,'2015-03-11 09:26:06','2015-03-11 09:26:06',0,43.39,509.90,0.00,'Addr','','col','AL','1234','US','5-6 Business Days','MqtRLG0eN6IcyYhZdHumTgXjJCN0yUtl7DdNmqPk',0),(508,10,553.29,'2015-03-11 09:26:06','2015-03-11 09:26:06',0,43.39,509.90,0.00,'Addr','','col','AL','1234','US','5-6 Business Days','MqtRLG0eN6IcyYhZdHumTgXjJCN0yUtl7DdNmqPk',0),(509,10,553.29,'2015-03-11 09:26:06','2015-03-11 09:26:06',0,43.39,509.90,0.00,'Addr','','col','AL','1234','US','5-6 Business Days','MqtRLG0eN6IcyYhZdHumTgXjJCN0yUtl7DdNmqPk',0),(510,10,663.95,'2015-03-11 09:26:06','2015-03-11 09:26:44',1,52.07,611.88,0.00,'Addr','','col','AL','1234','US','5-6 Business Days','RDlmbto7iwGSpwqC0bVF7tdXdEDbYglePasf3aeX',0),(511,9,13.05,'2015-03-13 03:39:07','2015-03-13 03:39:07',0,1.05,12.00,0.00,'address1','addr2','col','OK','112233','US','5-6 Business Days','0ziR5bNlo19l8hlipWk0DMTS83DCjqCrb73FY78a',0),(512,9,13.05,'2015-03-13 03:39:07','2015-03-13 03:39:07',0,1.05,12.00,0.00,'address1','addr2','col','OK','112233','US','5-6 Business Days','0ziR5bNlo19l8hlipWk0DMTS83DCjqCrb73FY78a',0),(513,9,13.05,'2015-03-13 03:39:07','2015-03-13 03:39:07',0,1.05,12.00,0.00,'address1','addr2','col','OK','112233','US','5-6 Business Days','0ziR5bNlo19l8hlipWk0DMTS83DCjqCrb73FY78a',0),(514,9,13.05,'2015-03-13 03:39:07','2015-03-13 03:39:07',0,1.05,12.00,0.00,'address1','addr2','col','OK','112233','US','5-6 Business Days','0ziR5bNlo19l8hlipWk0DMTS83DCjqCrb73FY78a',0),(515,10,76.99,'2015-03-13 08:35:48','2015-03-13 08:35:48',0,5.11,71.88,0.00,'Addr','gdh','col','OH','30521','US','5-6 Business Days','GJCxNc5OzgWEW9QkiTLZQ4NmbPAt49nZaUk4nHtM',0),(516,10,76.99,'2015-03-13 08:35:48','2015-03-13 08:35:48',0,5.11,71.88,0.00,'Addr','gdh','col','OH','30521','US','5-6 Business Days','GJCxNc5OzgWEW9QkiTLZQ4NmbPAt49nZaUk4nHtM',0),(517,10,76.99,'2015-03-13 08:35:48','2015-03-13 08:35:48',0,5.11,71.88,0.00,'Addr','gdh','col','OH','30521','US','5-6 Business Days','GJCxNc5OzgWEW9QkiTLZQ4NmbPAt49nZaUk4nHtM',0),(518,10,76.99,'2015-03-13 08:35:48','2015-03-13 08:35:48',0,5.11,71.88,0.00,'Addr','gdh','col','OH','30521','US','5-6 Business Days','GJCxNc5OzgWEW9QkiTLZQ4NmbPAt49nZaUk4nHtM',0),(519,10,76.99,'2015-03-13 08:35:48','2015-03-13 08:35:48',0,5.11,71.88,0.00,'Addr','gdh','col','OH','30521','US','5-6 Business Days','GJCxNc5OzgWEW9QkiTLZQ4NmbPAt49nZaUk4nHtM',0),(520,10,76.99,'2015-03-13 08:35:48','2015-03-13 08:35:48',0,5.11,71.88,0.00,'Addr','gdh','col','OH','30521','US','5-6 Business Days','GJCxNc5OzgWEW9QkiTLZQ4NmbPAt49nZaUk4nHtM',0),(521,10,76.99,'2015-03-13 08:35:48','2015-03-13 08:35:48',0,5.11,71.88,0.00,'Addr','gdh','col','OH','30521','US','5-6 Business Days','GJCxNc5OzgWEW9QkiTLZQ4NmbPAt49nZaUk4nHtM',0),(522,10,76.99,'2015-03-13 08:35:48','2015-03-13 08:35:48',0,5.11,71.88,0.00,'Addr','gdh','col','OH','30521','US','5-6 Business Days','GJCxNc5OzgWEW9QkiTLZQ4NmbPAt49nZaUk4nHtM',0),(523,10,76.99,'2015-03-13 08:35:48','2015-03-13 08:35:48',0,5.11,71.88,0.00,'Addr','gdh','col','OH','30521','US','5-6 Business Days','GJCxNc5OzgWEW9QkiTLZQ4NmbPAt49nZaUk4nHtM',0),(524,10,76.99,'2015-03-13 08:35:48','2015-03-13 08:35:48',0,5.11,71.88,0.00,'Addr','gdh','col','OH','30521','US','5-6 Business Days','GJCxNc5OzgWEW9QkiTLZQ4NmbPAt49nZaUk4nHtM',0),(525,10,76.99,'2015-03-13 08:35:48','2015-03-13 08:35:48',0,5.11,71.88,0.00,'Addr','gdh','col','OH','30521','US','5-6 Business Days','GJCxNc5OzgWEW9QkiTLZQ4NmbPAt49nZaUk4nHtM',0),(526,10,78.00,'2015-03-13 08:36:08','2015-03-13 08:36:08',0,6.12,71.88,0.00,'Addr','','col','AL','1234','US','5-6 Business Days','1aul01i5bRgFACbqe4oSfqBha8TJrSHxcriRMp0p',0),(527,10,78.00,'2015-03-13 08:36:08','2015-03-13 08:36:08',0,6.12,71.88,0.00,'Addr','','col','AL','1234','US','5-6 Business Days','1aul01i5bRgFACbqe4oSfqBha8TJrSHxcriRMp0p',0),(528,10,78.00,'2015-03-13 08:36:08','2015-03-13 08:36:08',0,6.12,71.88,0.00,'Addr','','col','AL','1234','US','5-6 Business Days','1aul01i5bRgFACbqe4oSfqBha8TJrSHxcriRMp0p',0),(529,10,857.97,'2015-03-13 08:36:08','2015-03-13 08:36:55',0,67.29,790.68,0.00,'Addr','','col','AL','1234','US','5-6 Business Days','BfmcZenh1fDTnjORSc3flJiYbS7FMXx8pfT5nJj6',0),(530,10,857.97,'2015-03-13 08:37:08','2015-03-13 08:37:08',0,67.29,790.68,0.00,'Addr','','col','AL','1234','US','5-6 Business Days','1TMFCi3DgYxG4ODCcBL5RsAsId9fMzGwwvE0Z8r4',0),(531,10,857.97,'2015-03-13 08:37:08','2015-03-13 08:37:08',0,67.29,790.68,0.00,'Addr','','col','AL','1234','US','5-6 Business Days','1TMFCi3DgYxG4ODCcBL5RsAsId9fMzGwwvE0Z8r4',0),(532,10,857.97,'2015-03-13 08:37:08','2015-03-13 08:37:08',0,67.29,790.68,0.00,'Addr','','col','AL','1234','US','5-6 Business Days','1TMFCi3DgYxG4ODCcBL5RsAsId9fMzGwwvE0Z8r4',0),(533,10,16.28,'2015-03-13 08:39:26','2015-03-13 08:39:26',0,1.28,15.00,0.00,'Addr','','col','AL','1234','US','5-6 Business Days','oca4f0qZYg0QkA80d2MnraZLNhf8meAlAF2s0czw',0),(534,10,16.28,'2015-03-13 08:39:26','2015-03-13 08:39:26',0,1.28,15.00,0.00,'Addr','','col','AL','1234','US','5-6 Business Days','oca4f0qZYg0QkA80d2MnraZLNhf8meAlAF2s0czw',0),(535,10,16.28,'2015-03-13 08:39:26','2015-03-13 08:39:26',0,1.28,15.00,0.00,'Addr','','col','AL','1234','US','5-6 Business Days','oca4f0qZYg0QkA80d2MnraZLNhf8meAlAF2s0czw',0),(536,10,16.28,'2015-03-13 08:39:26','2015-03-13 08:53:54',1,1.28,15.00,0.00,'Addr','','col','AL','1234','US','5-6 Business Days','6b1Oh4CIfjs5OybZdMuK3gqNBHtZTzmvDWDbKT5t',0),(537,10,13.00,'2015-03-18 08:21:28','2015-03-18 08:21:28',0,1.02,11.98,0.00,'Addr','','col','AL','1234','US','5-6 Business Days','fxSfB2HnmRR8ggsWX2vu9SmY6xkVCLi95zdsda6Z',0),(538,10,13.00,'2015-03-18 08:21:28','2015-03-18 08:21:48',1,1.02,11.98,0.00,'Addr','','col','AL','1234','US','5-6 Business Days','wCwNPKXD2sxLQI3nGWfx85vlOPSawFsx30Uyb885',0),(539,9,16.07,'2015-03-27 07:05:27','2015-03-27 07:05:27',0,1.07,15.00,0.00,'add2','cjcjv','colum','OH','1122','US','5-6 Business Days','XnfaiAtaYMIqvOhwvgglyDbBHg59q4LqSGXNz5yX',0),(540,9,16.07,'2015-03-27 07:05:27','2015-03-27 07:05:27',0,1.07,5.00,0.00,'add2','cjcjv','colum','OH','1122','US','5-6 Business Days','XnfaiAtaYMIqvOhwvgglyDbBHg59q4LqSGXNz5yX',0),(541,9,16.07,'2015-03-27 07:05:27','2015-03-27 07:05:27',0,1.07,5.00,0.00,'add2','cjcjv','colum','OH','1122','US','5-6 Business Days','XnfaiAtaYMIqvOhwvgglyDbBHg59q4LqSGXNz5yX',0),(542,9,16.07,'2015-03-27 07:05:27','2015-03-27 07:05:27',0,1.07,5.00,0.00,'add2','cjcjv','colum','OH','1122','US','5-6 Business Days','XnfaiAtaYMIqvOhwvgglyDbBHg59q4LqSGXNz5yX',0),(543,9,16.31,'2015-03-27 07:07:38','2015-03-27 07:07:38',0,1.31,15.00,0.00,'address1','addr2','col','OK','112233','US','5-6 Business Days','i9TtBTUHmMjK47iWCZjAVCa9pPMor24dozmEhw5f',0),(544,9,16.31,'2015-03-27 07:07:38','2015-03-27 07:07:38',0,1.31,15.00,0.00,'address1','addr2','col','OK','112233','US','5-6 Business Days','i9TtBTUHmMjK47iWCZjAVCa9pPMor24dozmEhw5f',0),(545,9,16.31,'2015-03-27 07:07:38','2015-03-27 07:07:38',0,1.31,15.00,0.00,'address1','addr2','col','OK','112233','US','5-6 Business Days','i9TtBTUHmMjK47iWCZjAVCa9pPMor24dozmEhw5f',0),(546,9,16.31,'2015-03-27 07:07:38','2015-03-27 07:07:38',0,1.31,15.00,0.00,'address1','addr2','col','OK','112233','US','5-6 Business Days','i9TtBTUHmMjK47iWCZjAVCa9pPMor24dozmEhw5f',0),(547,9,16.31,'2015-03-27 07:07:38','2015-03-27 07:07:38',0,1.31,15.00,0.00,'address1','addr2','col','OK','112233','US','5-6 Business Days','i9TtBTUHmMjK47iWCZjAVCa9pPMor24dozmEhw5f',0),(548,9,16.31,'2015-03-27 07:07:38','2015-03-27 07:07:38',0,1.31,15.00,0.00,'address1','addr2','col','OK','112233','US','5-6 Business Days','i9TtBTUHmMjK47iWCZjAVCa9pPMor24dozmEhw5f',0),(549,9,16.31,'2015-03-27 07:07:38','2015-03-27 07:07:38',0,1.31,5.00,0.00,'address1','addr2','col','OK','112233','US','5-6 Business Days','i9TtBTUHmMjK47iWCZjAVCa9pPMor24dozmEhw5f',0),(550,9,16.31,'2015-03-27 07:07:38','2015-03-27 07:07:38',0,1.31,5.00,0.00,'address1','addr2','col','OK','112233','US','5-6 Business Days','i9TtBTUHmMjK47iWCZjAVCa9pPMor24dozmEhw5f',0),(551,9,16.31,'2015-03-27 07:07:38','2015-03-27 07:07:38',0,1.31,5.00,0.00,'address1','addr2','col','OK','112233','US','5-6 Business Days','i9TtBTUHmMjK47iWCZjAVCa9pPMor24dozmEhw5f',0),(552,9,16.31,'2015-03-27 07:07:38','2015-03-27 07:07:38',0,1.31,5.00,0.00,'address1','addr2','col','OK','112233','US','5-6 Business Days','i9TtBTUHmMjK47iWCZjAVCa9pPMor24dozmEhw5f',0),(553,9,48.20,'2015-03-27 07:23:55','2015-03-27 07:23:55',0,3.20,45.00,0.00,'add2','cjcjv','colum','OH','1122','US','5-6 Business Days','IfL9w8gkReUGlHfYtQw31l3cKulUvOQKDUzIAniv',0),(554,9,48.20,'2015-03-27 07:23:55','2015-03-27 07:23:55',0,3.20,45.00,0.00,'add2','cjcjv','colum','OH','1122','US','5-6 Business Days','IfL9w8gkReUGlHfYtQw31l3cKulUvOQKDUzIAniv',0),(555,9,48.20,'2015-03-27 07:23:55','2015-03-27 07:23:55',0,3.20,45.00,0.00,'add2','cjcjv','colum','OH','1122','US','5-6 Business Days','IfL9w8gkReUGlHfYtQw31l3cKulUvOQKDUzIAniv',0),(556,9,48.20,'2015-03-27 07:23:55','2015-03-27 07:23:55',0,3.20,45.00,0.00,'add2','cjcjv','colum','OH','1122','US','5-6 Business Days','IfL9w8gkReUGlHfYtQw31l3cKulUvOQKDUzIAniv',0),(557,9,48.20,'2015-03-27 07:23:55','2015-03-27 07:23:55',0,3.20,45.00,0.00,'add2','cjcjv','colum','OH','1122','US','5-6 Business Days','IfL9w8gkReUGlHfYtQw31l3cKulUvOQKDUzIAniv',0),(558,9,48.20,'2015-03-27 07:23:55','2015-03-27 07:23:55',0,3.20,35.00,0.00,'add2','cjcjv','colum','OH','1122','US','5-6 Business Days','IfL9w8gkReUGlHfYtQw31l3cKulUvOQKDUzIAniv',0),(559,9,48.20,'2015-03-27 07:23:55','2015-03-27 07:23:55',0,3.20,35.00,0.00,'add2','cjcjv','colum','OH','1122','US','5-6 Business Days','IfL9w8gkReUGlHfYtQw31l3cKulUvOQKDUzIAniv',0),(560,9,48.20,'2015-03-27 07:23:55','2015-03-27 07:23:55',0,3.20,35.00,0.00,'add2','cjcjv','colum','OH','1122','US','5-6 Business Days','IfL9w8gkReUGlHfYtQw31l3cKulUvOQKDUzIAniv',0),(561,9,48.20,'2015-03-27 07:23:55','2015-03-27 07:23:55',0,3.20,35.00,0.00,'add2','cjcjv','colum','OH','1122','US','5-6 Business Days','IfL9w8gkReUGlHfYtQw31l3cKulUvOQKDUzIAniv',0),(562,9,48.20,'2015-03-27 07:23:55','2015-03-27 07:23:55',0,3.20,35.00,0.00,'add2','cjcjv','colum','OH','1122','US','5-6 Business Days','IfL9w8gkReUGlHfYtQw31l3cKulUvOQKDUzIAniv',0),(563,9,48.20,'2015-03-27 07:23:55','2015-03-27 07:23:55',0,3.20,35.00,0.00,'add2','cjcjv','colum','OH','1122','US','5-6 Business Days','IfL9w8gkReUGlHfYtQw31l3cKulUvOQKDUzIAniv',0),(564,9,16.31,'2015-03-27 07:58:15','2015-03-27 07:58:15',0,1.31,15.00,0.00,'address1','addr2','col','OK','112233','US','5-6 Business Days','sfv0C5rCPloc1ojGCwBxBGKynU335vYTbvpODK5C',0),(565,9,16.31,'2015-03-27 07:58:15','2015-03-27 07:58:15',0,1.31,15.00,0.00,'address1','addr2','col','OK','112233','US','5-6 Business Days','sfv0C5rCPloc1ojGCwBxBGKynU335vYTbvpODK5C',0),(566,9,16.31,'2015-03-27 07:58:15','2015-03-27 07:58:15',0,1.31,15.00,0.00,'address1','addr2','col','OK','112233','US','5-6 Business Days','sfv0C5rCPloc1ojGCwBxBGKynU335vYTbvpODK5C',0),(567,9,16.31,'2015-03-27 07:58:15','2015-03-27 07:58:15',0,1.31,15.00,0.00,'address1','addr2','col','OK','112233','US','5-6 Business Days','sfv0C5rCPloc1ojGCwBxBGKynU335vYTbvpODK5C',0),(568,9,16.31,'2015-03-27 07:58:15','2015-03-27 07:58:15',0,1.31,15.00,0.00,'address1','addr2','col','OK','112233','US','5-6 Business Days','sfv0C5rCPloc1ojGCwBxBGKynU335vYTbvpODK5C',0),(569,9,16.31,'2015-03-27 07:58:15','2015-03-27 07:58:15',0,1.31,10.00,0.00,'address1','addr2','col','OK','112233','US','5-6 Business Days','sfv0C5rCPloc1ojGCwBxBGKynU335vYTbvpODK5C',0),(570,9,16.31,'2015-03-27 07:58:15','2015-03-27 07:58:15',0,1.31,10.00,0.00,'address1','addr2','col','OK','112233','US','5-6 Business Days','sfv0C5rCPloc1ojGCwBxBGKynU335vYTbvpODK5C',0),(571,9,16.31,'2015-03-27 07:58:15','2015-03-27 07:58:15',0,1.31,10.00,0.00,'address1','addr2','col','OK','112233','US','5-6 Business Days','sfv0C5rCPloc1ojGCwBxBGKynU335vYTbvpODK5C',0),(572,9,16.31,'2015-03-27 07:58:15','2015-03-27 07:58:15',0,1.31,10.00,0.00,'address1','addr2','col','OK','112233','US','5-6 Business Days','sfv0C5rCPloc1ojGCwBxBGKynU335vYTbvpODK5C',0),(573,9,16.31,'2015-03-27 08:06:21','2015-03-27 08:06:21',0,1.31,15.00,0.00,'address1','addr2','col','OK','112233','US','5-6 Business Days','VqsYkCeESMnB78c5uhu2fx4UCiPtCIQAVAGaxz3n',0),(574,9,16.31,'2015-03-27 08:06:21','2015-03-27 08:06:21',0,1.31,15.00,0.00,'address1','addr2','col','OK','112233','US','5-6 Business Days','VqsYkCeESMnB78c5uhu2fx4UCiPtCIQAVAGaxz3n',0),(575,9,16.31,'2015-03-27 08:06:21','2015-03-27 08:06:21',0,1.31,15.00,0.00,'address1','addr2','col','OK','112233','US','5-6 Business Days','VqsYkCeESMnB78c5uhu2fx4UCiPtCIQAVAGaxz3n',0),(576,9,16.31,'2015-03-27 08:06:21','2015-03-27 08:06:21',0,1.31,15.00,0.00,'address1','addr2','col','OK','112233','US','5-6 Business Days','VqsYkCeESMnB78c5uhu2fx4UCiPtCIQAVAGaxz3n',0),(577,9,16.31,'2015-03-27 08:06:21','2015-03-27 08:06:21',0,1.31,15.00,0.00,'address1','addr2','col','OK','112233','US','5-6 Business Days','VqsYkCeESMnB78c5uhu2fx4UCiPtCIQAVAGaxz3n',0),(578,9,16.31,'2015-03-27 08:06:21','2015-03-27 08:06:21',0,1.31,15.00,0.00,'address1','addr2','col','OK','112233','US','5-6 Business Days','VqsYkCeESMnB78c5uhu2fx4UCiPtCIQAVAGaxz3n',0),(579,9,16.31,'2015-03-27 08:06:21','2015-03-27 08:06:21',0,1.31,10.00,0.00,'address1','addr2','col','OK','112233','US','5-6 Business Days','VqsYkCeESMnB78c5uhu2fx4UCiPtCIQAVAGaxz3n',0),(580,9,16.31,'2015-03-27 08:06:21','2015-03-27 08:06:21',0,1.31,10.00,0.00,'address1','addr2','col','OK','112233','US','5-6 Business Days','VqsYkCeESMnB78c5uhu2fx4UCiPtCIQAVAGaxz3n',0),(581,9,16.31,'2015-03-27 08:06:21','2015-03-27 08:06:21',0,1.31,10.00,0.00,'address1','addr2','col','OK','112233','US','5-6 Business Days','VqsYkCeESMnB78c5uhu2fx4UCiPtCIQAVAGaxz3n',0),(582,9,16.31,'2015-03-27 08:06:21','2015-03-27 08:06:21',0,1.31,10.00,0.00,'address1','addr2','col','OK','112233','US','5-6 Business Days','VqsYkCeESMnB78c5uhu2fx4UCiPtCIQAVAGaxz3n',0),(583,9,54.36,'2015-03-27 08:28:01','2015-03-27 08:28:01',0,4.36,50.00,0.00,'address1','addr2','col','OK','112233','US','5-6 Business Days','7SfyTTMdazKXP70oeAJr4edcv7ld6MxyoLO0zPaN',0),(584,9,54.36,'2015-03-27 08:28:01','2015-03-27 08:28:01',0,4.36,50.00,0.00,'address1','addr2','col','OK','112233','US','5-6 Business Days','7SfyTTMdazKXP70oeAJr4edcv7ld6MxyoLO0zPaN',0),(585,9,54.36,'2015-03-27 08:28:01','2015-03-27 08:28:01',0,4.36,50.00,0.00,'address1','addr2','col','OK','112233','US','5-6 Business Days','7SfyTTMdazKXP70oeAJr4edcv7ld6MxyoLO0zPaN',0),(586,9,54.36,'2015-03-27 08:28:01','2015-03-27 08:28:01',0,4.36,50.00,0.00,'address1','addr2','col','OK','112233','US','5-6 Business Days','7SfyTTMdazKXP70oeAJr4edcv7ld6MxyoLO0zPaN',0),(587,9,10.87,'2015-03-27 08:28:55','2015-03-27 08:28:55',0,0.87,10.00,0.00,'address1','addr2','col','OK','112233','US','5-6 Business Days','wia2hUjbrxxTUVmy3qMfN1kQHIs5sFuxXRC4kH4r',0),(588,9,10.87,'2015-03-27 08:28:55','2015-03-27 08:28:55',0,0.87,10.00,0.00,'address1','addr2','col','OK','112233','US','5-6 Business Days','wia2hUjbrxxTUVmy3qMfN1kQHIs5sFuxXRC4kH4r',0),(589,9,10.87,'2015-03-27 08:28:55','2015-03-27 08:28:55',0,0.87,10.00,0.00,'address1','addr2','col','OK','112233','US','5-6 Business Days','wia2hUjbrxxTUVmy3qMfN1kQHIs5sFuxXRC4kH4r',0),(590,9,10.87,'2015-03-27 08:28:55','2015-03-27 08:28:55',0,0.87,10.00,0.00,'address1','addr2','col','OK','112233','US','5-6 Business Days','wia2hUjbrxxTUVmy3qMfN1kQHIs5sFuxXRC4kH4r',0),(591,9,10.87,'2015-03-27 08:35:26','2015-03-27 08:35:26',0,0.87,10.00,0.00,'address1','addr2','col','OK','112233','US','5-6 Business Days','JNjPZydgbx6JtXDoyBOZIA26aHDiKaUHAA7zaRpz',0),(592,9,10.87,'2015-03-27 08:35:26','2015-03-27 08:35:26',0,0.87,10.00,0.00,'address1','addr2','col','OK','112233','US','5-6 Business Days','JNjPZydgbx6JtXDoyBOZIA26aHDiKaUHAA7zaRpz',0),(593,9,10.87,'2015-03-27 08:35:26','2015-03-27 08:35:26',0,0.87,10.00,0.00,'address1','addr2','col','OK','112233','US','5-6 Business Days','JNjPZydgbx6JtXDoyBOZIA26aHDiKaUHAA7zaRpz',0),(594,9,10.87,'2015-03-27 08:35:26','2015-03-27 08:35:26',0,0.87,10.00,0.00,'address1','addr2','col','OK','112233','US','5-6 Business Days','JNjPZydgbx6JtXDoyBOZIA26aHDiKaUHAA7zaRpz',0),(595,9,32.62,'2015-03-27 08:45:11','2015-03-27 08:45:11',0,2.62,30.00,0.00,'address1','addr2','col','OK','112233','US','5-6 Business Days','L2EiLMJhn1X3a54Q4GMKDYy4ij8ewjYNvPtdRsc0',0),(596,9,32.62,'2015-03-27 08:45:11','2015-03-27 08:45:11',0,2.62,30.00,0.00,'address1','addr2','col','OK','112233','US','5-6 Business Days','L2EiLMJhn1X3a54Q4GMKDYy4ij8ewjYNvPtdRsc0',0),(597,9,32.62,'2015-03-27 08:45:11','2015-03-27 08:45:11',0,2.62,30.00,0.00,'address1','addr2','col','OK','112233','US','5-6 Business Days','L2EiLMJhn1X3a54Q4GMKDYy4ij8ewjYNvPtdRsc0',0),(598,9,32.62,'2015-03-27 08:45:11','2015-03-27 08:45:11',0,2.62,30.00,0.00,'address1','addr2','col','OK','112233','US','5-6 Business Days','L2EiLMJhn1X3a54Q4GMKDYy4ij8ewjYNvPtdRsc0',0),(599,9,32.62,'2015-03-27 08:45:11','2015-03-27 08:45:11',0,2.62,30.00,0.00,'address1','addr2','col','OK','112233','US','5-6 Business Days','L2EiLMJhn1X3a54Q4GMKDYy4ij8ewjYNvPtdRsc0',0),(600,9,32.62,'2015-03-27 08:45:11','2015-03-27 08:45:11',0,2.62,29.00,0.00,'address1','addr2','col','OK','112233','US','5-6 Business Days','L2EiLMJhn1X3a54Q4GMKDYy4ij8ewjYNvPtdRsc0',0),(601,9,32.62,'2015-03-27 08:45:11','2015-03-27 08:45:11',0,2.62,29.00,0.00,'address1','addr2','col','OK','112233','US','5-6 Business Days','L2EiLMJhn1X3a54Q4GMKDYy4ij8ewjYNvPtdRsc0',0),(602,9,32.62,'2015-03-27 08:45:11','2015-03-27 08:45:11',0,2.62,29.00,0.00,'address1','addr2','col','OK','112233','US','5-6 Business Days','L2EiLMJhn1X3a54Q4GMKDYy4ij8ewjYNvPtdRsc0',0),(603,9,32.62,'2015-03-27 08:45:11','2015-03-27 08:45:11',0,2.62,29.00,0.00,'address1','addr2','col','OK','112233','US','5-6 Business Days','L2EiLMJhn1X3a54Q4GMKDYy4ij8ewjYNvPtdRsc0',0),(604,9,16.31,'2015-03-27 09:25:08','2015-03-27 09:25:08',0,1.31,15.00,0.00,'address1','addr2','col','OK','112233','US','5-6 Business Days','oLLqx4ZJn8Jofqbpj73xedLvhCbgI5lkg9nQLNcK',0),(605,9,16.31,'2015-03-27 09:25:08','2015-03-27 09:25:08',0,1.31,15.00,0.00,'address1','addr2','col','OK','112233','US','5-6 Business Days','oLLqx4ZJn8Jofqbpj73xedLvhCbgI5lkg9nQLNcK',0),(606,9,16.31,'2015-03-27 09:25:08','2015-03-27 09:25:08',0,1.31,15.00,0.00,'address1','addr2','col','OK','112233','US','5-6 Business Days','oLLqx4ZJn8Jofqbpj73xedLvhCbgI5lkg9nQLNcK',0),(607,9,16.31,'2015-03-27 09:25:08','2015-03-27 09:25:08',0,1.31,15.00,0.00,'address1','addr2','col','OK','112233','US','5-6 Business Days','oLLqx4ZJn8Jofqbpj73xedLvhCbgI5lkg9nQLNcK',0),(608,9,16.31,'2015-03-27 09:25:08','2015-03-27 09:25:08',0,1.31,15.00,0.00,'address1','addr2','col','OK','112233','US','5-6 Business Days','oLLqx4ZJn8Jofqbpj73xedLvhCbgI5lkg9nQLNcK',0),(609,10,16.28,'2015-03-30 04:46:27','2015-03-30 04:46:27',0,1.28,15.00,0.00,'Addr','','col','AL','1234','US','5-6 Business Days','2dJgPkGRyPOA2fET3EDbZ5Cx2WyayJ3kwqVNzH22',0),(610,10,16.28,'2015-03-30 04:46:27','2015-03-30 04:46:27',0,1.28,15.00,0.00,'Addr','','col','AL','1234','US','5-6 Business Days','2dJgPkGRyPOA2fET3EDbZ5Cx2WyayJ3kwqVNzH22',0),(611,10,16.28,'2015-03-30 04:46:27','2015-03-30 04:46:27',0,1.28,15.00,0.00,'Addr','','col','AL','1234','US','5-6 Business Days','2dJgPkGRyPOA2fET3EDbZ5Cx2WyayJ3kwqVNzH22',0),(612,10,16.28,'2015-03-30 04:46:27','2015-03-30 04:46:27',0,1.28,15.00,0.00,'Addr','','col','AL','1234','US','5-6 Business Days','2dJgPkGRyPOA2fET3EDbZ5Cx2WyayJ3kwqVNzH22',0),(613,10,15.46,'2015-03-30 04:46:27','2015-03-30 04:46:27',0,1.21,15.00,0.00,'Addr','','col','AL','1234','US','5-6 Business Days','2dJgPkGRyPOA2fET3EDbZ5Cx2WyayJ3kwqVNzH22',0),(614,10,15.46,'2015-03-30 04:46:27','2015-03-30 04:46:27',0,1.21,15.00,0.00,'Addr','','col','AL','1234','US','5-6 Business Days','2dJgPkGRyPOA2fET3EDbZ5Cx2WyayJ3kwqVNzH22',0),(615,10,15.46,'2015-03-30 04:46:27','2015-03-30 04:46:27',0,1.21,15.00,0.00,'Addr','','col','AL','1234','US','5-6 Business Days','2dJgPkGRyPOA2fET3EDbZ5Cx2WyayJ3kwqVNzH22',0),(616,10,365.93,'2015-03-30 05:10:20','2015-03-30 05:10:20',0,28.70,354.98,0.00,'Addr','','col','AL','1234','US','5-6 Business Days','a2zp4TyQLjdglc9U6QTpiYniOBXKneEtueQPlMpq',0),(617,10,365.93,'2015-03-30 05:10:20','2015-03-30 05:10:20',0,28.70,354.98,0.00,'Addr','','col','AL','1234','US','5-6 Business Days','a2zp4TyQLjdglc9U6QTpiYniOBXKneEtueQPlMpq',0),(618,10,365.93,'2015-03-30 05:10:20','2015-03-30 05:10:20',0,28.70,354.98,0.00,'Addr','','col','AL','1234','US','5-6 Business Days','a2zp4TyQLjdglc9U6QTpiYniOBXKneEtueQPlMpq',0),(619,10,365.93,'2015-03-30 05:10:33','2015-03-30 05:10:33',0,28.70,354.98,0.00,'Addr','','col','AL','1234','US','5-6 Business Days','IU8E4TMIpI8LIbetnv4E39ulAZZsCUKS4HpmT6ml',0),(620,10,365.93,'2015-03-30 05:10:33','2015-03-30 05:10:33',0,28.70,354.98,0.00,'Addr','','col','AL','1234','US','5-6 Business Days','IU8E4TMIpI8LIbetnv4E39ulAZZsCUKS4HpmT6ml',0),(621,10,365.93,'2015-03-30 05:10:33','2015-03-30 05:10:33',0,28.70,354.98,0.00,'Addr','','col','AL','1234','US','5-6 Business Days','IU8E4TMIpI8LIbetnv4E39ulAZZsCUKS4HpmT6ml',0),(622,10,365.93,'2015-03-30 05:10:43','2015-03-30 05:10:43',0,28.70,354.98,0.00,'Addr','','col','AL','1234','US','5-6 Business Days','EXzXwVqYdoyOu5uv2gFhrEjZZMO6NmlSNFdZX5ON',0),(623,10,365.93,'2015-03-30 05:10:43','2015-03-30 05:10:43',0,28.70,354.98,0.00,'Addr','','col','AL','1234','US','5-6 Business Days','EXzXwVqYdoyOu5uv2gFhrEjZZMO6NmlSNFdZX5ON',0),(624,10,365.93,'2015-03-30 05:10:43','2015-03-30 05:10:43',0,28.70,354.98,0.00,'Addr','','col','AL','1234','US','5-6 Business Days','EXzXwVqYdoyOu5uv2gFhrEjZZMO6NmlSNFdZX5ON',0),(625,10,365.93,'2015-03-30 05:10:44','2015-03-30 05:10:44',0,28.70,354.98,0.00,'Addr','','col','AL','1234','US','5-6 Business Days','yzICDPufN1aTGFBYY4u9Bwun5VIlECGfOJu4ZgzN',0),(626,10,365.93,'2015-03-30 05:10:44','2015-03-30 05:10:44',0,28.70,354.98,0.00,'Addr','','col','AL','1234','US','5-6 Business Days','yzICDPufN1aTGFBYY4u9Bwun5VIlECGfOJu4ZgzN',0),(627,10,365.93,'2015-03-30 05:10:44','2015-03-30 05:10:44',0,28.70,354.98,0.00,'Addr','','col','AL','1234','US','5-6 Business Days','yzICDPufN1aTGFBYY4u9Bwun5VIlECGfOJu4ZgzN',0),(628,9,54.56,'2015-03-30 05:28:49','2015-03-30 05:28:49',0,3.62,50.94,0.00,'add2','cjcjv','colum','OH','1122','US','5-6 Business Days','CwrmhAi9XxFqO4k8ooSX6G9R5zav8nIW6k0XMDgg',0),(629,9,71.69,'2015-03-30 05:30:22','2015-03-30 05:30:22',0,5.75,65.94,0.00,'address1','addr2','col','OK','112233','US','5-6 Business Days','CwrmhAi9XxFqO4k8ooSX6G9R5zav8nIW6k0XMDgg',0),(630,9,16.31,'2015-03-30 05:35:58','2015-03-30 05:35:58',0,1.31,15.00,0.00,'address1','addr2','col','OK','112233','US','5-6 Business Days','iSiKoUgxx7tHqGO09qY30FCtDqa7TNLCOAZPukyD',0),(631,9,14.12,'2015-03-30 05:36:42','2015-03-30 05:36:42',0,1.13,12.99,0.00,'address1','addr2','col','OK','112233','US','5-6 Business Days','iSiKoUgxx7tHqGO09qY30FCtDqa7TNLCOAZPukyD',0),(632,9,123.90,'2015-03-30 05:37:33','2015-03-30 05:37:33',0,9.94,113.96,0.00,'address1','addr2','col','OK','112233','US','5-6 Business Days','iSiKoUgxx7tHqGO09qY30FCtDqa7TNLCOAZPukyD',0),(633,9,166.00,'2015-03-30 05:38:23','2015-03-30 05:49:59',0,11.02,154.98,0.00,'add2','cjcjv','colum','OH','1122','US','5-6 Business Days','iSiKoUgxx7tHqGO09qY30FCtDqa7TNLCOAZPukyD',0),(634,9,56.50,'2015-03-30 06:00:36','2015-03-30 06:00:36',0,4.53,51.97,0.00,'address1','addr2','col','OK','112233','US','5-6 Business Days','WF9VDqpy9f9dOTCArbjwfJWlQPpSd8MxhGGsTwqS',0),(635,9,16.31,'2015-03-30 06:05:02','2015-03-30 06:05:02',0,1.31,15.00,0.00,'address1','addr2','col','OK','112233','US','5-6 Business Days','WF9VDqpy9f9dOTCArbjwfJWlQPpSd8MxhGGsTwqS',0),(636,9,9.78,'2015-03-30 06:13:20','2015-03-30 06:13:20',0,0.78,9.00,0.00,'address1','addr2','col','OK','112233','US','5-6 Business Days','0gYqT5qmO0iq6dr58g3n2wyeUbQ4pvEu6h2omTxL',0),(637,9,26.09,'2015-03-30 06:13:50','2015-03-30 06:13:50',0,2.09,24.00,0.00,'address1','addr2','col','OK','112233','US','5-6 Business Days','0gYqT5qmO0iq6dr58g3n2wyeUbQ4pvEu6h2omTxL',0),(638,9,35.86,'2015-03-30 06:18:16','2015-03-30 06:21:25',0,2.88,32.98,0.00,'address1','addr2','col','OK','112233','US','5-6 Business Days','1uFhFdxaKOdB85fVtqMKyhzM15omdwLN3YLYz5bs',0),(639,9,31.52,'2015-03-30 06:20:09','2015-03-30 06:20:09',0,2.53,28.99,0.00,'address1','addr2','col','OK','112233','US','5-6 Business Days','1uFhFdxaKOdB85fVtqMKyhzM15omdwLN3YLYz5bs',0),(640,9,13.05,'2015-03-30 06:23:52','2015-03-30 06:23:52',0,1.05,12.00,0.00,'address1','addr2','col','OK','112233','US','5-6 Business Days','1uFhFdxaKOdB85fVtqMKyhzM15omdwLN3YLYz5bs',0),(641,10,16.28,'2015-03-30 06:24:16','2015-03-30 06:24:16',0,1.28,15.00,0.00,'Addr','','col','AL','1234','US','5-6 Business Days','UQj8vHEby7dAYRQMkzMS7UmqpBsWKFC5ZIrwpedc',0),(642,10,16.28,'2015-03-30 06:24:16','2015-03-30 06:24:16',0,1.28,15.00,0.00,'Addr','','col','AL','1234','US','5-6 Business Days','UQj8vHEby7dAYRQMkzMS7UmqpBsWKFC5ZIrwpedc',0),(643,10,16.28,'2015-03-30 06:24:16','2015-03-30 06:24:16',0,1.28,15.00,0.00,'Addr','','col','AL','1234','US','5-6 Business Days','UQj8vHEby7dAYRQMkzMS7UmqpBsWKFC5ZIrwpedc',0),(644,10,14.65,'2015-03-30 06:24:16','2015-03-30 06:24:16',0,1.15,15.00,0.00,'Addr','','col','AL','1234','US','5-6 Business Days','UQj8vHEby7dAYRQMkzMS7UmqpBsWKFC5ZIrwpedc',0),(645,10,14.65,'2015-03-30 06:24:16','2015-03-30 06:24:16',0,1.15,15.00,0.00,'Addr','','col','AL','1234','US','5-6 Business Days','UQj8vHEby7dAYRQMkzMS7UmqpBsWKFC5ZIrwpedc',0),(646,10,16.28,'2015-03-30 06:24:43','2015-03-30 06:24:43',0,1.28,15.00,0.00,'Addr','','col','AL','1234','US','5-6 Business Days','9DDCHdiNjX1OyMnkXOQtcdRVYp2iepykIcTGswso',0),(647,10,16.28,'2015-03-30 06:24:43','2015-03-30 06:24:43',0,1.28,15.00,0.00,'Addr','','col','AL','1234','US','5-6 Business Days','9DDCHdiNjX1OyMnkXOQtcdRVYp2iepykIcTGswso',0),(648,10,16.28,'2015-03-30 06:24:43','2015-03-30 06:24:43',0,1.28,15.00,0.00,'Addr','','col','AL','1234','US','5-6 Business Days','9DDCHdiNjX1OyMnkXOQtcdRVYp2iepykIcTGswso',0),(649,10,14.65,'2015-03-30 06:24:43','2015-03-30 06:24:43',0,1.15,15.00,0.00,'Addr','','col','AL','1234','US','5-6 Business Days','9DDCHdiNjX1OyMnkXOQtcdRVYp2iepykIcTGswso',0),(650,10,14.65,'2015-03-30 06:24:43','2015-03-30 06:24:43',0,1.15,15.00,0.00,'Addr','','col','AL','1234','US','5-6 Business Days','9DDCHdiNjX1OyMnkXOQtcdRVYp2iepykIcTGswso',0),(651,10,58.58,'2015-03-30 06:27:04','2015-03-30 06:27:06',1,4.59,59.99,0.00,'Addr','','col','AL','1234','US','5-6 Business Days','m6actFDdKR5uvJLwRIpXzJoc3dfx1StHh2yfV7e7',0),(652,10,58.58,'2015-03-30 06:27:04','2015-03-30 06:27:06',1,4.59,59.99,0.00,'Addr','','col','AL','1234','US','5-6 Business Days','m6actFDdKR5uvJLwRIpXzJoc3dfx1StHh2yfV7e7',0),(653,10,58.58,'2015-03-30 06:27:04','2015-03-30 06:27:06',1,4.59,59.99,0.00,'Addr','','col','AL','1234','US','5-6 Business Days','m6actFDdKR5uvJLwRIpXzJoc3dfx1StHh2yfV7e7',0),(654,10,61.84,'2015-03-30 06:27:04','2015-03-30 06:27:19',0,4.85,59.99,0.00,'Addr','','col','AL','1234','US','5-6 Business Days','4blnCrtlwIMzI6H0e2xXpxmLGRgQTccBBj93058E',0),(655,9,21.73,'2015-03-30 06:37:59','2015-03-30 06:37:59',0,1.74,19.99,0.00,'address1','addr2','col','OK','112233','US','5-6 Business Days','l1jc9LlJsP5OphemIHbLpOcU86gIm4OnhokIr50f',0),(656,9,48.92,'2015-03-30 06:38:36','2015-03-30 06:38:36',0,3.92,45.00,0.00,'address1','addr2','col','OK','112233','US','5-6 Business Days','l1jc9LlJsP5OphemIHbLpOcU86gIm4OnhokIr50f',0),(657,9,72.82,'2015-03-30 06:43:56','2015-03-30 06:44:50',0,5.84,66.98,0.00,'address1','addr2','col','OK','112233','US','5-6 Business Days','3Qc3s8ORF9x9hvu1x984KuyKqvQwsLmVeQs9nSEg',0),(658,9,58.69,'2015-03-30 07:36:29','2015-03-30 07:39:34',0,4.71,53.98,0.00,'address1','addr2','col','OK','112233','US','5-6 Business Days','SaZtDnMpCwGVJWu6k0Hq0hkR0zcPHQVyeCCj4fUr',0),(659,9,8.69,'2015-03-30 07:38:34','2015-03-30 07:39:15',0,0.70,7.99,0.00,'address1','addr2','col','OK','112233','US','5-6 Business Days','SaZtDnMpCwGVJWu6k0Hq0hkR0zcPHQVyeCCj4fUr',0),(660,9,9.50,'2015-03-30 07:38:57','2015-03-30 07:39:48',0,0.76,8.74,0.00,'address1','addr2','col','OK','112233','US','5-6 Business Days','SaZtDnMpCwGVJWu6k0Hq0hkR0zcPHQVyeCCj4fUr',0),(661,10,112.30,'2015-03-30 07:52:52','2015-03-30 07:52:52',0,8.81,114.99,0.00,'Addr','','col','AL','1234','US','5-6 Business Days','uepkCwjbsEHy9sCf6Xpja8ipQQxLIM85OB0BCgMh',0),(662,10,112.30,'2015-03-30 07:52:52','2015-03-30 07:52:52',0,8.81,114.99,0.00,'Addr','','col','AL','1234','US','5-6 Business Days','uepkCwjbsEHy9sCf6Xpja8ipQQxLIM85OB0BCgMh',0),(663,10,112.30,'2015-03-30 07:52:52','2015-03-30 07:52:52',0,8.81,114.99,0.00,'Addr','','col','AL','1234','US','5-6 Business Days','uepkCwjbsEHy9sCf6Xpja8ipQQxLIM85OB0BCgMh',0),(664,10,112.30,'2015-03-30 07:52:52','2015-03-30 07:52:52',0,8.81,114.99,0.00,'Addr','','col','AL','1234','US','5-6 Business Days','uepkCwjbsEHy9sCf6Xpja8ipQQxLIM85OB0BCgMh',0),(665,9,47.80,'2015-03-30 07:55:46','2015-03-30 07:59:55',0,3.83,43.97,0.00,'address1','addr2','col','OK','112233','US','5-6 Business Days','ZmyCYU1Nir64Xo9egqkMCQD8XixTRuPyIU8h30rV',0),(666,9,42.36,'2015-03-30 08:03:12','2015-03-30 08:03:12',0,3.40,38.96,0.00,'address1','addr2','col','OK','112233','US','5-6 Business Days','FGYMG6eMVFdPZYIMlpQIz2twyLXOg7iBojNUkZAW',0),(667,10,24.41,'2015-03-30 08:05:48','2015-03-30 08:05:48',0,1.91,25.00,0.00,'Addr','','col','AL','1234','US','5-6 Business Days','R0Ix2OnvobsOVlUOzoqqR3iWnEjJYKaQGNJx9j9D',0),(668,10,24.41,'2015-03-30 08:05:48','2015-03-30 08:05:48',0,1.91,25.00,0.00,'Addr','','col','AL','1234','US','5-6 Business Days','R0Ix2OnvobsOVlUOzoqqR3iWnEjJYKaQGNJx9j9D',0),(669,10,24.41,'2015-03-30 08:05:48','2015-03-30 08:05:48',0,1.91,25.00,0.00,'Addr','','col','AL','1234','US','5-6 Business Days','R0Ix2OnvobsOVlUOzoqqR3iWnEjJYKaQGNJx9j9D',0),(670,10,24.41,'2015-03-30 08:05:48','2015-03-30 08:05:48',0,1.91,25.00,0.00,'Addr','','col','AL','1234','US','5-6 Business Days','R0Ix2OnvobsOVlUOzoqqR3iWnEjJYKaQGNJx9j9D',0),(671,9,35.55,'2015-03-30 08:10:31','2015-03-30 08:10:31',0,2.85,32.70,0.00,'address1','addr2','col','OK','112233','US','5-6 Business Days','jNSLF7JyxWroEpmE2PtA6dsCzIX4dLChU2E4Gjoy',0),(672,9,10.87,'2015-03-30 08:12:33','2015-03-30 08:12:33',0,0.87,10.00,0.00,'address1','addr2','col','OK','112233','US','5-6 Business Days','uNCnYlaD1wJKT3HCAZ4kj7Eg3I1KkgjakygDo7w0',0),(673,9,10.87,'2015-03-30 08:12:33','2015-03-30 08:12:33',0,0.87,10.00,0.00,'address1','addr2','col','OK','112233','US','5-6 Business Days','uNCnYlaD1wJKT3HCAZ4kj7Eg3I1KkgjakygDo7w0',0),(674,9,10.87,'2015-03-30 08:12:33','2015-03-30 08:12:33',0,0.87,10.00,0.00,'address1','addr2','col','OK','112233','US','5-6 Business Days','uNCnYlaD1wJKT3HCAZ4kj7Eg3I1KkgjakygDo7w0',0),(675,9,10.87,'2015-03-30 08:12:33','2015-03-30 08:12:33',0,0.87,10.00,0.00,'address1','addr2','col','OK','112233','US','5-6 Business Days','uNCnYlaD1wJKT3HCAZ4kj7Eg3I1KkgjakygDo7w0',0),(676,9,10.33,'2015-03-30 08:12:33','2015-03-30 08:13:15',0,0.83,10.00,0.00,'address1','addr2','col','OK','112233','US','5-6 Business Days','KKpeNtPT5HRfDZFoXn9U8UEQmT3ptKZ0o34UWKme',0),(677,9,239.13,'2015-03-30 08:18:09','2015-03-30 08:20:10',0,19.18,219.95,0.00,'address1','addr2','col','OK','112233','US','5-6 Business Days','STxxGqpHL3dFXt4zQn7GvfyTy0G1PnbudpLaN77W',0),(678,9,146.77,'2015-03-30 08:54:14','2015-03-30 08:54:14',0,11.77,150.00,0.00,'address1','addr2','col','OK','112233','US','5-6 Business Days','1AxnwbK2c66mPea3nAORzfGB8wJJeAGWWYRYZtm3',0),(679,9,146.77,'2015-03-30 08:54:14','2015-03-30 08:54:14',0,11.77,150.00,0.00,'address1','addr2','col','OK','112233','US','5-6 Business Days','1AxnwbK2c66mPea3nAORzfGB8wJJeAGWWYRYZtm3',0),(680,9,146.77,'2015-03-30 08:54:14','2015-03-30 08:54:14',0,11.77,150.00,0.00,'address1','addr2','col','OK','112233','US','5-6 Business Days','1AxnwbK2c66mPea3nAORzfGB8wJJeAGWWYRYZtm3',0),(681,9,146.77,'2015-03-30 08:54:14','2015-03-30 08:54:14',0,11.77,150.00,0.00,'address1','addr2','col','OK','112233','US','5-6 Business Days','1AxnwbK2c66mPea3nAORzfGB8wJJeAGWWYRYZtm3',0),(682,9,146.77,'2015-03-30 08:54:14','2015-03-30 08:54:14',0,11.77,150.00,0.00,'address1','addr2','col','OK','112233','US','5-6 Business Days','1AxnwbK2c66mPea3nAORzfGB8wJJeAGWWYRYZtm3',0),(683,9,146.77,'2015-03-30 08:54:14','2015-03-30 08:54:14',0,11.77,150.00,0.00,'address1','addr2','col','OK','112233','US','5-6 Business Days','1AxnwbK2c66mPea3nAORzfGB8wJJeAGWWYRYZtm3',0),(684,9,146.77,'2015-03-30 08:54:14','2015-03-30 08:54:14',0,11.77,150.00,0.00,'address1','addr2','col','OK','112233','US','5-6 Business Days','1AxnwbK2c66mPea3nAORzfGB8wJJeAGWWYRYZtm3',0),(685,9,146.77,'2015-03-30 08:54:14','2015-03-30 08:54:14',0,11.77,150.00,0.00,'address1','addr2','col','OK','112233','US','5-6 Business Days','1AxnwbK2c66mPea3nAORzfGB8wJJeAGWWYRYZtm3',0),(686,9,146.77,'2015-03-30 08:54:14','2015-03-30 08:54:14',0,11.77,150.00,0.00,'address1','addr2','col','OK','112233','US','5-6 Business Days','1AxnwbK2c66mPea3nAORzfGB8wJJeAGWWYRYZtm3',0),(687,9,146.77,'2015-03-30 08:54:14','2015-03-30 08:54:14',0,11.77,150.00,0.00,'address1','addr2','col','OK','112233','US','5-6 Business Days','1AxnwbK2c66mPea3nAORzfGB8wJJeAGWWYRYZtm3',0),(688,9,16.31,'2015-03-31 02:27:43','2015-03-31 02:27:43',0,1.31,15.00,0.00,'address1','addr2','col','OK','112233','US','5-6 Business Days','M2lihKQFXqJXnMG0gEDLV376OHUaW9aFVNJFr3CI',0),(689,9,16.31,'2015-03-31 02:27:43','2015-03-31 02:27:43',0,1.31,15.00,0.00,'address1','addr2','col','OK','112233','US','5-6 Business Days','M2lihKQFXqJXnMG0gEDLV376OHUaW9aFVNJFr3CI',0),(690,9,16.31,'2015-03-31 02:27:43','2015-03-31 02:27:43',0,1.31,15.00,0.00,'address1','addr2','col','OK','112233','US','5-6 Business Days','M2lihKQFXqJXnMG0gEDLV376OHUaW9aFVNJFr3CI',0),(691,9,16.31,'2015-03-31 02:27:43','2015-03-31 02:27:43',0,1.31,15.00,0.00,'address1','addr2','col','OK','112233','US','5-6 Business Days','M2lihKQFXqJXnMG0gEDLV376OHUaW9aFVNJFr3CI',0),(692,9,16.31,'2015-03-31 02:27:43','2015-03-31 02:27:43',0,1.31,15.00,0.00,'address1','addr2','col','OK','112233','US','5-6 Business Days','M2lihKQFXqJXnMG0gEDLV376OHUaW9aFVNJFr3CI',0),(693,9,14.68,'2015-03-31 02:27:43','2015-03-31 02:27:43',0,1.18,15.00,0.00,'address1','addr2','col','OK','112233','US','5-6 Business Days','M2lihKQFXqJXnMG0gEDLV376OHUaW9aFVNJFr3CI',0),(694,9,14.68,'2015-03-31 02:27:43','2015-03-31 02:27:43',0,1.18,15.00,0.00,'address1','addr2','col','OK','112233','US','5-6 Business Days','M2lihKQFXqJXnMG0gEDLV376OHUaW9aFVNJFr3CI',0),(695,9,14.68,'2015-03-31 02:27:43','2015-03-31 02:27:43',0,1.18,15.00,0.00,'address1','addr2','col','OK','112233','US','5-6 Business Days','M2lihKQFXqJXnMG0gEDLV376OHUaW9aFVNJFr3CI',0),(696,9,14.68,'2015-03-31 02:27:43','2015-03-31 02:27:43',0,1.18,15.00,0.00,'address1','addr2','col','OK','112233','US','5-6 Business Days','M2lihKQFXqJXnMG0gEDLV376OHUaW9aFVNJFr3CI',0),(697,9,14.68,'2015-03-31 02:27:43','2015-03-31 02:27:43',0,1.18,15.00,0.00,'address1','addr2','col','OK','112233','US','5-6 Business Days','M2lihKQFXqJXnMG0gEDLV376OHUaW9aFVNJFr3CI',0),(698,9,16.31,'2015-03-31 02:40:59','2015-03-31 02:41:38',1,1.31,15.00,0.00,'address1','addr2','col','OK','112233','US','null','yCVTv5UtkcM5Bqt7Ara79jur1KlXtMyKrHmB6cj0',0),(699,9,16.31,'2015-03-31 02:40:59','2015-03-31 02:41:38',1,1.31,15.00,0.00,'address1','addr2','col','OK','112233','US','null','yCVTv5UtkcM5Bqt7Ara79jur1KlXtMyKrHmB6cj0',0),(700,9,16.31,'2015-03-31 02:40:59','2015-03-31 02:41:38',1,1.31,15.00,0.00,'address1','addr2','col','OK','112233','US','null','yCVTv5UtkcM5Bqt7Ara79jur1KlXtMyKrHmB6cj0',0),(701,9,14.68,'2015-03-31 02:40:59','2015-03-31 02:41:56',0,1.18,15.00,0.00,'address1','addr2','col','OK','112233','US','null','0Hfv2GNUJ0cw9n6XSyMdp2jVgnWldOTKQY1DjCYA',0),(702,9,16.31,'2015-03-31 02:50:53','2015-03-31 02:50:53',0,1.31,15.00,0.00,'address1','addr2','col','OK','112233','US','5-6 Business Days','jg54o07NEgpZkRSEwZTcRJukbq2bksdsYpLyPLzt',0),(703,9,16.31,'2015-03-31 02:50:53','2015-03-31 02:50:53',0,1.31,15.00,0.00,'address1','addr2','col','OK','112233','US','5-6 Business Days','jg54o07NEgpZkRSEwZTcRJukbq2bksdsYpLyPLzt',0),(704,9,16.31,'2015-03-31 02:50:53','2015-03-31 02:50:53',0,1.31,15.00,0.00,'address1','addr2','col','OK','112233','US','5-6 Business Days','jg54o07NEgpZkRSEwZTcRJukbq2bksdsYpLyPLzt',0),(705,9,16.31,'2015-03-31 02:50:53','2015-03-31 02:50:53',0,1.31,15.00,0.00,'address1','addr2','col','OK','112233','US','5-6 Business Days','jg54o07NEgpZkRSEwZTcRJukbq2bksdsYpLyPLzt',0),(706,9,14.68,'2015-03-31 02:50:53','2015-03-31 02:50:53',0,1.18,15.00,0.00,'address1','addr2','col','OK','112233','US','5-6 Business Days','jg54o07NEgpZkRSEwZTcRJukbq2bksdsYpLyPLzt',0),(707,9,14.68,'2015-03-31 02:50:53','2015-03-31 02:50:53',0,1.18,15.00,0.00,'address1','addr2','col','OK','112233','US','5-6 Business Days','jg54o07NEgpZkRSEwZTcRJukbq2bksdsYpLyPLzt',0),(708,9,14.68,'2015-03-31 02:50:53','2015-03-31 02:50:53',0,1.18,15.00,0.00,'address1','addr2','col','OK','112233','US','5-6 Business Days','jg54o07NEgpZkRSEwZTcRJukbq2bksdsYpLyPLzt',0),(709,9,14.68,'2015-03-31 02:50:53','2015-03-31 02:50:53',0,1.18,15.00,0.00,'address1','addr2','col','OK','112233','US','5-6 Business Days','jg54o07NEgpZkRSEwZTcRJukbq2bksdsYpLyPLzt',0),(710,9,14.68,'2015-03-31 02:50:53','2015-03-31 02:50:53',0,1.18,15.00,0.00,'address1','addr2','col','OK','112233','US','5-6 Business Days','jg54o07NEgpZkRSEwZTcRJukbq2bksdsYpLyPLzt',0),(711,9,16.31,'2015-03-31 02:57:44','2015-03-31 02:57:44',0,1.31,15.00,0.00,'address1','addr2','col','OK','112233','US','5-6 Business Days','mZpN5vAQw22LzcVPcjdb9rHyBctAGvtaYdLfKfWk',0),(712,9,16.31,'2015-03-31 02:57:44','2015-03-31 02:57:44',0,1.31,15.00,0.00,'address1','addr2','col','OK','112233','US','5-6 Business Days','mZpN5vAQw22LzcVPcjdb9rHyBctAGvtaYdLfKfWk',0),(713,9,16.31,'2015-03-31 02:57:44','2015-03-31 02:57:44',0,1.31,15.00,0.00,'address1','addr2','col','OK','112233','US','5-6 Business Days','mZpN5vAQw22LzcVPcjdb9rHyBctAGvtaYdLfKfWk',0),(714,9,16.31,'2015-03-31 02:57:44','2015-03-31 02:57:44',0,1.31,15.00,0.00,'address1','addr2','col','OK','112233','US','5-6 Business Days','mZpN5vAQw22LzcVPcjdb9rHyBctAGvtaYdLfKfWk',0),(715,9,16.31,'2015-03-31 02:57:44','2015-03-31 02:57:44',0,1.31,15.00,0.00,'address1','addr2','col','OK','112233','US','5-6 Business Days','mZpN5vAQw22LzcVPcjdb9rHyBctAGvtaYdLfKfWk',0),(716,9,14.68,'2015-03-31 02:57:44','2015-03-31 02:57:44',0,1.18,15.00,0.00,'address1','addr2','col','OK','112233','US','5-6 Business Days','mZpN5vAQw22LzcVPcjdb9rHyBctAGvtaYdLfKfWk',0),(717,9,14.68,'2015-03-31 02:57:44','2015-03-31 02:57:44',0,1.18,15.00,0.00,'address1','addr2','col','OK','112233','US','5-6 Business Days','mZpN5vAQw22LzcVPcjdb9rHyBctAGvtaYdLfKfWk',0),(718,9,14.68,'2015-03-31 02:57:44','2015-03-31 02:57:44',0,1.18,15.00,0.00,'address1','addr2','col','OK','112233','US','5-6 Business Days','mZpN5vAQw22LzcVPcjdb9rHyBctAGvtaYdLfKfWk',0),(719,9,14.68,'2015-03-31 02:57:44','2015-03-31 02:57:44',0,1.18,15.00,0.00,'address1','addr2','col','OK','112233','US','5-6 Business Days','mZpN5vAQw22LzcVPcjdb9rHyBctAGvtaYdLfKfWk',0),(720,9,14.68,'2015-03-31 02:57:44','2015-03-31 02:57:44',0,1.18,15.00,0.00,'address1','addr2','col','OK','112233','US','5-6 Business Days','mZpN5vAQw22LzcVPcjdb9rHyBctAGvtaYdLfKfWk',0),(721,9,10.87,'2015-03-31 03:05:35','2015-03-31 03:05:41',1,0.87,10.00,0.00,'address1','addr2','col','OK','112233','US','5-6 Business Days','zuL1oL3iA9fHSB0HtkR0pc4yqfHSxErSt4TGnMvQ',0),(722,9,10.87,'2015-03-31 03:05:35','2015-03-31 03:05:41',1,0.87,10.00,0.00,'address1','addr2','col','OK','112233','US','5-6 Business Days','zuL1oL3iA9fHSB0HtkR0pc4yqfHSxErSt4TGnMvQ',0),(723,9,10.87,'2015-03-31 03:05:35','2015-03-31 03:05:41',1,0.87,10.00,0.00,'address1','addr2','col','OK','112233','US','5-6 Business Days','zuL1oL3iA9fHSB0HtkR0pc4yqfHSxErSt4TGnMvQ',0),(724,9,9.78,'2015-03-31 03:05:35','2015-03-31 03:05:59',0,0.78,10.00,0.00,'address1','addr2','col','OK','112233','US','5-6 Business Days','oiG1SGsk3nmR66tj3w7WEyIWfICMvt2EYhlbBlxA',0),(725,9,55.41,'2015-03-31 03:06:38','2015-03-31 03:08:48',0,4.44,50.97,0.00,'address1','addr2','col','OK','112233','US','5-6 Business Days','ccrdck1nz7DpAuqhg1J5WnMez8SxXXoHofh6NvcQ',0),(726,9,504.42,'2015-03-31 03:09:18','2015-03-31 03:20:08',0,40.46,463.96,0.00,'address1','addr2','col','OK','112233','US','5-6 Business Days','ccrdck1nz7DpAuqhg1J5WnMez8SxXXoHofh6NvcQ',0),(727,9,16.31,'2015-03-31 03:16:53','2015-03-31 03:16:53',0,1.31,15.00,0.00,'address1','addr2','col','OK','112233','US','5-6 Business Days','x7jeBjVrnvUFX5FtmIM2dwKo7OPJA9pULqKlOLcY',0),(728,9,16.31,'2015-03-31 03:16:53','2015-03-31 03:16:53',0,1.31,15.00,0.00,'address1','addr2','col','OK','112233','US','5-6 Business Days','x7jeBjVrnvUFX5FtmIM2dwKo7OPJA9pULqKlOLcY',0),(729,9,16.31,'2015-03-31 03:16:53','2015-03-31 03:16:53',0,1.31,15.00,0.00,'address1','addr2','col','OK','112233','US','5-6 Business Days','x7jeBjVrnvUFX5FtmIM2dwKo7OPJA9pULqKlOLcY',0),(730,9,16.31,'2015-03-31 03:16:53','2015-03-31 03:16:53',0,1.31,15.00,0.00,'address1','addr2','col','OK','112233','US','5-6 Business Days','x7jeBjVrnvUFX5FtmIM2dwKo7OPJA9pULqKlOLcY',0),(731,9,42.05,'2015-03-31 03:16:53','2015-03-31 03:27:29',0,3.37,42.98,0.00,'address1','addr2','col','OK','112233','US','5-6 Business Days','VM3Uqg2wSavwPblw6kp466QPgxOFK8IkLM0NFbL4',0),(732,9,130.44,'2015-03-31 03:20:21','2015-03-31 04:56:51',0,10.46,119.98,0.00,'address1','addr2','col','OK','112233','US','5-6 Business Days','CkSOG7elAhIX1ZQfC1uXqniXdHmz4pLS4KhheUNV',0),(733,9,13.05,'2015-03-31 03:21:59','2015-03-31 03:22:03',0,1.05,12.00,0.00,'address1','addr2','col','OK','112233','US','5-6 Business Days','ccrdck1nz7DpAuqhg1J5WnMez8SxXXoHofh6NvcQ',0),(734,9,21.74,'2015-03-31 03:33:11','2015-03-31 03:33:11',0,1.74,20.00,0.00,'address1','addr2','col','OK','112233','US','null','J8voFE4QNJPWsGsrZSiKYiI6KN6Id9y29y92nMyB',0),(735,9,21.74,'2015-03-31 03:33:11','2015-03-31 03:33:11',0,1.74,20.00,0.00,'address1','addr2','col','OK','112233','US','null','J8voFE4QNJPWsGsrZSiKYiI6KN6Id9y29y92nMyB',0),(736,9,21.74,'2015-03-31 03:33:11','2015-03-31 03:33:11',0,1.74,20.00,0.00,'address1','addr2','col','OK','112233','US','null','J8voFE4QNJPWsGsrZSiKYiI6KN6Id9y29y92nMyB',0),(737,9,21.74,'2015-03-31 03:33:11','2015-03-31 03:33:11',0,1.74,20.00,0.00,'address1','addr2','col','OK','112233','US','null','J8voFE4QNJPWsGsrZSiKYiI6KN6Id9y29y92nMyB',0),(738,9,19.57,'2015-03-31 03:33:11','2015-03-31 03:33:11',0,1.57,20.00,0.00,'address1','addr2','col','OK','112233','US','null','J8voFE4QNJPWsGsrZSiKYiI6KN6Id9y29y92nMyB',0),(739,9,19.57,'2015-03-31 03:33:11','2015-03-31 03:33:11',0,1.57,20.00,0.00,'address1','addr2','col','OK','112233','US','null','J8voFE4QNJPWsGsrZSiKYiI6KN6Id9y29y92nMyB',0),(740,9,19.57,'2015-03-31 03:33:11','2015-03-31 03:33:11',0,1.57,20.00,0.00,'address1','addr2','col','OK','112233','US','null','J8voFE4QNJPWsGsrZSiKYiI6KN6Id9y29y92nMyB',0),(741,9,19.57,'2015-03-31 03:33:11','2015-03-31 03:33:11',0,1.57,20.00,0.00,'address1','addr2','col','OK','112233','US','null','J8voFE4QNJPWsGsrZSiKYiI6KN6Id9y29y92nMyB',0),(742,9,21.74,'2015-03-31 03:36:04','2015-03-31 03:36:04',0,1.74,20.00,0.00,'address1','addr2','col','OK','112233','US','null','fYxmGJxm8aVtng2T7LtipRFqsFEyB4G5mz59Fn7K',0),(743,9,21.74,'2015-03-31 03:36:04','2015-03-31 03:36:04',0,1.74,20.00,0.00,'address1','addr2','col','OK','112233','US','null','fYxmGJxm8aVtng2T7LtipRFqsFEyB4G5mz59Fn7K',0),(744,9,21.74,'2015-03-31 03:36:04','2015-03-31 03:36:04',0,1.74,20.00,0.00,'address1','addr2','col','OK','112233','US','null','fYxmGJxm8aVtng2T7LtipRFqsFEyB4G5mz59Fn7K',0),(745,9,21.74,'2015-03-31 03:36:04','2015-03-31 03:36:04',0,1.74,20.00,0.00,'address1','addr2','col','OK','112233','US','null','fYxmGJxm8aVtng2T7LtipRFqsFEyB4G5mz59Fn7K',0),(746,9,19.57,'2015-03-31 03:36:04','2015-03-31 03:36:04',0,1.57,20.00,0.00,'address1','addr2','col','OK','112233','US','null','fYxmGJxm8aVtng2T7LtipRFqsFEyB4G5mz59Fn7K',0),(747,9,19.57,'2015-03-31 03:36:04','2015-03-31 03:36:04',0,1.57,20.00,0.00,'address1','addr2','col','OK','112233','US','null','fYxmGJxm8aVtng2T7LtipRFqsFEyB4G5mz59Fn7K',0),(748,9,19.57,'2015-03-31 03:36:04','2015-03-31 03:36:04',0,1.57,20.00,0.00,'address1','addr2','col','OK','112233','US','null','fYxmGJxm8aVtng2T7LtipRFqsFEyB4G5mz59Fn7K',0),(749,9,19.57,'2015-03-31 03:36:04','2015-03-31 03:36:04',0,1.57,20.00,0.00,'address1','addr2','col','OK','112233','US','null','fYxmGJxm8aVtng2T7LtipRFqsFEyB4G5mz59Fn7K',0),(750,9,10.87,'2015-03-31 03:36:23','2015-03-31 03:36:25',1,0.87,10.00,0.00,'address1','addr2','col','OK','112233','US','5-6 Business Days','hbr37HI1gdo3ZIbnhOL7FUzw3jIvPi0T3Oau11fy',0),(751,9,10.87,'2015-03-31 03:36:23','2015-03-31 03:36:25',1,0.87,10.00,0.00,'address1','addr2','col','OK','112233','US','5-6 Business Days','hbr37HI1gdo3ZIbnhOL7FUzw3jIvPi0T3Oau11fy',0),(752,9,10.87,'2015-03-31 03:36:23','2015-03-31 03:36:25',1,0.87,10.00,0.00,'address1','addr2','col','OK','112233','US','5-6 Business Days','hbr37HI1gdo3ZIbnhOL7FUzw3jIvPi0T3Oau11fy',0),(753,9,9.78,'2015-03-31 03:36:23','2015-03-31 03:39:31',0,0.78,10.00,0.00,'address1','addr2','col','OK','112233','US','5-6 Business Days','pQhRX0Fhion8KNuq5p6wIKNDLGvK1E0J0D0Css0K',0),(754,9,86.96,'2015-03-31 03:43:25','2015-03-31 04:02:51',2,0.00,86.96,0.00,'add2','cjcjv','colum','OH','1122','US','5-6 Business Days','maSzCdh6oGJx1w6d7XHZUHz7mmO4b0F4ebq1ZsCM',2),(755,9,10.87,'2015-03-31 03:45:38','2015-03-31 03:45:38',0,0.87,10.00,0.00,'address1','addr2','col','OK','112233','US','5-6 Business Days','f10sUYD31sbsDxbXqwPodvWuy810dmsen7BkVhRF',0),(756,9,10.87,'2015-03-31 03:45:38','2015-03-31 03:45:38',0,0.87,10.00,0.00,'address1','addr2','col','OK','112233','US','5-6 Business Days','f10sUYD31sbsDxbXqwPodvWuy810dmsen7BkVhRF',0),(757,9,10.87,'2015-03-31 03:45:38','2015-03-31 03:45:38',0,0.87,10.00,0.00,'address1','addr2','col','OK','112233','US','5-6 Business Days','f10sUYD31sbsDxbXqwPodvWuy810dmsen7BkVhRF',0),(758,9,10.87,'2015-03-31 03:45:38','2015-03-31 03:45:38',0,0.87,10.00,0.00,'address1','addr2','col','OK','112233','US','5-6 Business Days','f10sUYD31sbsDxbXqwPodvWuy810dmsen7BkVhRF',0),(759,9,10.87,'2015-03-31 03:45:38','2015-03-31 03:45:38',0,0.87,10.00,0.00,'address1','addr2','col','OK','112233','US','5-6 Business Days','f10sUYD31sbsDxbXqwPodvWuy810dmsen7BkVhRF',0),(760,9,9.78,'2015-03-31 03:45:38','2015-03-31 03:45:38',0,0.78,10.00,0.00,'address1','addr2','col','OK','112233','US','5-6 Business Days','f10sUYD31sbsDxbXqwPodvWuy810dmsen7BkVhRF',0),(761,9,9.78,'2015-03-31 03:45:38','2015-03-31 03:45:38',0,0.78,10.00,0.00,'address1','addr2','col','OK','112233','US','5-6 Business Days','f10sUYD31sbsDxbXqwPodvWuy810dmsen7BkVhRF',0),(762,9,9.78,'2015-03-31 03:45:38','2015-03-31 03:45:38',0,0.78,10.00,0.00,'address1','addr2','col','OK','112233','US','5-6 Business Days','f10sUYD31sbsDxbXqwPodvWuy810dmsen7BkVhRF',0),(763,9,9.78,'2015-03-31 03:45:38','2015-03-31 03:45:38',0,0.78,10.00,0.00,'address1','addr2','col','OK','112233','US','5-6 Business Days','f10sUYD31sbsDxbXqwPodvWuy810dmsen7BkVhRF',0),(764,9,9.78,'2015-03-31 03:45:38','2015-03-31 03:45:38',0,0.78,10.00,0.00,'address1','addr2','col','OK','112233','US','5-6 Business Days','f10sUYD31sbsDxbXqwPodvWuy810dmsen7BkVhRF',0),(765,9,39.92,'2015-03-31 04:55:10','2015-03-31 04:55:10',0,3.20,36.72,0.00,'address1','addr2','col','OK','112233','US','5-6 Business Days','CkSOG7elAhIX1ZQfC1uXqniXdHmz4pLS4KhheUNV',0),(766,9,9.50,'2015-03-31 04:56:16','2015-03-31 04:56:16',0,0.76,8.74,0.00,'address1','addr2','col','OK','112233','US','5-6 Business Days','CkSOG7elAhIX1ZQfC1uXqniXdHmz4pLS4KhheUNV',0),(767,9,87.97,'2015-03-31 04:58:03','2015-03-31 04:59:36',0,0.00,87.97,0.00,'address1','addr2','col','OK','112233','US','5-6 Business Days','CkSOG7elAhIX1ZQfC1uXqniXdHmz4pLS4KhheUNV',0),(768,9,110.98,'2015-03-31 05:00:11','2015-03-31 05:00:35',0,0.00,110.98,0.00,'address1','addr2','col','OK','112233','US','5-6 Business Days','CkSOG7elAhIX1ZQfC1uXqniXdHmz4pLS4KhheUNV',0),(769,9,16.31,'2015-03-31 05:00:15','2015-03-31 05:00:15',0,1.31,15.00,0.00,'address1','addr2','col','OK','112233','US','5-6 Business Days','sWLfuJ3tJ0rhJuOapGpyXGEUpoXR6qiTyH6PQh9g',0),(770,9,16.31,'2015-03-31 05:00:15','2015-03-31 05:00:15',0,1.31,15.00,0.00,'address1','addr2','col','OK','112233','US','5-6 Business Days','sWLfuJ3tJ0rhJuOapGpyXGEUpoXR6qiTyH6PQh9g',0),(771,9,16.31,'2015-03-31 05:00:15','2015-03-31 05:00:15',0,1.31,15.00,0.00,'address1','addr2','col','OK','112233','US','5-6 Business Days','sWLfuJ3tJ0rhJuOapGpyXGEUpoXR6qiTyH6PQh9g',0),(772,9,16.31,'2015-03-31 05:00:15','2015-03-31 05:00:15',0,1.31,15.00,0.00,'address1','addr2','col','OK','112233','US','5-6 Business Days','sWLfuJ3tJ0rhJuOapGpyXGEUpoXR6qiTyH6PQh9g',0),(773,9,16.31,'2015-03-31 05:00:15','2015-03-31 05:00:15',0,1.31,15.00,0.00,'address1','addr2','col','OK','112233','US','5-6 Business Days','sWLfuJ3tJ0rhJuOapGpyXGEUpoXR6qiTyH6PQh9g',0),(774,9,107.67,'2015-03-31 05:05:59','2015-03-31 05:20:06',0,0.00,107.67,0.00,'address1','addr2','col','OK','112233','US','5-6 Business Days','uGcuTciRYseuPPVrAPw77biKj2lx9NSErcELcd5q',0),(775,9,9.78,'2015-03-31 05:09:59','2015-03-31 05:22:47',1,0.78,10.00,0.00,'address1','addr2','col','OK','112233','US','5-6 Business Days','SPt4eeT6NrH2oMALQLyRQZHbNRktIi9EKWDwue8F',0),(776,9,56.95,'2015-03-31 05:23:43','2015-03-31 05:25:39',0,0.00,56.95,0.00,'address1','addr2','col','OK','112233','US','5-6 Business Days','BEUkq3vqobIHOwHCUcyvo48qbtLSpzUFXODAeJvU',0),(777,9,132.70,'2015-03-31 05:25:54','2015-03-31 05:28:18',0,0.00,132.70,0.00,'address1','addr2','col','OK','112233','US','5-6 Business Days','fcj3NP1RqtPT1QsNVAvWaTCguKF49vcnhpXX1uya',0),(778,9,39.93,'2015-03-31 05:28:51','2015-03-31 05:43:17',0,3.20,36.73,0.00,'address1','addr2','col','OK','112233','US','5-6 Business Days','5qOVZMdDfoZMO3FsWIFaVeUIfPflrslX4t05L5R4',0),(779,9,25.00,'2015-03-31 05:30:41','2015-03-31 05:30:41',0,0.00,25.00,0.00,'address1','addr2','col','OK','112233','US','5-6 Business Days','fcj3NP1RqtPT1QsNVAvWaTCguKF49vcnhpXX1uya',0),(780,9,20.98,'2015-03-31 05:35:07','2015-03-31 05:35:07',0,0.00,20.98,0.00,'address1','addr2','col','OK','112233','US','5-6 Business Days','8C37HZ2bEF2ZoVIqJiquLdeTqCJdppYOd2OmFntX',0),(781,9,105.44,'2015-03-31 05:43:51','2015-03-31 05:45:10',0,8.46,96.98,0.00,'address1','addr2','col','OK','112233','US','5-6 Business Days','5qOVZMdDfoZMO3FsWIFaVeUIfPflrslX4t05L5R4',0),(782,9,16.31,'2015-03-31 05:49:15','2015-03-31 05:49:15',0,1.31,15.00,0.00,'address1','addr2','col','OK','112233','US','5-6 Business Days','EGo1xCUoAKp0FByhApiAVFEWNsYt6E231kM4okSL',0),(783,9,16.31,'2015-03-31 05:49:15','2015-03-31 05:49:15',0,1.31,15.00,0.00,'address1','addr2','col','OK','112233','US','5-6 Business Days','EGo1xCUoAKp0FByhApiAVFEWNsYt6E231kM4okSL',0),(784,9,16.31,'2015-03-31 05:49:15','2015-03-31 05:49:15',0,1.31,15.00,0.00,'address1','addr2','col','OK','112233','US','5-6 Business Days','EGo1xCUoAKp0FByhApiAVFEWNsYt6E231kM4okSL',0),(785,9,16.31,'2015-03-31 05:49:15','2015-03-31 05:49:42',0,1.31,15.00,0.00,'address1','addr2','col','OK','112233','US','5-6 Business Days','ADmYsfdlpi2lth7Ski3WgvdYbOIZkoT8wD0LKGpY',0),(786,9,32.62,'2015-03-31 05:54:00','2015-03-31 06:09:33',0,2.62,30.00,0.00,'address1','addr2','col','OK','112233','US','5-6 Business Days','zjpSZl0r86YF78Hl733FpXNjH3Rypg4JHAEqmvjp',0),(787,6,8.56,'2015-04-03 09:03:38','2015-04-03 09:03:51',1,0.57,7.99,0.00,'test','addr','chicago','OH','60194','US','5-6 Business Days','ASchcVsV4BxxxmPXYp0wMCXwFamyOTiJMd2j3Oe1',0),(788,9,32.62,'2015-04-14 03:57:26','2015-04-14 03:57:38',0,2.62,30.00,0.00,'address1','addr2','col','OK','112233','US','5-6 Business Days','FFoX41adRzWrTzO7TrnnTmoM1PQBZbvcijxCp7Ti',0),(789,9,180.00,'2015-04-15 08:48:54','2015-04-15 08:48:54',0,0.00,180.00,0.00,'Fhdhgf','Djgyk','Paris','Gjhv','Vm','b','5-6 Business Days','66DMFL0E4qjj3ni9NgRtTTorKCXRHnS3fjCBdSId',0),(790,9,180.00,'2015-04-15 08:48:54','2015-04-15 08:48:54',0,0.00,180.00,0.00,'Fhdhgf','Djgyk','Paris','Gjhv','Vm','b','5-6 Business Days','66DMFL0E4qjj3ni9NgRtTTorKCXRHnS3fjCBdSId',0),(791,9,180.00,'2015-04-15 08:48:54','2015-04-15 08:48:54',0,0.00,180.00,0.00,'Fhdhgf','Djgyk','Paris','Gjhv','Vm','b','5-6 Business Days','66DMFL0E4qjj3ni9NgRtTTorKCXRHnS3fjCBdSId',0),(792,9,180.00,'2015-04-15 08:48:54','2015-04-15 08:48:54',0,0.00,180.00,0.00,'Fhdhgf','Djgyk','Paris','Gjhv','Vm','b','5-6 Business Days','66DMFL0E4qjj3ni9NgRtTTorKCXRHnS3fjCBdSId',0),(793,9,45.00,'2015-04-15 08:48:54','2015-04-15 08:56:35',2,0.00,45.00,0.00,'Fhdhgf','Djgyk','Paris','Gjhv','Vm','b','5-6 Business Days','I0nkClSDAwfyhReMJXtilgMCoTnhDkvXDVZGKkyZ',2),(794,9,26.09,'2015-06-03 00:55:46','2015-06-03 00:56:52',0,2.09,24.00,0.00,'address1','addr2','col','OK','112233','US','5-6 Business Days','EuSJQPWK0Ot0oWmprMLbpIyRnyOpeCo4Z4pt4AgA',0),(795,9,41.30,'2015-06-03 01:54:03','2015-06-03 01:54:03',0,3.31,37.99,0.00,'address1','addr2','col','OK','112233','US','5-6 Business Days','VvDd9ai16Wb1UhJANVBUlP9ZzCoQ3CkBxh1s3tBV',0),(796,9,13.02,'2015-06-03 02:00:26','2015-06-03 02:00:26',0,1.04,11.98,0.00,'address1','addr2','col','OK','112233','US','5-6 Business Days','hqUwKBrPPivvIpbmRP6kMltvchUyRKLmu6XYUwib',0),(797,9,8.70,'2015-06-03 02:00:26','2015-06-03 02:00:26',0,0.70,11.98,0.00,'address1','addr2','col','OK','112233','US','5-6 Business Days','hqUwKBrPPivvIpbmRP6kMltvchUyRKLmu6XYUwib',0),(798,9,59.74,'2015-06-03 02:19:33','2015-06-03 02:19:33',0,4.79,54.95,0.00,'address1','addr2','col','OK','112233','US','5-6 Business Days','2TTPSZbtbPcAcqVgcdVHyA54oO3wuVPrXtHy5OX4',0),(799,9,9.78,'2015-06-03 02:24:14','2015-06-03 02:24:14',0,0.78,9.00,0.00,'address1','addr2','col','OK','112233','US','5-6 Business Days','5hHIr8db9VqIoxIF0zfZeHiZoXEtvysjHkWdVnbh',0),(800,9,9.78,'2015-06-03 02:28:01','2015-06-03 02:28:01',0,0.78,9.00,0.00,'address1','addr2','col','OK','112233','US','5-6 Business Days','imzrG0aQcs4iGLStC0K5zIAukWQrMEA5UWIAbHss',0),(801,9,9.78,'2015-06-03 02:31:06','2015-06-03 02:31:06',0,0.78,9.00,0.00,'address1','addr2','col','OK','112233','US','5-6 Business Days','52BTfLNTWJwUfo2VAVnH2pQjHCuuBBfdQq1Nvicm',0),(802,9,16.31,'2015-06-03 03:12:24','2015-06-03 03:12:24',0,1.31,15.00,0.00,'address1','addr2','col','OK','112233','US','5-6 Business Days','PGJLuurlNeFXQN5MUNKHb0UnJ99fHQoyqAC6r6jr',0),(803,9,13.05,'2015-06-03 03:12:24','2015-06-03 03:12:24',0,1.05,15.00,0.00,'address1','addr2','col','OK','112233','US','5-6 Business Days','PGJLuurlNeFXQN5MUNKHb0UnJ99fHQoyqAC6r6jr',0),(804,9,13.05,'2015-06-03 03:12:24','2015-06-03 03:12:27',0,1.05,15.00,0.00,'address1','addr2','col','OK','112233','US','5-6 Business Days','eLw6jF0mFdcqyT5GnU6jPi6yLgS5uU9ZAucfYhpK',0),(805,9,20.66,'2015-06-03 07:29:08','2015-06-03 07:29:08',0,1.66,19.00,0.00,'address1','addr2','col','OK','112233','US','5-6 Business Days','Aup8Cy8vrUNcSrxzITtV6XMJwphQPULuntorZ8OR',0),(806,9,17.40,'2015-06-03 07:29:08','2015-06-03 07:29:08',0,1.40,19.00,0.00,'address1','addr2','col','OK','112233','US','5-6 Business Days','Aup8Cy8vrUNcSrxzITtV6XMJwphQPULuntorZ8OR',0),(807,9,16.31,'2015-06-03 08:38:54','2015-06-03 08:38:54',0,1.31,15.00,0.00,'address1','addr2','col','OK','112233','US','5-6 Business Days','lheIY0W9AiX68Xt3mBPMLNtTu1g1ch78TDTUiasz',0),(808,9,13.05,'2015-06-03 08:38:54','2015-06-03 08:38:54',0,1.05,15.00,0.00,'address1','addr2','col','OK','112233','US','5-6 Business Days','lheIY0W9AiX68Xt3mBPMLNtTu1g1ch78TDTUiasz',0),(809,9,16.31,'2015-06-04 01:12:33','2015-06-04 01:12:33',0,1.31,15.00,0.00,'address1','addr2','col','OK','112233','US','5-6 Business Days','LncgjTj8QTZ1v9Mk6nfleyRrsV1DtWYqKwoYBTpZ',0),(810,9,16.31,'2015-06-04 01:15:13','2015-06-04 01:15:13',0,1.31,15.00,0.00,'address1','addr2','col','OK','112233','US','5-6 Business Days','q1ocPXbqpN4C8jrRf8fAEZrEjp3jGVD81GnX4mQZ',0),(811,9,13.05,'2015-06-04 01:15:13','2015-06-04 01:15:13',0,1.05,15.00,0.00,'address1','addr2','col','OK','112233','US','5-6 Business Days','q1ocPXbqpN4C8jrRf8fAEZrEjp3jGVD81GnX4mQZ',0),(812,9,20.66,'2015-06-04 01:35:19','2015-06-04 01:35:19',0,1.66,22.00,0.00,'address1','addr2','col','OK','112233','US','5-6 Business Days','oN5WQf0qzRJKbaeHdP2s3idN5Fpqc3MHynfcCepz',0),(813,9,9.50,'2015-06-04 01:37:51','2015-06-04 01:37:51',0,0.76,8.74,0.00,'address1','addr2','col','OK','112233','US','5-6 Business Days','tiQZ6gy63g6MnqQQnTzHVBonStlDzRc73kwdkMeP',0),(814,9,5.44,'2015-06-04 01:37:51','2015-06-04 01:37:51',0,0.44,8.74,0.00,'address1','addr2','col','OK','112233','US','5-6 Business Days','tiQZ6gy63g6MnqQQnTzHVBonStlDzRc73kwdkMeP',0),(815,9,16.30,'2015-06-04 01:46:43','2015-06-04 01:46:43',0,1.31,14.99,0.00,'address1','addr2','col','OK','112233','US','null','rDXYOo7Ahr13zrtrkTjkyhhfiDd19cKjmwz8Oyc5',0),(816,9,11.96,'2015-06-04 01:46:43','2015-06-04 01:46:43',0,0.96,14.99,0.00,'address1','addr2','col','OK','112233','US','null','rDXYOo7Ahr13zrtrkTjkyhhfiDd19cKjmwz8Oyc5',0),(817,9,8.70,'2015-06-04 02:05:32','2015-06-04 02:05:32',0,0.70,8.00,0.00,'address1','addr2','col','OK','112233','US','5-6 Business Days','d5ySnBBNxpBjfAerP4HHPuWK3GpmyXnbdfGvJMqc',0),(818,9,5.44,'2015-06-04 02:05:32','2015-06-04 02:05:32',0,0.44,8.00,0.00,'address1','addr2','col','OK','112233','US','5-6 Business Days','d5ySnBBNxpBjfAerP4HHPuWK3GpmyXnbdfGvJMqc',0),(819,9,16.31,'2015-06-04 02:14:10','2015-06-04 02:14:10',0,1.31,15.00,0.00,'address1','addr2','col','OK','112233','US','5-6 Business Days','Z6DPAE37Id7IVnWB5NRwxEJd4HfqPM7DGC9ALvwa',0),(820,9,13.05,'2015-06-04 02:14:10','2015-06-04 02:14:10',0,1.05,15.00,0.00,'address1','addr2','col','OK','112233','US','5-6 Business Days','Z6DPAE37Id7IVnWB5NRwxEJd4HfqPM7DGC9ALvwa',0),(821,9,16.31,'2015-06-04 02:48:22','2015-06-04 02:48:22',0,1.31,15.00,0.00,'address1','addr2','col','OK','112233','US','null','UH9gi9qXuh9VKpO2iJSa1SBnhdKe5Ht2ZmAcsQ1S',0),(822,9,13.05,'2015-06-04 02:48:22','2015-06-04 02:48:22',0,1.05,15.00,0.00,'address1','addr2','col','OK','112233','US','null','UH9gi9qXuh9VKpO2iJSa1SBnhdKe5Ht2ZmAcsQ1S',0),(823,9,13.05,'2015-06-04 02:55:42','2015-06-04 02:55:42',0,1.05,15.00,0.00,'address1','addr2','col','OK','112233','US','5-6 Business Days','FN026YfjgTaDujUIh2ujz6yvWdMU1OxHwjJx2r19',0),(824,9,17.40,'2015-06-04 03:02:12','2015-06-04 03:02:12',0,1.40,19.99,0.00,'address1','addr2','col','OK','112233','US','5-6 Business Days','epoLlyrnAGOx4gwrQAuycH6cy4xiai9pKnjQ74da',0),(825,9,7.61,'2015-06-04 05:39:01','2015-06-04 05:39:01',0,0.61,10.00,0.00,'address1','addr2','col','OK','112233','US','5-6 Business Days','LOy1oxyh7vbgbbfswsKvsy2IcGjKcVuNwIemDZUq',0),(826,9,8.70,'2015-06-04 06:14:11','2015-06-04 06:15:03',0,0.70,11.98,0.00,'address1','addr2','col','OK','112233','US','5-6 Business Days','XyFPrdhHWP26RRHCuhu1YhGC0Dtx61EkbIWSuw54',0),(827,9,13.05,'2015-06-04 06:47:29','2015-06-04 06:47:29',0,1.05,15.00,0.00,'address1','addr2','col','OK','112233','US','5-6 Business Days','IrAxILAOMfMiNsJvvt1YCjJA67BAcckdfGLesA9E',0),(828,9,28.27,'2015-06-04 06:54:17','2015-06-04 06:54:17',0,2.27,29.98,0.00,'address1','addr2','col','OK','112233','US','5-6 Business Days','XIlpB868jK1c3Frzrd4KTr2peL7CUHEdx3zPlgw2',0),(829,9,7.61,'2015-06-04 06:55:06','2015-06-04 06:55:06',0,0.61,10.99,0.00,'address1','addr2','col','OK','112233','US','5-6 Business Days','MuZISBP57B564xmMX5qLsDIC6ZFHWRABK9zfZ6yx',0),(830,9,29.35,'2015-06-04 07:18:53','2015-06-04 07:18:53',0,2.35,30.00,0.00,'address1','addr2','col','OK','112233','US','5-6 Business Days','U4FjkZEXvHeRUx0jA5YxVpFQQKGs5wBJeCrlVuyK',0),(831,9,6.52,'2015-06-04 07:30:44','2015-06-04 07:30:44',0,0.52,9.00,0.00,'address1','addr2','col','OK','112233','US','5-6 Business Days','kQzVo36ipaqerJg7nnAFBa3bYAvfT8FHwHRVWx1K',0),(832,9,13.05,'2015-06-04 08:09:54','2015-06-04 08:09:54',0,1.05,15.00,0.00,'address1','addr2','col','OK','112233','US','5-6 Business Days','3Qfqo5xU6seEpAIRzVImCaqBD1EnwvBeVtXoKMbo',0),(833,9,8.69,'2015-06-04 08:11:11','2015-06-04 08:11:11',0,0.70,7.99,0.00,'address1','addr2','col','OK','112233','US','5-6 Business Days','usz8kKaehsvIm8BvY2tvVB4oTA09kcYaLLPCmun7',0),(834,9,13.05,'2015-06-04 08:11:34','2015-06-04 08:11:34',0,1.05,15.00,0.00,'address1','addr2','col','OK','112233','US','5-6 Business Days','OBgEa4sbXZ2cbhENzGMGYlSokklARo9W9BPNbbja',0),(835,9,7.61,'2015-06-04 08:14:54','2015-06-04 08:14:54',0,0.61,10.00,0.00,'address1','addr2','col','OK','112233','US','5-6 Business Days','ty1fexUDKXh2s25tFXC5d4gtUeBl8fSf92qT8eum',0),(836,9,16.31,'2015-06-04 08:29:18','2015-06-04 08:29:18',0,1.31,15.00,0.00,'address1','addr2','col','OK','112233','US','5-6 Business Days','wAUM8JpXZ0XzpQQcHP1YnZ0VnAW8adGdS5scUUAL',0),(837,9,13.05,'2015-06-04 08:37:49','2015-06-04 08:37:49',0,1.05,15.00,0.00,'address1','addr2','col','OK','112233','US','null','rJKFjfp11v1VYiR21HO0SYeFdXkS67zzSEnGj2XG',0),(838,9,23.91,'2015-06-05 01:41:43','2015-06-05 01:41:43',0,1.92,21.99,0.00,'address1','addr2','col','OK','112233','US','5-6 Business Days','7uIYo5v0zxH82Fuug3bci3MRBWcEyrUM5lajRkCI',0),(839,9,13.02,'2015-06-05 01:51:51','2015-06-05 01:51:51',0,1.04,11.98,0.00,'address1','addr2','col','OK','112233','US','5-6 Business Days','nf4CzeedXZS4sZ5UYPIYduTL6mWa60oSL0kZRJkK',0),(840,9,121.73,'2015-06-05 04:49:15','2015-06-05 04:49:15',0,9.76,111.97,0.00,'address1','addr2','col','OK','112233','US','5-6 Business Days','S3QB9KJUqokE7PEpvo2s9qAnJx66RnBk5YdoZmx9',0),(841,9,26.09,'2015-06-05 04:55:25','2015-06-05 05:09:49',0,2.09,24.00,0.00,'address1','addr2','col','OK','112233','US','5-6 Business Days','IA3W8QJ3V6ah70nqKgidlnXGVGyckc6b7smHW2Se',0),(842,9,26.09,'2015-06-05 05:11:46','2015-06-05 05:15:31',0,2.09,24.00,0.00,'address1','addr2','col','OK','112233','US','5-6 Business Days','IA3W8QJ3V6ah70nqKgidlnXGVGyckc6b7smHW2Se',0),(843,9,8.69,'2015-06-05 05:17:59','2015-06-05 05:19:29',0,0.70,7.99,0.00,'address1','addr2','col','OK','112233','US','5-6 Business Days','EE5pgAOwClDB9fnvj8m7iARnG4SZeNq9kp5tGuvN',0),(844,9,8.69,'2015-06-05 05:21:10','2015-06-05 05:21:10',0,0.70,7.99,0.00,'address1','addr2','col','OK','112233','US','5-6 Business Days','EE5pgAOwClDB9fnvj8m7iARnG4SZeNq9kp5tGuvN',0),(845,9,8.69,'2015-06-05 05:25:25','2015-06-05 05:25:25',0,0.70,7.99,0.00,'address1','addr2','col','OK','112233','US','5-6 Business Days','EE5pgAOwClDB9fnvj8m7iARnG4SZeNq9kp5tGuvN',0),(846,9,8.69,'2015-06-05 05:26:37','2015-06-05 05:26:37',0,0.70,7.99,0.00,'address1','addr2','col','OK','112233','US','5-6 Business Days','EE5pgAOwClDB9fnvj8m7iARnG4SZeNq9kp5tGuvN',0),(847,9,16.31,'2015-06-05 05:32:48','2015-06-05 05:32:48',0,1.31,15.00,0.00,'address1','addr2','col','OK','112233','US','5-6 Business Days','Tb3y6UwExqu6cEexp783WpMkwSQDYE7I2u9I0s4G',0),(848,9,13.02,'2015-06-05 05:35:58','2015-06-05 06:08:47',0,1.04,11.98,0.00,'address1','addr2','col','OK','112233','US','5-6 Business Days','KRSTjOnZvYmI92ZBdZ1TyyTQPLvsSSLSfMPpXyZi',0),(849,9,11.95,'2015-06-05 06:25:02','2015-06-05 06:31:36',0,0.96,10.99,0.00,'address1','addr2','col','OK','112233','US','5-6 Business Days','rX2E3J8aofTJyy5SJOnjOlt3QavZIpdIJditnAVi',0),(850,9,16.31,'2015-06-05 06:33:40','2015-06-05 06:33:40',0,1.31,15.00,0.00,'address1','addr2','col','OK','112233','US','5-6 Business Days','KEq3dHhYhZ1tnbnp2q1lpdsko4KB6WzqVq5Jpnob',0),(851,9,8.70,'2015-06-05 06:55:18','2015-06-05 06:55:18',0,0.70,8.00,0.00,'address1','addr2','col','OK','112233','US','5-6 Business Days','pj2YvhUeICtvGiSyljg0EuEGuLuS04mVIhlbDhP8',0),(852,9,16.30,'2015-06-05 07:10:33','2015-06-05 07:10:33',0,1.31,14.99,0.00,'address1','addr2','col','OK','112233','US','5-6 Business Days','pj2YvhUeICtvGiSyljg0EuEGuLuS04mVIhlbDhP8',0),(853,9,16.30,'2015-06-05 07:12:31','2015-06-05 07:12:31',0,1.31,14.99,0.00,'address1','addr2','col','OK','112233','US','5-6 Business Days','pj2YvhUeICtvGiSyljg0EuEGuLuS04mVIhlbDhP8',0),(854,9,14.12,'2015-06-05 07:22:04','2015-06-05 07:22:04',0,1.13,12.99,0.00,'address1','addr2','col','OK','112233','US','5-6 Business Days','Rp8MPzQvbuzdSP1d9e4ECjF01cFdaLzgh66ELhXF',0),(855,9,14.12,'2015-06-05 07:28:54','2015-06-05 07:29:22',1,1.13,12.99,0.00,'address1','addr2','col','OK','112233','US','5-6 Business Days','8gPGsyBGmlGIXSniP00lInjLzY4WcS4p8ZtUV3an',2),(856,9,48.91,'2015-06-05 07:46:12','2015-06-05 07:46:39',1,3.92,44.99,0.00,'address1','addr2','col','OK','112233','US','5-6 Business Days','gz7iAoyUoa8VwEilTVkfV9h5jC5IbXkO3gGAfs2i',2),(857,9,21.73,'2015-06-05 07:57:50','2015-06-05 07:57:55',1,1.74,19.99,0.00,'address1','addr2','col','OK','112233','US','5-6 Business Days','XY1HC7zVX9gSQRX5l9G9ZyPmJFYf2IxMTIX02eqD',2),(858,9,14.12,'2015-06-05 08:02:22','2015-06-05 08:02:27',1,1.13,12.99,0.00,'address1','addr2','col','OK','112233','US','5-6 Business Days','p6dUCIQn2px2vQsHA4w1AwxGhgz0lC1aaAZa6BY4',2),(859,9,9.78,'2015-06-05 08:04:05','2015-06-05 08:04:10',1,0.78,9.00,0.00,'address1','addr2','col','OK','112233','US','5-6 Business Days','p6dUCIQn2px2vQsHA4w1AwxGhgz0lC1aaAZa6BY4',2),(860,9,65.22,'2015-06-05 08:05:50','2015-06-05 08:05:59',1,5.23,59.99,0.00,'address1','addr2','col','OK','112233','US','5-6 Business Days','p6dUCIQn2px2vQsHA4w1AwxGhgz0lC1aaAZa6BY4',2),(861,9,16.31,'2015-06-05 08:07:47','2015-06-05 08:07:59',1,1.31,15.00,0.00,'address1','addr2','col','OK','112233','US','5-6 Business Days','p6dUCIQn2px2vQsHA4w1AwxGhgz0lC1aaAZa6BY4',2),(862,9,8.69,'2015-06-05 08:10:55','2015-06-05 08:11:04',1,0.70,7.99,0.00,'address1','addr2','col','OK','112233','US','5-6 Business Days','ByeAzoGoPAA06DlMv8yXEH7LVCirrlhplxXOVAR0',2),(863,9,14.12,'2015-06-05 08:19:21','2015-06-05 08:19:33',1,1.13,12.99,0.00,'address1','addr2','col','OK','112233','US','5-6 Business Days','vE1k3VJ0YxlIapxlnzOjCxVYhDoseFJVzVEBR5AG',2),(864,9,13.05,'2015-06-05 08:23:26','2015-06-05 08:23:35',1,1.05,12.00,0.00,'address1','addr2','col','OK','112233','US','5-6 Business Days','jpfW2jkHZ4aoTkcv23XChOwDRhD8sk9CcnvSwtPy',2),(865,9,65.22,'2015-06-05 08:25:04','2015-06-05 08:25:13',1,5.23,59.99,0.00,'address1','addr2','col','OK','112233','US','5-6 Business Days','jpfW2jkHZ4aoTkcv23XChOwDRhD8sk9CcnvSwtPy',2),(866,9,184.81,'2015-06-05 08:29:49','2015-06-05 08:29:58',1,14.82,169.99,0.00,'address1','addr2','col','OK','112233','US','5-6 Business Days','fSOpkJRIPA9eefxsjmA016xpwFjbkXTH356wBWxJ',2),(867,9,59.77,'2015-06-06 03:15:34','2015-06-06 03:15:53',1,4.79,54.98,0.00,'address1','addr2','col','OK','112233','US','5-6 Business Days','GRJxqduNyZ87CZEe2hljM7sEQYaxuCDV8hMZNm9K',2),(868,9,13.02,'2015-06-16 08:59:25','2015-06-16 08:59:29',0,1.04,11.98,0.00,'address1','addr2','col','OK','112233','US','5-6 Business Days','Bv3M8wXLroJo6Ex3cNrRSG28TEBTzauf9jYazbHX',0),(869,9,13.05,'2015-06-19 07:59:04','2015-06-19 07:59:13',0,1.05,12.00,0.00,'address1','addr2','col','OK','112233','US','5-6 Business Days','dgk44b7Ae5fwg0gXEj2xeWFd4MCladZi11XQpW47',0),(870,9,13.02,'2015-06-22 03:12:03','2015-06-22 03:13:12',0,1.04,11.98,0.00,'address1','addr2','col','OK','112233','US','5-6 Business Days','6glgNcoIIgCavMffP0XqAUcz4ucSlQ5nwnjGKwPp',0),(871,9,13.05,'2015-06-22 03:51:08','2015-06-22 03:52:38',0,1.05,12.00,0.00,'address1','addr2','col','OK','112233','US','5-6 Business Days','N8V5Hfs3Jbh3LNJGwO8n2OWJhaLnmNXdoJSv3KLa',0),(872,9,16.31,'2015-06-22 06:24:59','2015-06-22 06:24:59',0,1.31,15.00,0.00,'address1','addr2','col','OK','112233','US','5-6 Business Days','r12aK8Ty9V4kMOF8otTquQyqsPWKXSdSDh0klTFh',0),(873,9,16.31,'2015-06-22 06:29:43','2015-06-22 06:29:43',0,1.31,15.00,0.00,'address1','addr2','col','OK','112233','US','5-6 Business Days','P2P7ouB3Rc4rLx7Op3CQcgKeCRyRCcckbfhYcn5t',0),(874,9,14.12,'2015-06-22 06:39:18','2015-06-22 06:39:18',0,1.13,12.99,0.00,'address1','addr2','col','OK','112233','US','5-6 Business Days','U1zt6on4WgotAhAENDL34Tl9aBOFbqNEB2qXVh9J',0),(875,9,8.69,'2015-06-22 06:45:06','2015-06-22 06:46:10',0,0.70,7.99,0.00,'address1','addr2','col','OK','112233','US','5-6 Business Days','040WIsipekFq6AaXCagTxcnqwiQ8PbVX84jWlA6k',0),(876,9,8.69,'2015-06-22 07:50:51','2015-06-22 07:50:51',0,0.70,7.99,0.00,'address1','addr2','col','OK','112233','US','5-6 Business Days','KlMxW3l2nbKiSI5JSYAMhZfBLeVkj6CJk4Q2OxtN',0),(877,9,16.31,'2015-06-22 07:56:43','2015-06-22 07:56:43',0,1.31,15.00,0.00,'address1','addr2','col','OK','112233','US','5-6 Business Days','40votohC3cJx1kA4k9qyk0Mdj5ostBX6uG0tJk4V',0),(878,9,13.05,'2015-06-22 07:56:54','2015-06-22 07:57:16',0,1.05,12.00,0.00,'address1','addr2','col','OK','112233','US','5-6 Business Days','40votohC3cJx1kA4k9qyk0Mdj5ostBX6uG0tJk4V',0),(879,9,13.02,'2015-06-22 07:59:44','2015-06-22 08:02:56',0,1.04,11.98,0.00,'address1','addr2','col','OK','112233','US','5-6 Business Days','rYOSnzkahZWdFqCPuH2qA7vwALEDTmA9PMkfhZRt',0),(880,9,16.31,'2015-06-22 08:07:57','2015-06-22 08:11:17',0,1.31,15.00,0.00,'address1','addr2','col','OK','112233','US','5-6 Business Days','gduc6bdK1fWpHj4phJlLlT3YKaQV8XSVCmJOSYHt',0),(881,9,8.69,'2015-06-22 08:15:11','2015-06-22 08:15:11',0,0.70,7.99,0.00,'address1','addr2','col','OK','112233','US','5-6 Business Days','NSSiRyv40X0Zn1bAmKN3JdOkpR8nAGXsxTZlFXdo',0),(882,9,13.02,'2015-06-22 08:20:21','2015-06-22 08:20:21',0,1.04,11.98,0.00,'address1','addr2','col','OK','112233','US','5-6 Business Days','HCpVHsMYmjcki8atVjuLpnuw68nBgVLXMZvJ9mQb',0),(883,9,9.50,'2015-06-22 08:23:43','2015-06-22 08:24:36',1,0.76,8.74,0.00,'address1','addr2','col','OK','112233','US','5-6 Business Days','8J17VZqbsVcssPuHv6zZPsiQSgzGlJIHCuARTYPp',2),(884,9,16.30,'2015-06-23 01:03:09','2015-06-23 01:03:11',1,1.31,14.99,0.00,'address1','addr2','col','OK','112233','US','5-6 Business Days','UScwMelKIFGAPMTPlHs0Qm6K1AmOz2epBRDMhVtL',2),(885,9,13.02,'2015-06-23 08:38:06','2015-06-23 08:38:08',1,1.04,11.98,0.00,'address1','addr2','col','OK','112233','US','5-6 Business Days','EBiGDZmT2UDKxQ6j80MYV0FfGAfzNnpCpqr9Kfny',2),(886,9,16.31,'2015-07-22 08:22:51','2015-07-22 08:22:51',0,1.31,15.00,0.00,'address1','addr2','col','OK','112233','US','5-6 Business Days','x53Gt5SdTTYHjAMabJanP5g46yk2yVcbqBPjlR5u',0),(887,9,13.05,'2015-07-22 08:49:19','2015-07-22 08:49:19',0,1.05,12.00,0.00,'address1','addr2','col','OK','112233','US','5-6 Business Days','4AG9yk6ZMqM6ZBFJTW9p5b311EYtAhXerExbobiB',0),(888,9,9.50,'2015-07-23 01:46:56','2015-07-23 01:46:56',0,0.76,8.74,0.00,'address1','addr2','col','OK','112233','US','5-6 Business Days','WcKXBnsW97xBitkus6vscfVgKc6bvx89XeUaRy1P',0),(889,9,32.62,'2015-08-06 02:53:58','2015-08-06 02:55:19',0,2.62,30.00,0.00,'address1','addr2','col','OK','112233','US','5-6 Business Days','VANp0yXKhyC4nBJmVz3PtvV24ssEpWdq3YhAggFJ',0),(890,9,32.62,'2015-08-07 01:59:19','2015-08-07 01:59:42',0,2.62,30.00,0.00,'address1','addr2','col','OK','112233','US','5-6 Business Days','SJBw5TRFARnLluPZYjBcKYORh0RU7YPhPkArnZhX',0),(891,9,21.98,'2015-08-10 07:30:53','2015-08-10 07:37:06',0,0.00,21.98,0.00,'Fhdhgf','Djgyk','Paris','Gjhv','Vm','b','5-6 Business Days','BT8S85BzeFHe79iKrGTkjaEbHn2HmEA9HtMjwxwF',0),(892,9,17.40,'2015-08-10 07:35:54','2015-08-10 07:35:54',0,1.40,16.00,0.00,'address1','addr2','col','OK','112233','US','5-6 Business Days','BT8S85BzeFHe79iKrGTkjaEbHn2HmEA9HtMjwxwF',0);
/*!40000 ALTER TABLE `orders` ENABLE KEYS */;
UNLOCK TABLES;

--
-- Table structure for table `payment_invoice`
--

DROP TABLE IF EXISTS `payment_invoice`;
/*!40101 SET @saved_cs_client     = @@character_set_client */;
/*!40101 SET character_set_client = utf8 */;
CREATE TABLE `payment_invoice` (
  `pay_invoice_id` int(10) NOT NULL AUTO_INCREMENT,
  `pay_inv_number` varchar(100) NOT NULL,
  `pay_inv_date` datetime NOT NULL,
  `order_id` int(10) NOT NULL,
  `pay_inv_status` tinyint(1) NOT NULL,
  `user_id` int(10) NOT NULL,
  PRIMARY KEY (`pay_invoice_id`)
) ENGINE=InnoDB DEFAULT CHARSET=latin1;
/*!40101 SET character_set_client = @saved_cs_client */;

--
-- Dumping data for table `payment_invoice`
--

LOCK TABLES `payment_invoice` WRITE;
/*!40000 ALTER TABLE `payment_invoice` DISABLE KEYS */;
/*!40000 ALTER TABLE `payment_invoice` ENABLE KEYS */;
UNLOCK TABLES;

--
-- Table structure for table `payment_methods`
--

DROP TABLE IF EXISTS `payment_methods`;
/*!40101 SET @saved_cs_client     = @@character_set_client */;
/*!40101 SET character_set_client = utf8 */;
CREATE TABLE `payment_methods` (
  `pay_method_id` int(10) NOT NULL AUTO_INCREMENT,
  `pay_method_name` varchar(256) NOT NULL,
  PRIMARY KEY (`pay_method_id`)
) ENGINE=InnoDB AUTO_INCREMENT=3 DEFAULT CHARSET=latin1;
/*!40101 SET character_set_client = @saved_cs_client */;

--
-- Dumping data for table `payment_methods`
--

LOCK TABLES `payment_methods` WRITE;
/*!40000 ALTER TABLE `payment_methods` DISABLE KEYS */;
INSERT INTO `payment_methods` VALUES (1,'Save Order'),(2,'Paypal');
/*!40000 ALTER TABLE `payment_methods` ENABLE KEYS */;
UNLOCK TABLES;

--
-- Table structure for table `prod_attrib`
--

DROP TABLE IF EXISTS `prod_attrib`;
/*!40101 SET @saved_cs_client     = @@character_set_client */;
/*!40101 SET character_set_client = utf8 */;
CREATE TABLE `prod_attrib` (
  `attrib_id` int(10) NOT NULL AUTO_INCREMENT,
  `attrib_name` varchar(200) NOT NULL,
  PRIMARY KEY (`attrib_id`)
) ENGINE=InnoDB AUTO_INCREMENT=3 DEFAULT CHARSET=latin1;
/*!40101 SET character_set_client = @saved_cs_client */;

--
-- Dumping data for table `prod_attrib`
--

LOCK TABLES `prod_attrib` WRITE;
/*!40000 ALTER TABLE `prod_attrib` DISABLE KEYS */;
INSERT INTO `prod_attrib` VALUES (1,'Size'),(2,'Color');
/*!40000 ALTER TABLE `prod_attrib` ENABLE KEYS */;
UNLOCK TABLES;

--
-- Table structure for table `prod_attrib_ref`
--

DROP TABLE IF EXISTS `prod_attrib_ref`;
/*!40101 SET @saved_cs_client     = @@character_set_client */;
/*!40101 SET character_set_client = utf8 */;
CREATE TABLE `prod_attrib_ref` (
  `prod_attrib_ref_id` int(10) NOT NULL AUTO_INCREMENT,
  `prod_id` int(10) NOT NULL,
  `attrib_ref_set` varchar(100) NOT NULL,
  PRIMARY KEY (`prod_attrib_ref_id`)
) ENGINE=InnoDB DEFAULT CHARSET=latin1;
/*!40101 SET character_set_client = @saved_cs_client */;

--
-- Dumping data for table `prod_attrib_ref`
--

LOCK TABLES `prod_attrib_ref` WRITE;
/*!40000 ALTER TABLE `prod_attrib_ref` DISABLE KEYS */;
/*!40000 ALTER TABLE `prod_attrib_ref` ENABLE KEYS */;
UNLOCK TABLES;

--
-- Table structure for table `prod_cat`
--

DROP TABLE IF EXISTS `prod_cat`;
/*!40101 SET @saved_cs_client     = @@character_set_client */;
/*!40101 SET character_set_client = utf8 */;
CREATE TABLE `prod_cat` (
  `cat_id` int(10) NOT NULL AUTO_INCREMENT,
  `cat_name` varchar(200) NOT NULL,
  `cat_status` tinyint(1) NOT NULL DEFAULT '1',
  PRIMARY KEY (`cat_id`)
) ENGINE=InnoDB AUTO_INCREMENT=7 DEFAULT CHARSET=latin1;
/*!40101 SET character_set_client = @saved_cs_client */;

--
-- Dumping data for table `prod_cat`
--

LOCK TABLES `prod_cat` WRITE;
/*!40000 ALTER TABLE `prod_cat` DISABLE KEYS */;
INSERT INTO `prod_cat` VALUES (1,'Men',1),(2,'Women',1),(3,'Kids',1),(4,'Furniture',1),(5,'Living Room',1),(6,'Dinnerware',1);
/*!40000 ALTER TABLE `prod_cat` ENABLE KEYS */;
UNLOCK TABLES;

--
-- Table structure for table `prod_cat_ref`
--

DROP TABLE IF EXISTS `prod_cat_ref`;
/*!40101 SET @saved_cs_client     = @@character_set_client */;
/*!40101 SET character_set_client = utf8 */;
CREATE TABLE `prod_cat_ref` (
  `prod_cat_ref_id` int(10) NOT NULL AUTO_INCREMENT,
  `prod_id` int(10) NOT NULL,
  `cat_id` int(10) NOT NULL,
  `prod_status` tinyint(1) NOT NULL DEFAULT '1',
  PRIMARY KEY (`prod_cat_ref_id`)
) ENGINE=InnoDB AUTO_INCREMENT=26 DEFAULT CHARSET=latin1;
/*!40101 SET character_set_client = @saved_cs_client */;

--
-- Dumping data for table `prod_cat_ref`
--

LOCK TABLES `prod_cat_ref` WRITE;
/*!40000 ALTER TABLE `prod_cat_ref` DISABLE KEYS */;
INSERT INTO `prod_cat_ref` VALUES (1,6744,2,1),(2,6745,2,1),(3,6746,2,1),(4,6747,2,1),(5,6748,2,1),(6,6749,1,1),(7,6750,1,1),(8,6751,1,1),(9,6752,1,1),(10,6753,1,1),(11,6754,3,1),(12,6755,3,1),(13,6756,3,1),(14,6757,3,1),(15,6758,3,1),(16,6759,5,1),(17,6760,5,1),(18,6761,5,1),(19,6762,5,1),(20,6763,5,1),(21,6764,6,1),(22,6765,6,1),(23,6766,6,1),(24,6767,6,1),(25,6768,6,1);
/*!40000 ALTER TABLE `prod_cat_ref` ENABLE KEYS */;
UNLOCK TABLES;

--
-- Table structure for table `prod_tags`
--

DROP TABLE IF EXISTS `prod_tags`;
/*!40101 SET @saved_cs_client     = @@character_set_client */;
/*!40101 SET character_set_client = utf8 */;
CREATE TABLE `prod_tags` (
  `prod_tag_id` int(10) NOT NULL AUTO_INCREMENT,
  `prod_id` int(10) NOT NULL,
  `prod_tag_name` varchar(256) DEFAULT NULL,
  PRIMARY KEY (`prod_tag_id`),
  FULLTEXT KEY `prod_tag_name` (`prod_tag_name`)
) ENGINE=MyISAM DEFAULT CHARSET=latin1;
/*!40101 SET character_set_client = @saved_cs_client */;

--
-- Dumping data for table `prod_tags`
--

LOCK TABLES `prod_tags` WRITE;
/*!40000 ALTER TABLE `prod_tags` DISABLE KEYS */;
/*!40000 ALTER TABLE `prod_tags` ENABLE KEYS */;
UNLOCK TABLES;

--
-- Table structure for table `shipping_methods`
--

DROP TABLE IF EXISTS `shipping_methods`;
/*!40101 SET @saved_cs_client     = @@character_set_client */;
/*!40101 SET character_set_client = utf8 */;
CREATE TABLE `shipping_methods` (
  `ship_method_id` int(10) NOT NULL AUTO_INCREMENT,
  `ship_method_name` varchar(256) NOT NULL,
  `ship_method_details` varchar(256) NOT NULL,
  `ship_method_rate` varchar(100) NOT NULL,
  PRIMARY KEY (`ship_method_id`)
) ENGINE=InnoDB AUTO_INCREMENT=2 DEFAULT CHARSET=latin1;
/*!40101 SET character_set_client = @saved_cs_client */;

--
-- Dumping data for table `shipping_methods`
--

LOCK TABLES `shipping_methods` WRITE;
/*!40000 ALTER TABLE `shipping_methods` DISABLE KEYS */;
INSERT INTO `shipping_methods` VALUES (1,'General Shipping','5-6 Business Days','{\"A\":0.00}');
/*!40000 ALTER TABLE `shipping_methods` ENABLE KEYS */;
UNLOCK TABLES;
/*!40103 SET TIME_ZONE=@OLD_TIME_ZONE */;

/*!40101 SET SQL_MODE=@OLD_SQL_MODE */;
/*!40014 SET FOREIGN_KEY_CHECKS=@OLD_FOREIGN_KEY_CHECKS */;
/*!40014 SET UNIQUE_CHECKS=@OLD_UNIQUE_CHECKS */;
/*!40101 SET CHARACTER_SET_CLIENT=@OLD_CHARACTER_SET_CLIENT */;
/*!40101 SET CHARACTER_SET_RESULTS=@OLD_CHARACTER_SET_RESULTS */;
/*!40101 SET COLLATION_CONNECTION=@OLD_COLLATION_CONNECTION */;
/*!40111 SET SQL_NOTES=@OLD_SQL_NOTES */;

-- Dump completed on 2015-09-11  3:07:08
